2026-02-23 12:54:59,169 - httpx - INFO - HTTP Request: POST https://api.stratz.com/graphql "HTTP/1.1 429 Too Many Requests"
2026-02-23 12:54:59,173 - root - WARNING - Retry attempt 1 after error: "No data in result, probably rate limit exceeded: {'message': 'API rate limit exceeded'}"
2026-02-23 12:55:29,605 - httpx - INFO - HTTP Request: POST https://api.stratz.com/graphql "HTTP/1.1 429 Too Many Requests"
2026-02-23 12:55:29,607 - root - WARNING - Retry attempt 2 after error: "No data in result, probably rate limit exceeded: {'message': 'API rate limit exceeded'}"
2026-02-23 12:57:50,594 - root - INFO - Processing 8183642521 (1/1)
2026-02-23 12:57:51,135 - httpx - INFO - HTTP Request: POST https://api.stratz.com/graphql "HTTP/1.1 429 Too Many Requests"
2026-02-23 12:57:51,138 - root - WARNING - Retry attempt 1 after error: "No data in result, probably rate limit exceeded: {'message': 'API rate limit exceeded'}"
2026-02-23 13:22:16,161 - root - WARNING - Retry attempt 1 after error: 
2026-02-23 13:25:29,386 - httpx - INFO - HTTP Request: POST https://api.stratz.com/graphql "HTTP/1.1 200 OK"
2026-02-23 13:25:29,863 - httpx - INFO - HTTP Request: POST https://api.stratz.com/graphql "HTTP/1.1 200 OK"
2026-02-23 13:25:30,303 - httpx - INFO - HTTP Request: POST https://api.stratz.com/graphql "HTTP/1.1 200 OK"
2026-02-23 13:25:31,088 - httpx - INFO - HTTP Request: POST https://api.stratz.com/graphql "HTTP/1.1 200 OK"
2026-02-23 13:25:31,520 - httpx - INFO - HTTP Request: POST https://api.stratz.com/graphql "HTTP/1.1 200 OK"
2026-02-23 13:25:31,944 - httpx - INFO - HTTP Request: POST https://api.stratz.com/graphql "HTTP/1.1 200 OK"
2026-02-23 13:25:32,372 - httpx - INFO - HTTP Request: POST https://api.stratz.com/graphql "HTTP/1.1 200 OK"
2026-02-23 13:25:32,784 - httpx - INFO - HTTP Request: POST https://api.stratz.com/graphql "HTTP/1.1 200 OK"
2026-02-23 13:25:33,430 - httpx - INFO - HTTP Request: POST https://api.stratz.com/graphql "HTTP/1.1 200 OK"
2026-02-23 13:25:33,884 - httpx - INFO - HTTP Request: POST https://api.stratz.com/graphql "HTTP/1.1 200 OK"
2026-02-23 13:25:34,311 - httpx - INFO - HTTP Request: POST https://api.stratz.com/graphql "HTTP/1.1 200 OK"
2026-02-23 13:25:34,774 - httpx - INFO - HTTP Request: POST https://api.stratz.com/graphql "HTTP/1.1 200 OK"
2026-02-23 13:25:35,213 - httpx - INFO - HTTP Request: POST https://api.stratz.com/graphql "HTTP/1.1 200 OK"
2026-02-23 13:25:35,659 - httpx - INFO - HTTP Request: POST https://api.stratz.com/graphql "HTTP/1.1 200 OK"
2026-02-23 13:25:36,098 - httpx - INFO - HTTP Request: POST https://api.stratz.com/graphql "HTTP/1.1 200 OK"
2026-02-23 13:25:36,563 - httpx - INFO - HTTP Request: POST https://api.stratz.com/graphql "HTTP/1.1 200 OK"
2026-02-23 13:25:36,992 - httpx - INFO - HTTP Request: POST https://api.stratz.com/graphql "HTTP/1.1 200 OK"
2026-02-23 13:25:37,458 - httpx - INFO - HTTP Request: POST https://api.stratz.com/graphql "HTTP/1.1 200 OK"
2026-02-23 13:25:37,905 - httpx - INFO - HTTP Request: POST https://api.stratz.com/graphql "HTTP/1.1 200 OK"
2026-02-23 13:25:38,330 - httpx - INFO - HTTP Request: POST https://api.stratz.com/graphql "HTTP/1.1 200 OK"
2026-02-23 13:25:38,753 - httpx - INFO - HTTP Request: POST https://api.stratz.com/graphql "HTTP/1.1 200 OK"
2026-02-23 13:25:39,226 - httpx - INFO - HTTP Request: POST https://api.stratz.com/graphql "HTTP/1.1 200 OK"
2026-02-23 13:25:39,652 - httpx - INFO - HTTP Request: POST https://api.stratz.com/graphql "HTTP/1.1 200 OK"
2026-02-23 13:25:40,101 - httpx - INFO - HTTP Request: POST https://api.stratz.com/graphql "HTTP/1.1 200 OK"
2026-02-23 13:25:40,554 - httpx - INFO - HTTP Request: POST https://api.stratz.com/graphql "HTTP/1.1 200 OK"
2026-02-23 13:25:40,972 - httpx - INFO - HTTP Request: POST https://api.stratz.com/graphql "HTTP/1.1 200 OK"
2026-02-23 13:25:41,407 - httpx - INFO - HTTP Request: POST https://api.stratz.com/graphql "HTTP/1.1 200 OK"
2026-02-23 13:25:41,842 - httpx - INFO - HTTP Request: POST https://api.stratz.com/graphql "HTTP/1.1 200 OK"
2026-02-23 13:25:42,278 - httpx - INFO - HTTP Request: POST https://api.stratz.com/graphql "HTTP/1.1 200 OK"
2026-02-23 13:25:42,725 - httpx - INFO - HTTP Request: POST https://api.stratz.com/graphql "HTTP/1.1 200 OK"
2026-02-23 13:25:43,213 - httpx - INFO - HTTP Request: POST https://api.stratz.com/graphql "HTTP/1.1 200 OK"
2026-02-23 13:25:43,629 - httpx - INFO - HTTP Request: POST https://api.stratz.com/graphql "HTTP/1.1 200 OK"
2026-02-23 13:25:44,094 - httpx - INFO - HTTP Request: POST https://api.stratz.com/graphql "HTTP/1.1 200 OK"
2026-02-23 13:25:44,512 - httpx - INFO - HTTP Request: POST https://api.stratz.com/graphql "HTTP/1.1 200 OK"
2026-02-23 13:25:44,936 - httpx - INFO - HTTP Request: POST https://api.stratz.com/graphql "HTTP/1.1 200 OK"
2026-02-23 13:25:45,371 - httpx - INFO - HTTP Request: POST https://api.stratz.com/graphql "HTTP/1.1 200 OK"
2026-02-23 13:25:45,801 - httpx - INFO - HTTP Request: POST https://api.stratz.com/graphql "HTTP/1.1 200 OK"
2026-02-23 13:25:46,215 - httpx - INFO - HTTP Request: POST https://api.stratz.com/graphql "HTTP/1.1 200 OK"
2026-02-23 13:25:46,646 - httpx - INFO - HTTP Request: POST https://api.stratz.com/graphql "HTTP/1.1 200 OK"
2026-02-23 13:25:47,097 - httpx - INFO - HTTP Request: POST https://api.stratz.com/graphql "HTTP/1.1 200 OK"
2026-02-23 13:25:47,507 - httpx - INFO - HTTP Request: POST https://api.stratz.com/graphql "HTTP/1.1 200 OK"
2026-02-23 13:25:47,936 - httpx - INFO - HTTP Request: POST https://api.stratz.com/graphql "HTTP/1.1 200 OK"
2026-02-23 13:25:48,367 - httpx - INFO - HTTP Request: POST https://api.stratz.com/graphql "HTTP/1.1 200 OK"
2026-02-23 13:25:48,822 - httpx - INFO - HTTP Request: POST https://api.stratz.com/graphql "HTTP/1.1 200 OK"
2026-02-23 13:25:49,263 - httpx - INFO - HTTP Request: POST https://api.stratz.com/graphql "HTTP/1.1 200 OK"
2026-02-23 13:25:49,673 - httpx - INFO - HTTP Request: POST https://api.stratz.com/graphql "HTTP/1.1 200 OK"
2026-02-23 13:25:50,190 - httpx - INFO - HTTP Request: POST https://api.stratz.com/graphql "HTTP/1.1 200 OK"
2026-02-23 13:25:50,605 - httpx - INFO - HTTP Request: POST https://api.stratz.com/graphql "HTTP/1.1 200 OK"
2026-02-23 13:25:51,060 - httpx - INFO - HTTP Request: POST https://api.stratz.com/graphql "HTTP/1.1 200 OK"
2026-02-23 13:25:51,544 - httpx - INFO - HTTP Request: POST https://api.stratz.com/graphql "HTTP/1.1 200 OK"
2026-02-23 13:25:51,985 - httpx - INFO - HTTP Request: POST https://api.stratz.com/graphql "HTTP/1.1 200 OK"
2026-02-23 13:25:52,506 - httpx - INFO - HTTP Request: POST https://api.stratz.com/graphql "HTTP/1.1 200 OK"
2026-02-23 13:25:52,918 - httpx - INFO - HTTP Request: POST https://api.stratz.com/graphql "HTTP/1.1 200 OK"
2026-02-23 13:25:53,346 - httpx - INFO - HTTP Request: POST https://api.stratz.com/graphql "HTTP/1.1 200 OK"
2026-02-23 13:25:53,806 - httpx - INFO - HTTP Request: POST https://api.stratz.com/graphql "HTTP/1.1 200 OK"
2026-02-23 13:25:54,216 - httpx - INFO - HTTP Request: POST https://api.stratz.com/graphql "HTTP/1.1 200 OK"
2026-02-23 13:25:54,656 - httpx - INFO - HTTP Request: POST https://api.stratz.com/graphql "HTTP/1.1 200 OK"
2026-02-23 13:25:55,080 - httpx - INFO - HTTP Request: POST https://api.stratz.com/graphql "HTTP/1.1 200 OK"
2026-02-23 13:25:55,500 - httpx - INFO - HTTP Request: POST https://api.stratz.com/graphql "HTTP/1.1 200 OK"
2026-02-23 13:25:55,972 - httpx - INFO - HTTP Request: POST https://api.stratz.com/graphql "HTTP/1.1 200 OK"
2026-02-23 13:25:56,505 - httpx - INFO - HTTP Request: POST https://api.stratz.com/graphql "HTTP/1.1 200 OK"
2026-02-23 13:25:56,972 - httpx - INFO - HTTP Request: POST https://api.stratz.com/graphql "HTTP/1.1 200 OK"
2026-02-23 13:25:57,400 - httpx - INFO - HTTP Request: POST https://api.stratz.com/graphql "HTTP/1.1 200 OK"
2026-02-23 13:25:57,829 - httpx - INFO - HTTP Request: POST https://api.stratz.com/graphql "HTTP/1.1 200 OK"
2026-02-23 13:25:58,260 - httpx - INFO - HTTP Request: POST https://api.stratz.com/graphql "HTTP/1.1 200 OK"
2026-02-23 13:25:58,693 - httpx - INFO - HTTP Request: POST https://api.stratz.com/graphql "HTTP/1.1 200 OK"
2026-02-23 13:25:59,117 - httpx - INFO - HTTP Request: POST https://api.stratz.com/graphql "HTTP/1.1 200 OK"
2026-02-23 13:25:59,638 - httpx - INFO - HTTP Request: POST https://api.stratz.com/graphql "HTTP/1.1 200 OK"
2026-02-23 13:26:00,055 - httpx - INFO - HTTP Request: POST https://api.stratz.com/graphql "HTTP/1.1 200 OK"
2026-02-23 13:26:00,486 - httpx - INFO - HTTP Request: POST https://api.stratz.com/graphql "HTTP/1.1 200 OK"
2026-02-23 13:26:00,909 - httpx - INFO - HTTP Request: POST https://api.stratz.com/graphql "HTTP/1.1 200 OK"
2026-02-23 13:26:01,356 - httpx - INFO - HTTP Request: POST https://api.stratz.com/graphql "HTTP/1.1 200 OK"
2026-02-23 13:26:01,789 - httpx - INFO - HTTP Request: POST https://api.stratz.com/graphql "HTTP/1.1 200 OK"
2026-02-23 13:26:02,406 - httpx - INFO - HTTP Request: POST https://api.stratz.com/graphql "HTTP/1.1 200 OK"
2026-02-23 13:26:02,927 - httpx - INFO - HTTP Request: POST https://api.stratz.com/graphql "HTTP/1.1 200 OK"
2026-02-23 13:26:03,513 - httpx - INFO - HTTP Request: POST https://api.stratz.com/graphql "HTTP/1.1 200 OK"
2026-02-23 13:26:04,012 - httpx - INFO - HTTP Request: POST https://api.stratz.com/graphql "HTTP/1.1 200 OK"
2026-02-23 13:26:04,478 - httpx - INFO - HTTP Request: POST https://api.stratz.com/graphql "HTTP/1.1 200 OK"
2026-02-23 13:26:04,940 - httpx - INFO - HTTP Request: POST https://api.stratz.com/graphql "HTTP/1.1 200 OK"
2026-02-23 13:26:05,527 - httpx - INFO - HTTP Request: POST https://api.stratz.com/graphql "HTTP/1.1 200 OK"
2026-02-23 13:26:06,077 - httpx - INFO - HTTP Request: POST https://api.stratz.com/graphql "HTTP/1.1 200 OK"
2026-02-23 13:26:06,647 - httpx - INFO - HTTP Request: POST https://api.stratz.com/graphql "HTTP/1.1 200 OK"
2026-02-23 13:26:07,125 - httpx - INFO - HTTP Request: POST https://api.stratz.com/graphql "HTTP/1.1 200 OK"
2026-02-23 13:26:07,556 - httpx - INFO - HTTP Request: POST https://api.stratz.com/graphql "HTTP/1.1 200 OK"
2026-02-23 13:26:08,069 - httpx - INFO - HTTP Request: POST https://api.stratz.com/graphql "HTTP/1.1 200 OK"
2026-02-23 13:26:08,564 - httpx - INFO - HTTP Request: POST https://api.stratz.com/graphql "HTTP/1.1 200 OK"
2026-02-23 13:26:09,045 - httpx - INFO - HTTP Request: POST https://api.stratz.com/graphql "HTTP/1.1 200 OK"
2026-02-23 13:26:09,521 - httpx - INFO - HTTP Request: POST https://api.stratz.com/graphql "HTTP/1.1 200 OK"
2026-02-23 13:26:10,084 - httpx - INFO - HTTP Request: POST https://api.stratz.com/graphql "HTTP/1.1 200 OK"
2026-02-23 13:26:10,532 - httpx - INFO - HTTP Request: POST https://api.stratz.com/graphql "HTTP/1.1 200 OK"
2026-02-23 13:26:11,022 - httpx - INFO - HTTP Request: POST https://api.stratz.com/graphql "HTTP/1.1 200 OK"
2026-02-23 13:26:11,543 - httpx - INFO - HTTP Request: POST https://api.stratz.com/graphql "HTTP/1.1 200 OK"
2026-02-23 13:26:12,040 - httpx - INFO - HTTP Request: POST https://api.stratz.com/graphql "HTTP/1.1 200 OK"
2026-02-23 13:26:12,505 - httpx - INFO - HTTP Request: POST https://api.stratz.com/graphql "HTTP/1.1 200 OK"
2026-02-23 13:26:13,021 - httpx - INFO - HTTP Request: POST https://api.stratz.com/graphql "HTTP/1.1 200 OK"
2026-02-23 13:26:13,536 - httpx - INFO - HTTP Request: POST https://api.stratz.com/graphql "HTTP/1.1 200 OK"
2026-02-23 13:26:14,018 - httpx - INFO - HTTP Request: POST https://api.stratz.com/graphql "HTTP/1.1 200 OK"
2026-02-23 13:26:14,539 - httpx - INFO - HTTP Request: POST https://api.stratz.com/graphql "HTTP/1.1 200 OK"
2026-02-23 13:26:14,988 - httpx - INFO - HTTP Request: POST https://api.stratz.com/graphql "HTTP/1.1 200 OK"
2026-02-23 13:26:15,487 - httpx - INFO - HTTP Request: POST https://api.stratz.com/graphql "HTTP/1.1 200 OK"
2026-02-23 13:26:16,015 - httpx - INFO - HTTP Request: POST https://api.stratz.com/graphql "HTTP/1.1 200 OK"
2026-02-23 13:26:16,458 - httpx - INFO - HTTP Request: POST https://api.stratz.com/graphql "HTTP/1.1 200 OK"
2026-02-23 13:26:16,923 - httpx - INFO - HTTP Request: POST https://api.stratz.com/graphql "HTTP/1.1 200 OK"
2026-02-23 13:26:17,439 - httpx - INFO - HTTP Request: POST https://api.stratz.com/graphql "HTTP/1.1 200 OK"
2026-02-23 13:26:17,885 - httpx - INFO - HTTP Request: POST https://api.stratz.com/graphql "HTTP/1.1 200 OK"
2026-02-23 13:26:18,351 - httpx - INFO - HTTP Request: POST https://api.stratz.com/graphql "HTTP/1.1 200 OK"
2026-02-23 13:26:18,795 - httpx - INFO - HTTP Request: POST https://api.stratz.com/graphql "HTTP/1.1 200 OK"
2026-02-23 13:26:19,317 - httpx - INFO - HTTP Request: POST https://api.stratz.com/graphql "HTTP/1.1 200 OK"
2026-02-23 13:26:19,853 - httpx - INFO - HTTP Request: POST https://api.stratz.com/graphql "HTTP/1.1 200 OK"
2026-02-23 13:26:20,344 - httpx - INFO - HTTP Request: POST https://api.stratz.com/graphql "HTTP/1.1 200 OK"
2026-02-23 13:26:20,813 - httpx - INFO - HTTP Request: POST https://api.stratz.com/graphql "HTTP/1.1 200 OK"
2026-02-23 13:26:21,335 - root - INFO - Processing 6158170178 (1/4058)
2026-02-23 13:26:21,787 - httpx - INFO - HTTP Request: POST https://api.stratz.com/graphql "HTTP/1.1 200 OK"
2026-02-23 13:26:21,789 - root - INFO - Processing 6158081326 (2/4058)
2026-02-23 13:26:22,329 - httpx - INFO - HTTP Request: POST https://api.stratz.com/graphql "HTTP/1.1 200 OK"
2026-02-23 13:26:22,330 - root - INFO - Processing 6158010330 (3/4058)
2026-02-23 13:26:22,804 - httpx - INFO - HTTP Request: POST https://api.stratz.com/graphql "HTTP/1.1 200 OK"
2026-02-23 13:26:22,805 - root - INFO - Processing 6157905423 (4/4058)
2026-02-23 13:26:23,482 - httpx - INFO - HTTP Request: POST https://api.stratz.com/graphql "HTTP/1.1 200 OK"
2026-02-23 13:26:23,483 - root - INFO - Processing 6157810302 (5/4058)
2026-02-23 13:26:24,051 - httpx - INFO - HTTP Request: POST https://api.stratz.com/graphql "HTTP/1.1 200 OK"
2026-02-23 13:26:24,052 - root - INFO - Processing 6157638906 (6/4058)
2026-02-23 13:26:24,592 - httpx - INFO - HTTP Request: POST https://api.stratz.com/graphql "HTTP/1.1 200 OK"
2026-02-23 13:26:24,594 - root - INFO - Processing 6157557980 (7/4058)
2026-02-23 13:26:25,199 - httpx - INFO - HTTP Request: POST https://api.stratz.com/graphql "HTTP/1.1 200 OK"
2026-02-23 13:26:25,200 - root - INFO - Processing 6157433167 (8/4058)
2026-02-23 13:26:25,809 - httpx - INFO - HTTP Request: POST https://api.stratz.com/graphql "HTTP/1.1 200 OK"
2026-02-23 13:26:25,810 - root - INFO - Processing 6156510875 (9/4058)
2026-02-23 13:26:26,307 - httpx - INFO - HTTP Request: POST https://api.stratz.com/graphql "HTTP/1.1 200 OK"
2026-02-23 13:26:26,309 - root - INFO - Processing 6156443804 (10/4058)
2026-02-23 13:26:26,904 - httpx - INFO - HTTP Request: POST https://api.stratz.com/graphql "HTTP/1.1 200 OK"
2026-02-23 13:26:26,905 - root - INFO - Processing 6156352752 (11/4058)
2026-02-23 13:26:27,426 - httpx - INFO - HTTP Request: POST https://api.stratz.com/graphql "HTTP/1.1 200 OK"
2026-02-23 13:26:27,427 - root - INFO - Processing 6156190097 (12/4058)
2026-02-23 13:26:27,921 - httpx - INFO - HTTP Request: POST https://api.stratz.com/graphql "HTTP/1.1 200 OK"
2026-02-23 13:26:27,923 - root - INFO - Processing 6156066114 (13/4058)
2026-02-23 13:26:28,410 - httpx - INFO - HTTP Request: POST https://api.stratz.com/graphql "HTTP/1.1 200 OK"
2026-02-23 13:26:28,411 - root - INFO - Processing 6155875492 (14/4058)
2026-02-23 13:26:28,867 - httpx - INFO - HTTP Request: POST https://api.stratz.com/graphql "HTTP/1.1 200 OK"
2026-02-23 13:26:28,868 - root - INFO - Processing 6155765447 (15/4058)
2026-02-23 13:26:29,356 - httpx - INFO - HTTP Request: POST https://api.stratz.com/graphql "HTTP/1.1 200 OK"
2026-02-23 13:26:29,360 - root - INFO - Processing 6154941567 (16/4058)
2026-02-23 13:26:29,890 - httpx - INFO - HTTP Request: POST https://api.stratz.com/graphql "HTTP/1.1 200 OK"
2026-02-23 13:26:29,891 - root - INFO - Processing 6154881115 (17/4058)
2026-02-23 13:26:30,392 - httpx - INFO - HTTP Request: POST https://api.stratz.com/graphql "HTTP/1.1 200 OK"
2026-02-23 13:26:30,394 - root - INFO - Processing 6154786603 (18/4058)
2026-02-23 13:26:30,906 - httpx - INFO - HTTP Request: POST https://api.stratz.com/graphql "HTTP/1.1 200 OK"
2026-02-23 13:26:30,907 - root - INFO - Processing 6154675285 (19/4058)
2026-02-23 13:26:31,556 - httpx - INFO - HTTP Request: POST https://api.stratz.com/graphql "HTTP/1.1 200 OK"
2026-02-23 13:26:31,559 - root - INFO - Processing 6154570036 (20/4058)
2026-02-23 13:26:32,209 - httpx - INFO - HTTP Request: POST https://api.stratz.com/graphql "HTTP/1.1 200 OK"
2026-02-23 13:26:32,210 - root - INFO - Processing 6154455603 (21/4058)
2026-02-23 13:26:32,805 - httpx - INFO - HTTP Request: POST https://api.stratz.com/graphql "HTTP/1.1 200 OK"
2026-02-23 13:26:32,806 - root - INFO - Processing 6154267880 (22/4058)
2026-02-23 13:26:33,346 - httpx - INFO - HTTP Request: POST https://api.stratz.com/graphql "HTTP/1.1 200 OK"
2026-02-23 13:26:33,348 - root - INFO - Processing 6154175643 (23/4058)
2026-02-23 13:26:33,955 - httpx - INFO - HTTP Request: POST https://api.stratz.com/graphql "HTTP/1.1 200 OK"
2026-02-23 13:26:33,956 - root - INFO - Processing 6153361873 (24/4058)
2026-02-23 13:26:34,494 - httpx - INFO - HTTP Request: POST https://api.stratz.com/graphql "HTTP/1.1 200 OK"
2026-02-23 13:26:34,496 - root - INFO - Processing 6153272077 (25/4058)
2026-02-23 13:26:35,036 - httpx - INFO - HTTP Request: POST https://api.stratz.com/graphql "HTTP/1.1 200 OK"
2026-02-23 13:26:35,038 - root - INFO - Processing 6153147424 (26/4058)
2026-02-23 13:26:35,532 - httpx - INFO - HTTP Request: POST https://api.stratz.com/graphql "HTTP/1.1 200 OK"
2026-02-23 13:26:35,533 - root - INFO - Processing 6153016177 (27/4058)
2026-02-23 13:26:35,980 - httpx - INFO - HTTP Request: POST https://api.stratz.com/graphql "HTTP/1.1 200 OK"
2026-02-23 13:26:35,981 - root - INFO - Processing 6150588640 (28/4058)
2026-02-23 13:26:36,498 - httpx - INFO - HTTP Request: POST https://api.stratz.com/graphql "HTTP/1.1 200 OK"
2026-02-23 13:26:36,499 - root - INFO - Processing 6150559260 (29/4058)
2026-02-23 13:26:36,960 - httpx - INFO - HTTP Request: POST https://api.stratz.com/graphql "HTTP/1.1 200 OK"
2026-02-23 13:26:36,962 - root - INFO - Processing 6150552171 (30/4058)
2026-02-23 13:26:37,552 - httpx - INFO - HTTP Request: POST https://api.stratz.com/graphql "HTTP/1.1 200 OK"
2026-02-23 13:26:37,553 - root - INFO - Processing 6150477633 (31/4058)
2026-02-23 13:26:38,124 - httpx - INFO - HTTP Request: POST https://api.stratz.com/graphql "HTTP/1.1 200 OK"
2026-02-23 13:26:38,125 - root - INFO - Processing 6150473355 (32/4058)
2026-02-23 13:26:38,625 - httpx - INFO - HTTP Request: POST https://api.stratz.com/graphql "HTTP/1.1 200 OK"
2026-02-23 13:26:38,626 - root - INFO - Processing 6150472739 (33/4058)
2026-02-23 13:26:39,159 - httpx - INFO - HTTP Request: POST https://api.stratz.com/graphql "HTTP/1.1 200 OK"
2026-02-23 13:26:39,160 - root - INFO - Processing 6150380998 (34/4058)
2026-02-23 13:26:39,862 - httpx - INFO - HTTP Request: POST https://api.stratz.com/graphql "HTTP/1.1 200 OK"
2026-02-23 13:26:39,863 - root - INFO - Processing 6150377233 (35/4058)
2026-02-23 13:26:40,470 - httpx - INFO - HTTP Request: POST https://api.stratz.com/graphql "HTTP/1.1 200 OK"
2026-02-23 13:26:40,472 - root - INFO - Processing 6150376434 (36/4058)
2026-02-23 13:26:41,066 - httpx - INFO - HTTP Request: POST https://api.stratz.com/graphql "HTTP/1.1 200 OK"
2026-02-23 13:26:41,070 - root - INFO - Processing 6150275324 (37/4058)
2026-02-23 13:26:41,603 - httpx - INFO - HTTP Request: POST https://api.stratz.com/graphql "HTTP/1.1 200 OK"
2026-02-23 13:26:41,605 - root - INFO - Processing 6150272572 (38/4058)
2026-02-23 13:26:42,073 - httpx - INFO - HTTP Request: POST https://api.stratz.com/graphql "HTTP/1.1 200 OK"
2026-02-23 13:26:42,075 - root - INFO - Processing 6150272426 (39/4058)
2026-02-23 13:26:42,647 - httpx - INFO - HTTP Request: POST https://api.stratz.com/graphql "HTTP/1.1 200 OK"
2026-02-23 13:26:42,648 - root - INFO - Processing 6149140000 (40/4058)
2026-02-23 13:26:43,093 - httpx - INFO - HTTP Request: POST https://api.stratz.com/graphql "HTTP/1.1 200 OK"
2026-02-23 13:26:43,097 - root - INFO - Processing 6149120811 (41/4058)
2026-02-23 13:26:43,623 - httpx - INFO - HTTP Request: POST https://api.stratz.com/graphql "HTTP/1.1 200 OK"
2026-02-23 13:26:43,624 - root - INFO - Processing 6149030060 (42/4058)
2026-02-23 13:26:44,178 - httpx - INFO - HTTP Request: POST https://api.stratz.com/graphql "HTTP/1.1 200 OK"
2026-02-23 13:26:44,179 - root - INFO - Processing 6149023944 (43/4058)
2026-02-23 13:26:44,629 - httpx - INFO - HTTP Request: POST https://api.stratz.com/graphql "HTTP/1.1 200 OK"
2026-02-23 13:26:44,634 - root - INFO - Processing 6148949678 (44/4058)
2026-02-23 13:26:45,136 - httpx - INFO - HTTP Request: POST https://api.stratz.com/graphql "HTTP/1.1 200 OK"
2026-02-23 13:26:45,150 - root - INFO - Processing 6148933083 (45/4058)
2026-02-23 13:26:45,667 - httpx - INFO - HTTP Request: POST https://api.stratz.com/graphql "HTTP/1.1 200 OK"
2026-02-23 13:26:45,668 - root - INFO - Processing 6148850390 (46/4058)
2026-02-23 13:26:46,187 - httpx - INFO - HTTP Request: POST https://api.stratz.com/graphql "HTTP/1.1 200 OK"
2026-02-23 13:26:46,188 - root - INFO - Processing 6148833675 (47/4058)
2026-02-23 13:26:46,698 - httpx - INFO - HTTP Request: POST https://api.stratz.com/graphql "HTTP/1.1 200 OK"
2026-02-23 13:26:46,699 - root - INFO - Processing 6148733792 (48/4058)
2026-02-23 13:26:47,180 - httpx - INFO - HTTP Request: POST https://api.stratz.com/graphql "HTTP/1.1 200 OK"
2026-02-23 13:26:47,181 - root - INFO - Processing 6148723970 (49/4058)
2026-02-23 13:26:47,670 - httpx - INFO - HTTP Request: POST https://api.stratz.com/graphql "HTTP/1.1 200 OK"
2026-02-23 13:26:47,672 - root - INFO - Processing 6148592556 (50/4058)
2026-02-23 13:26:48,193 - httpx - INFO - HTTP Request: POST https://api.stratz.com/graphql "HTTP/1.1 200 OK"
2026-02-23 13:26:48,194 - root - INFO - Processing 6148588387 (51/4058)
2026-02-23 13:26:48,650 - httpx - INFO - HTTP Request: POST https://api.stratz.com/graphql "HTTP/1.1 200 OK"
2026-02-23 13:26:48,652 - root - INFO - Processing 6148475470 (52/4058)
2026-02-23 13:26:49,123 - httpx - INFO - HTTP Request: POST https://api.stratz.com/graphql "HTTP/1.1 200 OK"
2026-02-23 13:26:49,125 - root - INFO - Processing 6148475456 (53/4058)
2026-02-23 13:26:49,584 - httpx - INFO - HTTP Request: POST https://api.stratz.com/graphql "HTTP/1.1 200 OK"
2026-02-23 13:26:49,585 - root - INFO - Processing 6148393500 (54/4058)
2026-02-23 13:26:50,032 - httpx - INFO - HTTP Request: POST https://api.stratz.com/graphql "HTTP/1.1 200 OK"
2026-02-23 13:26:50,033 - root - INFO - Processing 6148390021 (55/4058)
2026-02-23 13:26:50,597 - httpx - INFO - HTTP Request: POST https://api.stratz.com/graphql "HTTP/1.1 200 OK"
2026-02-23 13:26:50,598 - root - INFO - Processing 6147689088 (56/4058)
2026-02-23 13:26:51,173 - httpx - INFO - HTTP Request: POST https://api.stratz.com/graphql "HTTP/1.1 200 OK"
2026-02-23 13:26:51,175 - root - INFO - Processing 6147683456 (57/4058)
2026-02-23 13:26:51,660 - httpx - INFO - HTTP Request: POST https://api.stratz.com/graphql "HTTP/1.1 200 OK"
2026-02-23 13:26:51,660 - root - INFO - Processing 6147597474 (58/4058)
2026-02-23 13:26:52,186 - httpx - INFO - HTTP Request: POST https://api.stratz.com/graphql "HTTP/1.1 200 OK"
2026-02-23 13:26:52,187 - root - INFO - Processing 6147594084 (59/4058)
2026-02-23 13:26:52,681 - httpx - INFO - HTTP Request: POST https://api.stratz.com/graphql "HTTP/1.1 200 OK"
2026-02-23 13:26:52,682 - root - INFO - Processing 6147522882 (60/4058)
2026-02-23 13:26:53,134 - httpx - INFO - HTTP Request: POST https://api.stratz.com/graphql "HTTP/1.1 200 OK"
2026-02-23 13:26:53,135 - root - INFO - Processing 6147487920 (61/4058)
2026-02-23 13:26:53,622 - httpx - INFO - HTTP Request: POST https://api.stratz.com/graphql "HTTP/1.1 200 OK"
2026-02-23 13:26:53,623 - root - INFO - Processing 6147410481 (62/4058)
2026-02-23 13:26:54,177 - httpx - INFO - HTTP Request: POST https://api.stratz.com/graphql "HTTP/1.1 200 OK"
2026-02-23 13:26:54,179 - root - INFO - Processing 6147384679 (63/4058)
2026-02-23 13:26:54,784 - httpx - INFO - HTTP Request: POST https://api.stratz.com/graphql "HTTP/1.1 200 OK"
2026-02-23 13:26:54,785 - root - INFO - Processing 6147274338 (64/4058)
2026-02-23 13:26:55,250 - httpx - INFO - HTTP Request: POST https://api.stratz.com/graphql "HTTP/1.1 200 OK"
2026-02-23 13:26:55,254 - root - INFO - Processing 6147266320 (65/4058)
2026-02-23 13:26:55,809 - httpx - INFO - HTTP Request: POST https://api.stratz.com/graphql "HTTP/1.1 200 OK"
2026-02-23 13:26:55,810 - root - INFO - Processing 6147149348 (66/4058)
2026-02-23 13:26:56,253 - httpx - INFO - HTTP Request: POST https://api.stratz.com/graphql "HTTP/1.1 200 OK"
2026-02-23 13:26:56,268 - root - INFO - Processing 6147123665 (67/4058)
2026-02-23 13:26:56,744 - httpx - INFO - HTTP Request: POST https://api.stratz.com/graphql "HTTP/1.1 200 OK"
2026-02-23 13:26:56,745 - root - INFO - Processing 6147009140 (68/4058)
2026-02-23 13:26:57,231 - httpx - INFO - HTTP Request: POST https://api.stratz.com/graphql "HTTP/1.1 200 OK"
2026-02-23 13:26:57,232 - root - INFO - Processing 6147005110 (69/4058)
2026-02-23 13:26:57,712 - httpx - INFO - HTTP Request: POST https://api.stratz.com/graphql "HTTP/1.1 200 OK"
2026-02-23 13:26:57,713 - root - INFO - Processing 6146908857 (70/4058)
2026-02-23 13:26:58,168 - httpx - INFO - HTTP Request: POST https://api.stratz.com/graphql "HTTP/1.1 200 OK"
2026-02-23 13:26:58,169 - root - INFO - Processing 6146906481 (71/4058)
2026-02-23 13:26:58,738 - httpx - INFO - HTTP Request: POST https://api.stratz.com/graphql "HTTP/1.1 200 OK"
2026-02-23 13:26:58,739 - root - INFO - Processing 6146007915 (72/4058)
2026-02-23 13:26:59,206 - httpx - INFO - HTTP Request: POST https://api.stratz.com/graphql "HTTP/1.1 200 OK"
2026-02-23 13:26:59,207 - root - INFO - Processing 6146005615 (73/4058)
2026-02-23 13:26:59,730 - httpx - INFO - HTTP Request: POST https://api.stratz.com/graphql "HTTP/1.1 200 OK"
2026-02-23 13:26:59,731 - root - INFO - Processing 6145926146 (74/4058)
2026-02-23 13:27:00,246 - httpx - INFO - HTTP Request: POST https://api.stratz.com/graphql "HTTP/1.1 200 OK"
2026-02-23 13:27:00,247 - root - INFO - Processing 6145906936 (75/4058)
2026-02-23 13:27:00,756 - httpx - INFO - HTTP Request: POST https://api.stratz.com/graphql "HTTP/1.1 200 OK"
2026-02-23 13:27:00,757 - root - INFO - Processing 6145838667 (76/4058)
2026-02-23 13:27:01,241 - httpx - INFO - HTTP Request: POST https://api.stratz.com/graphql "HTTP/1.1 200 OK"
2026-02-23 13:27:01,242 - root - INFO - Processing 6145800049 (77/4058)
2026-02-23 13:27:01,769 - httpx - INFO - HTTP Request: POST https://api.stratz.com/graphql "HTTP/1.1 200 OK"
2026-02-23 13:27:01,770 - root - INFO - Processing 6145700429 (78/4058)
2026-02-23 13:27:02,272 - httpx - INFO - HTTP Request: POST https://api.stratz.com/graphql "HTTP/1.1 200 OK"
2026-02-23 13:27:02,274 - root - INFO - Processing 6145699338 (79/4058)
2026-02-23 13:27:02,797 - httpx - INFO - HTTP Request: POST https://api.stratz.com/graphql "HTTP/1.1 200 OK"
2026-02-23 13:27:02,798 - root - INFO - Processing 6145586856 (80/4058)
2026-02-23 13:27:03,327 - httpx - INFO - HTTP Request: POST https://api.stratz.com/graphql "HTTP/1.1 200 OK"
2026-02-23 13:27:03,328 - root - INFO - Processing 6145563784 (81/4058)
2026-02-23 13:27:03,801 - httpx - INFO - HTTP Request: POST https://api.stratz.com/graphql "HTTP/1.1 200 OK"
2026-02-23 13:27:03,802 - root - INFO - Processing 6145473556 (82/4058)
2026-02-23 13:27:04,296 - httpx - INFO - HTTP Request: POST https://api.stratz.com/graphql "HTTP/1.1 200 OK"
2026-02-23 13:27:04,298 - root - INFO - Processing 6145444650 (83/4058)
2026-02-23 13:27:04,914 - httpx - INFO - HTTP Request: POST https://api.stratz.com/graphql "HTTP/1.1 200 OK"
2026-02-23 13:27:04,915 - root - INFO - Processing 6145324743 (84/4058)
2026-02-23 13:27:05,481 - httpx - INFO - HTTP Request: POST https://api.stratz.com/graphql "HTTP/1.1 200 OK"
2026-02-23 13:27:05,482 - root - INFO - Processing 6145307333 (85/4058)
2026-02-23 13:27:06,039 - httpx - INFO - HTTP Request: POST https://api.stratz.com/graphql "HTTP/1.1 200 OK"
2026-02-23 13:27:06,041 - root - INFO - Processing 6145224414 (86/4058)
2026-02-23 13:27:06,715 - httpx - INFO - HTTP Request: POST https://api.stratz.com/graphql "HTTP/1.1 200 OK"
2026-02-23 13:27:06,716 - root - INFO - Processing 6145218799 (87/4058)
2026-02-23 13:27:07,357 - httpx - INFO - HTTP Request: POST https://api.stratz.com/graphql "HTTP/1.1 200 OK"
2026-02-23 13:27:07,359 - root - INFO - Processing 6131007688 (88/4058)
2026-02-23 13:27:07,947 - httpx - INFO - HTTP Request: POST https://api.stratz.com/graphql "HTTP/1.1 200 OK"
2026-02-23 13:27:07,959 - root - INFO - Processing 6130948096 (89/4058)
2026-02-23 13:27:08,476 - httpx - INFO - HTTP Request: POST https://api.stratz.com/graphql "HTTP/1.1 200 OK"
2026-02-23 13:27:08,477 - root - INFO - Processing 6130879983 (90/4058)
2026-02-23 13:27:08,940 - httpx - INFO - HTTP Request: POST https://api.stratz.com/graphql "HTTP/1.1 200 OK"
2026-02-23 13:27:08,941 - root - INFO - Processing 6130764140 (91/4058)
2026-02-23 13:27:09,466 - httpx - INFO - HTTP Request: POST https://api.stratz.com/graphql "HTTP/1.1 200 OK"
2026-02-23 13:27:09,467 - root - INFO - Processing 6130689536 (92/4058)
2026-02-23 13:27:09,963 - httpx - INFO - HTTP Request: POST https://api.stratz.com/graphql "HTTP/1.1 200 OK"
2026-02-23 13:27:09,965 - root - INFO - Processing 6130591659 (93/4058)
2026-02-23 13:27:10,455 - httpx - INFO - HTTP Request: POST https://api.stratz.com/graphql "HTTP/1.1 200 OK"
2026-02-23 13:27:10,459 - root - INFO - Processing 6129576331 (94/4058)
2026-02-23 13:27:11,011 - httpx - INFO - HTTP Request: POST https://api.stratz.com/graphql "HTTP/1.1 200 OK"
2026-02-23 13:27:11,012 - root - INFO - Processing 6129499722 (95/4058)
2026-02-23 13:27:11,497 - httpx - INFO - HTTP Request: POST https://api.stratz.com/graphql "HTTP/1.1 200 OK"
2026-02-23 13:27:11,499 - root - INFO - Processing 6129382276 (96/4058)
2026-02-23 13:27:11,984 - httpx - INFO - HTTP Request: POST https://api.stratz.com/graphql "HTTP/1.1 200 OK"
2026-02-23 13:27:11,986 - root - INFO - Processing 6129334464 (97/4058)
2026-02-23 13:27:12,489 - httpx - INFO - HTTP Request: POST https://api.stratz.com/graphql "HTTP/1.1 200 OK"
2026-02-23 13:27:12,490 - root - INFO - Processing 6129263168 (98/4058)
2026-02-23 13:27:12,934 - httpx - INFO - HTTP Request: POST https://api.stratz.com/graphql "HTTP/1.1 200 OK"
2026-02-23 13:27:12,935 - root - INFO - Processing 6129254691 (99/4058)
2026-02-23 13:27:13,417 - httpx - INFO - HTTP Request: POST https://api.stratz.com/graphql "HTTP/1.1 200 OK"
2026-02-23 13:27:13,418 - root - INFO - Processing 6129151987 (100/4058)
2026-02-23 13:27:13,963 - httpx - INFO - HTTP Request: POST https://api.stratz.com/graphql "HTTP/1.1 200 OK"
2026-02-23 13:27:13,964 - root - INFO - Processing 6129146781 (101/4058)
2026-02-23 13:27:14,564 - httpx - INFO - HTTP Request: POST https://api.stratz.com/graphql "HTTP/1.1 200 OK"
2026-02-23 13:27:14,568 - root - INFO - Processing 6128180883 (102/4058)
2026-02-23 13:27:15,011 - httpx - INFO - HTTP Request: POST https://api.stratz.com/graphql "HTTP/1.1 200 OK"
2026-02-23 13:27:15,012 - root - INFO - Processing 6128175137 (103/4058)
2026-02-23 13:27:15,575 - httpx - INFO - HTTP Request: POST https://api.stratz.com/graphql "HTTP/1.1 200 OK"
2026-02-23 13:27:15,577 - root - INFO - Processing 6128151156 (104/4058)
2026-02-23 13:27:16,079 - httpx - INFO - HTTP Request: POST https://api.stratz.com/graphql "HTTP/1.1 200 OK"
2026-02-23 13:27:16,079 - root - INFO - Processing 6128130772 (105/4058)
2026-02-23 13:27:16,575 - httpx - INFO - HTTP Request: POST https://api.stratz.com/graphql "HTTP/1.1 200 OK"
2026-02-23 13:27:16,577 - root - INFO - Processing 6128128863 (106/4058)
2026-02-23 13:27:17,125 - httpx - INFO - HTTP Request: POST https://api.stratz.com/graphql "HTTP/1.1 200 OK"
2026-02-23 13:27:17,127 - root - INFO - Processing 6128093176 (107/4058)
2026-02-23 13:27:17,616 - httpx - INFO - HTTP Request: POST https://api.stratz.com/graphql "HTTP/1.1 200 OK"
2026-02-23 13:27:17,618 - root - INFO - Processing 6128088170 (108/4058)
2026-02-23 13:27:18,164 - httpx - INFO - HTTP Request: POST https://api.stratz.com/graphql "HTTP/1.1 200 OK"
2026-02-23 13:27:18,165 - root - INFO - Processing 6128060004 (109/4058)
2026-02-23 13:27:18,786 - httpx - INFO - HTTP Request: POST https://api.stratz.com/graphql "HTTP/1.1 200 OK"
2026-02-23 13:27:18,787 - root - INFO - Processing 6128018143 (110/4058)
2026-02-23 13:27:19,328 - httpx - INFO - HTTP Request: POST https://api.stratz.com/graphql "HTTP/1.1 200 OK"
2026-02-23 13:27:19,341 - root - INFO - Processing 6128015603 (111/4058)
2026-02-23 13:27:19,928 - httpx - INFO - HTTP Request: POST https://api.stratz.com/graphql "HTTP/1.1 200 OK"
2026-02-23 13:27:19,929 - root - INFO - Processing 6127915207 (112/4058)
2026-02-23 13:27:20,423 - httpx - INFO - HTTP Request: POST https://api.stratz.com/graphql "HTTP/1.1 200 OK"
2026-02-23 13:27:20,425 - root - INFO - Processing 6127911096 (113/4058)
2026-02-23 13:27:20,914 - httpx - INFO - HTTP Request: POST https://api.stratz.com/graphql "HTTP/1.1 200 OK"
2026-02-23 13:27:20,915 - root - INFO - Processing 6127856375 (114/4058)
2026-02-23 13:27:21,435 - httpx - INFO - HTTP Request: POST https://api.stratz.com/graphql "HTTP/1.1 200 OK"
2026-02-23 13:27:21,436 - root - INFO - Processing 6127826348 (115/4058)
2026-02-23 13:27:21,865 - httpx - INFO - HTTP Request: POST https://api.stratz.com/graphql "HTTP/1.1 200 OK"
2026-02-23 13:27:21,866 - root - INFO - Processing 6127813228 (116/4058)
2026-02-23 13:27:22,377 - httpx - INFO - HTTP Request: POST https://api.stratz.com/graphql "HTTP/1.1 200 OK"
2026-02-23 13:27:22,379 - root - INFO - Processing 6127813227 (117/4058)
2026-02-23 13:27:22,902 - httpx - INFO - HTTP Request: POST https://api.stratz.com/graphql "HTTP/1.1 200 OK"
2026-02-23 13:27:22,903 - root - INFO - Processing 6127719102 (118/4058)
2026-02-23 13:27:23,361 - httpx - INFO - HTTP Request: POST https://api.stratz.com/graphql "HTTP/1.1 200 OK"
2026-02-23 13:27:23,362 - root - INFO - Processing 6127714283 (119/4058)
2026-02-23 13:27:23,959 - httpx - INFO - HTTP Request: POST https://api.stratz.com/graphql "HTTP/1.1 200 OK"
2026-02-23 13:27:23,960 - root - INFO - Processing 6127710751 (120/4058)
2026-02-23 13:27:24,618 - httpx - INFO - HTTP Request: POST https://api.stratz.com/graphql "HTTP/1.1 200 OK"
2026-02-23 13:27:24,620 - root - INFO - Processing 6127709353 (121/4058)
2026-02-23 13:27:25,281 - httpx - INFO - HTTP Request: POST https://api.stratz.com/graphql "HTTP/1.1 200 OK"
2026-02-23 13:27:25,282 - root - INFO - Processing 6126465624 (122/4058)
2026-02-23 13:27:25,806 - httpx - INFO - HTTP Request: POST https://api.stratz.com/graphql "HTTP/1.1 200 OK"
2026-02-23 13:27:25,807 - root - INFO - Processing 6126408292 (123/4058)
2026-02-23 13:27:26,271 - httpx - INFO - HTTP Request: POST https://api.stratz.com/graphql "HTTP/1.1 200 OK"
2026-02-23 13:27:26,275 - root - INFO - Processing 6126376540 (124/4058)
2026-02-23 13:27:26,726 - httpx - INFO - HTTP Request: POST https://api.stratz.com/graphql "HTTP/1.1 200 OK"
2026-02-23 13:27:26,728 - root - INFO - Processing 6126332395 (125/4058)
2026-02-23 13:27:27,191 - httpx - INFO - HTTP Request: POST https://api.stratz.com/graphql "HTTP/1.1 200 OK"
2026-02-23 13:27:27,193 - root - INFO - Processing 6126276338 (126/4058)
2026-02-23 13:27:27,654 - httpx - INFO - HTTP Request: POST https://api.stratz.com/graphql "HTTP/1.1 200 OK"
2026-02-23 13:27:27,655 - root - INFO - Processing 6126177949 (127/4058)
2026-02-23 13:27:28,155 - httpx - INFO - HTTP Request: POST https://api.stratz.com/graphql "HTTP/1.1 200 OK"
2026-02-23 13:27:28,156 - root - INFO - Processing 6126167306 (128/4058)
2026-02-23 13:27:28,634 - httpx - INFO - HTTP Request: POST https://api.stratz.com/graphql "HTTP/1.1 200 OK"
2026-02-23 13:27:28,635 - root - INFO - Processing 6126107446 (129/4058)
2026-02-23 13:27:29,272 - httpx - INFO - HTTP Request: POST https://api.stratz.com/graphql "HTTP/1.1 200 OK"
2026-02-23 13:27:29,273 - root - INFO - Processing 6126087896 (130/4058)
2026-02-23 13:27:29,941 - httpx - INFO - HTTP Request: POST https://api.stratz.com/graphql "HTTP/1.1 200 OK"
2026-02-23 13:27:29,942 - root - INFO - Processing 6126074951 (131/4058)
2026-02-23 13:27:30,550 - httpx - INFO - HTTP Request: POST https://api.stratz.com/graphql "HTTP/1.1 200 OK"
2026-02-23 13:27:30,552 - root - INFO - Processing 6126017913 (132/4058)
2026-02-23 13:27:31,144 - httpx - INFO - HTTP Request: POST https://api.stratz.com/graphql "HTTP/1.1 200 OK"
2026-02-23 13:27:31,161 - root - INFO - Processing 6126010209 (133/4058)
2026-02-23 13:27:31,859 - httpx - INFO - HTTP Request: POST https://api.stratz.com/graphql "HTTP/1.1 200 OK"
2026-02-23 13:27:31,860 - root - INFO - Processing 6125991006 (134/4058)
2026-02-23 13:27:32,485 - httpx - INFO - HTTP Request: POST https://api.stratz.com/graphql "HTTP/1.1 200 OK"
2026-02-23 13:27:32,486 - root - INFO - Processing 6125989172 (135/4058)
2026-02-23 13:27:33,074 - httpx - INFO - HTTP Request: POST https://api.stratz.com/graphql "HTTP/1.1 200 OK"
2026-02-23 13:27:33,075 - root - INFO - Processing 6125983987 (136/4058)
2026-02-23 13:27:33,676 - httpx - INFO - HTTP Request: POST https://api.stratz.com/graphql "HTTP/1.1 200 OK"
2026-02-23 13:27:33,678 - root - INFO - Processing 6125978825 (137/4058)
2026-02-23 13:27:34,201 - httpx - INFO - HTTP Request: POST https://api.stratz.com/graphql "HTTP/1.1 200 OK"
2026-02-23 13:27:34,202 - root - INFO - Processing 6125953834 (138/4058)
2026-02-23 13:27:34,730 - httpx - INFO - HTTP Request: POST https://api.stratz.com/graphql "HTTP/1.1 200 OK"
2026-02-23 13:27:34,732 - root - INFO - Processing 6125948059 (139/4058)
2026-02-23 13:27:35,289 - httpx - INFO - HTTP Request: POST https://api.stratz.com/graphql "HTTP/1.1 200 OK"
2026-02-23 13:27:35,290 - root - INFO - Processing 6125926914 (140/4058)
2026-02-23 13:27:35,798 - httpx - INFO - HTTP Request: POST https://api.stratz.com/graphql "HTTP/1.1 200 OK"
2026-02-23 13:27:35,800 - root - INFO - Processing 6125923874 (141/4058)
2026-02-23 13:27:36,285 - httpx - INFO - HTTP Request: POST https://api.stratz.com/graphql "HTTP/1.1 200 OK"
2026-02-23 13:27:36,286 - root - INFO - Processing 6125910144 (142/4058)
2026-02-23 13:27:36,935 - httpx - INFO - HTTP Request: POST https://api.stratz.com/graphql "HTTP/1.1 200 OK"
2026-02-23 13:27:36,936 - root - INFO - Processing 6125906439 (143/4058)
2026-02-23 13:27:37,396 - httpx - INFO - HTTP Request: POST https://api.stratz.com/graphql "HTTP/1.1 200 OK"
2026-02-23 13:27:37,397 - root - INFO - Processing 6125902893 (144/4058)
2026-02-23 13:27:37,877 - httpx - INFO - HTTP Request: POST https://api.stratz.com/graphql "HTTP/1.1 200 OK"
2026-02-23 13:27:37,878 - root - INFO - Processing 6125902451 (145/4058)
2026-02-23 13:27:38,329 - httpx - INFO - HTTP Request: POST https://api.stratz.com/graphql "HTTP/1.1 200 OK"
2026-02-23 13:27:38,329 - root - INFO - Processing 6125895542 (146/4058)
2026-02-23 13:27:38,857 - httpx - INFO - HTTP Request: POST https://api.stratz.com/graphql "HTTP/1.1 200 OK"
2026-02-23 13:27:38,859 - root - INFO - Processing 6125887569 (147/4058)
2026-02-23 13:27:39,373 - httpx - INFO - HTTP Request: POST https://api.stratz.com/graphql "HTTP/1.1 200 OK"
2026-02-23 13:27:39,375 - root - INFO - Processing 6125884443 (148/4058)
2026-02-23 13:27:40,023 - httpx - INFO - HTTP Request: POST https://api.stratz.com/graphql "HTTP/1.1 200 OK"
2026-02-23 13:27:40,024 - root - INFO - Processing 6125884066 (149/4058)
2026-02-23 13:27:40,501 - httpx - INFO - HTTP Request: POST https://api.stratz.com/graphql "HTTP/1.1 200 OK"
2026-02-23 13:27:40,503 - root - INFO - Processing 6125879118 (150/4058)
2026-02-23 13:27:41,001 - httpx - INFO - HTTP Request: POST https://api.stratz.com/graphql "HTTP/1.1 200 OK"
2026-02-23 13:27:41,002 - root - INFO - Processing 6125878316 (151/4058)
2026-02-23 13:27:41,458 - httpx - INFO - HTTP Request: POST https://api.stratz.com/graphql "HTTP/1.1 200 OK"
2026-02-23 13:27:41,459 - root - INFO - Processing 6125873693 (152/4058)
2026-02-23 13:27:41,949 - httpx - INFO - HTTP Request: POST https://api.stratz.com/graphql "HTTP/1.1 200 OK"
2026-02-23 13:27:41,951 - root - INFO - Processing 6125867487 (153/4058)
2026-02-23 13:27:42,468 - httpx - INFO - HTTP Request: POST https://api.stratz.com/graphql "HTTP/1.1 200 OK"
2026-02-23 13:27:42,469 - root - INFO - Processing 6125864728 (154/4058)
2026-02-23 13:27:42,991 - httpx - INFO - HTTP Request: POST https://api.stratz.com/graphql "HTTP/1.1 200 OK"
2026-02-23 13:27:43,004 - root - INFO - Processing 6125852515 (155/4058)
2026-02-23 13:27:43,472 - httpx - INFO - HTTP Request: POST https://api.stratz.com/graphql "HTTP/1.1 200 OK"
2026-02-23 13:27:43,474 - root - INFO - Processing 6125851895 (156/4058)
2026-02-23 13:27:43,936 - httpx - INFO - HTTP Request: POST https://api.stratz.com/graphql "HTTP/1.1 200 OK"
2026-02-23 13:27:43,937 - root - INFO - Processing 6125848304 (157/4058)
2026-02-23 13:27:44,471 - httpx - INFO - HTTP Request: POST https://api.stratz.com/graphql "HTTP/1.1 200 OK"
2026-02-23 13:27:44,472 - root - INFO - Processing 6125847511 (158/4058)
2026-02-23 13:27:44,940 - httpx - INFO - HTTP Request: POST https://api.stratz.com/graphql "HTTP/1.1 200 OK"
2026-02-23 13:27:44,941 - root - INFO - Processing 6125836134 (159/4058)
2026-02-23 13:27:45,417 - httpx - INFO - HTTP Request: POST https://api.stratz.com/graphql "HTTP/1.1 200 OK"
2026-02-23 13:27:45,418 - root - INFO - Processing 6125830413 (160/4058)
2026-02-23 13:27:46,004 - httpx - INFO - HTTP Request: POST https://api.stratz.com/graphql "HTTP/1.1 200 OK"
2026-02-23 13:27:46,005 - root - INFO - Processing 6125828786 (161/4058)
2026-02-23 13:27:46,510 - httpx - INFO - HTTP Request: POST https://api.stratz.com/graphql "HTTP/1.1 200 OK"
2026-02-23 13:27:46,511 - root - INFO - Processing 6125824471 (162/4058)
2026-02-23 13:27:46,994 - httpx - INFO - HTTP Request: POST https://api.stratz.com/graphql "HTTP/1.1 200 OK"
2026-02-23 13:27:46,996 - root - INFO - Processing 6125822574 (163/4058)
2026-02-23 13:27:47,543 - httpx - INFO - HTTP Request: POST https://api.stratz.com/graphql "HTTP/1.1 200 OK"
2026-02-23 13:27:47,544 - root - INFO - Processing 6125820975 (164/4058)
2026-02-23 13:27:47,987 - httpx - INFO - HTTP Request: POST https://api.stratz.com/graphql "HTTP/1.1 200 OK"
2026-02-23 13:27:47,988 - root - INFO - Processing 6125820775 (165/4058)
2026-02-23 13:27:48,483 - httpx - INFO - HTTP Request: POST https://api.stratz.com/graphql "HTTP/1.1 200 OK"
2026-02-23 13:27:48,484 - root - INFO - Processing 6125820512 (166/4058)
2026-02-23 13:27:49,061 - httpx - INFO - HTTP Request: POST https://api.stratz.com/graphql "HTTP/1.1 200 OK"
2026-02-23 13:27:49,062 - root - INFO - Processing 6125819672 (167/4058)
2026-02-23 13:27:49,584 - httpx - INFO - HTTP Request: POST https://api.stratz.com/graphql "HTTP/1.1 200 OK"
2026-02-23 13:27:49,586 - root - INFO - Processing 6125819465 (168/4058)
2026-02-23 13:27:50,058 - httpx - INFO - HTTP Request: POST https://api.stratz.com/graphql "HTTP/1.1 200 OK"
2026-02-23 13:27:50,063 - root - INFO - Processing 6125818705 (169/4058)
2026-02-23 13:27:50,599 - httpx - INFO - HTTP Request: POST https://api.stratz.com/graphql "HTTP/1.1 200 OK"
2026-02-23 13:27:50,600 - root - INFO - Processing 6125818495 (170/4058)
2026-02-23 13:27:51,107 - httpx - INFO - HTTP Request: POST https://api.stratz.com/graphql "HTTP/1.1 200 OK"
2026-02-23 13:27:51,110 - root - INFO - Processing 6125817704 (171/4058)
2026-02-23 13:27:51,633 - httpx - INFO - HTTP Request: POST https://api.stratz.com/graphql "HTTP/1.1 200 OK"
2026-02-23 13:27:51,634 - root - INFO - Processing 6125817583 (172/4058)
2026-02-23 13:27:52,112 - httpx - INFO - HTTP Request: POST https://api.stratz.com/graphql "HTTP/1.1 200 OK"
2026-02-23 13:27:52,113 - root - INFO - Processing 6125816031 (173/4058)
2026-02-23 13:27:52,689 - httpx - INFO - HTTP Request: POST https://api.stratz.com/graphql "HTTP/1.1 200 OK"
2026-02-23 13:27:52,690 - root - INFO - Processing 6125815500 (174/4058)
2026-02-23 13:27:53,286 - httpx - INFO - HTTP Request: POST https://api.stratz.com/graphql "HTTP/1.1 200 OK"
2026-02-23 13:27:53,287 - root - INFO - Processing 6125814545 (175/4058)
2026-02-23 13:27:53,831 - httpx - INFO - HTTP Request: POST https://api.stratz.com/graphql "HTTP/1.1 200 OK"
2026-02-23 13:27:53,832 - root - INFO - Processing 6125814338 (176/4058)
2026-02-23 13:27:54,339 - httpx - INFO - HTTP Request: POST https://api.stratz.com/graphql "HTTP/1.1 200 OK"
2026-02-23 13:27:54,340 - root - INFO - Processing 6125813702 (177/4058)
2026-02-23 13:27:54,894 - httpx - INFO - HTTP Request: POST https://api.stratz.com/graphql "HTTP/1.1 200 OK"
2026-02-23 13:27:54,895 - root - INFO - Processing 6125813155 (178/4058)
2026-02-23 13:27:55,367 - httpx - INFO - HTTP Request: POST https://api.stratz.com/graphql "HTTP/1.1 200 OK"
2026-02-23 13:27:55,368 - root - INFO - Processing 6125812834 (179/4058)
2026-02-23 13:27:55,834 - httpx - INFO - HTTP Request: POST https://api.stratz.com/graphql "HTTP/1.1 200 OK"
2026-02-23 13:27:55,836 - root - INFO - Processing 6125812261 (180/4058)
2026-02-23 13:27:56,295 - httpx - INFO - HTTP Request: POST https://api.stratz.com/graphql "HTTP/1.1 200 OK"
2026-02-23 13:27:56,296 - root - INFO - Processing 6125811249 (181/4058)
2026-02-23 13:27:56,777 - httpx - INFO - HTTP Request: POST https://api.stratz.com/graphql "HTTP/1.1 200 OK"
2026-02-23 13:27:56,778 - root - INFO - Processing 6124748468 (182/4058)
2026-02-23 13:27:57,280 - httpx - INFO - HTTP Request: POST https://api.stratz.com/graphql "HTTP/1.1 200 OK"
2026-02-23 13:27:57,281 - root - INFO - Processing 6124674616 (183/4058)
2026-02-23 13:27:57,773 - httpx - INFO - HTTP Request: POST https://api.stratz.com/graphql "HTTP/1.1 200 OK"
2026-02-23 13:27:57,774 - root - INFO - Processing 6124653287 (184/4058)
2026-02-23 13:27:58,256 - httpx - INFO - HTTP Request: POST https://api.stratz.com/graphql "HTTP/1.1 200 OK"
2026-02-23 13:27:58,257 - root - INFO - Processing 6124570920 (185/4058)
2026-02-23 13:27:58,729 - httpx - INFO - HTTP Request: POST https://api.stratz.com/graphql "HTTP/1.1 200 OK"
2026-02-23 13:27:58,731 - root - INFO - Processing 6124466218 (186/4058)
2026-02-23 13:27:59,544 - httpx - INFO - HTTP Request: POST https://api.stratz.com/graphql "HTTP/1.1 200 OK"
2026-02-23 13:27:59,545 - root - INFO - Processing 6124461411 (187/4058)
2026-02-23 13:28:00,027 - httpx - INFO - HTTP Request: POST https://api.stratz.com/graphql "HTTP/1.1 200 OK"
2026-02-23 13:28:00,028 - root - INFO - Processing 6124442105 (188/4058)
2026-02-23 13:28:00,540 - httpx - INFO - HTTP Request: POST https://api.stratz.com/graphql "HTTP/1.1 200 OK"
2026-02-23 13:28:00,541 - root - INFO - Processing 6124426867 (189/4058)
2026-02-23 13:28:01,062 - httpx - INFO - HTTP Request: POST https://api.stratz.com/graphql "HTTP/1.1 200 OK"
2026-02-23 13:28:01,064 - root - INFO - Processing 6124345791 (190/4058)
2026-02-23 13:28:01,563 - httpx - INFO - HTTP Request: POST https://api.stratz.com/graphql "HTTP/1.1 200 OK"
2026-02-23 13:28:01,564 - root - INFO - Processing 6124337398 (191/4058)
2026-02-23 13:28:02,134 - httpx - INFO - HTTP Request: POST https://api.stratz.com/graphql "HTTP/1.1 200 OK"
2026-02-23 13:28:02,136 - root - INFO - Processing 6124328305 (192/4058)
2026-02-23 13:28:02,711 - httpx - INFO - HTTP Request: POST https://api.stratz.com/graphql "HTTP/1.1 200 OK"
2026-02-23 13:28:02,712 - root - INFO - Processing 6124325745 (193/4058)
2026-02-23 13:28:03,246 - httpx - INFO - HTTP Request: POST https://api.stratz.com/graphql "HTTP/1.1 200 OK"
2026-02-23 13:28:03,247 - root - INFO - Processing 6124315769 (194/4058)
2026-02-23 13:28:03,786 - httpx - INFO - HTTP Request: POST https://api.stratz.com/graphql "HTTP/1.1 200 OK"
2026-02-23 13:28:03,792 - root - INFO - Processing 6124311957 (195/4058)
2026-02-23 13:28:04,359 - httpx - INFO - HTTP Request: POST https://api.stratz.com/graphql "HTTP/1.1 200 OK"
2026-02-23 13:28:04,360 - root - INFO - Processing 6124307643 (196/4058)
2026-02-23 13:28:04,841 - httpx - INFO - HTTP Request: POST https://api.stratz.com/graphql "HTTP/1.1 200 OK"
2026-02-23 13:28:04,842 - root - INFO - Processing 6124299071 (197/4058)
2026-02-23 13:28:05,322 - httpx - INFO - HTTP Request: POST https://api.stratz.com/graphql "HTTP/1.1 200 OK"
2026-02-23 13:28:05,324 - root - INFO - Processing 6124257310 (198/4058)
2026-02-23 13:28:05,909 - httpx - INFO - HTTP Request: POST https://api.stratz.com/graphql "HTTP/1.1 200 OK"
2026-02-23 13:28:05,924 - root - INFO - Processing 6124252415 (199/4058)
2026-02-23 13:28:06,415 - httpx - INFO - HTTP Request: POST https://api.stratz.com/graphql "HTTP/1.1 200 OK"
2026-02-23 13:28:06,416 - root - INFO - Processing 6124249785 (200/4058)
2026-02-23 13:28:06,927 - httpx - INFO - HTTP Request: POST https://api.stratz.com/graphql "HTTP/1.1 200 OK"
2026-02-23 13:28:06,928 - root - INFO - Processing 6124240705 (201/4058)
2026-02-23 13:28:07,419 - httpx - INFO - HTTP Request: POST https://api.stratz.com/graphql "HTTP/1.1 200 OK"
2026-02-23 13:28:07,420 - root - INFO - Processing 6124235829 (202/4058)
2026-02-23 13:28:07,913 - httpx - INFO - HTTP Request: POST https://api.stratz.com/graphql "HTTP/1.1 200 OK"
2026-02-23 13:28:07,914 - root - INFO - Processing 6124218731 (203/4058)
2026-02-23 13:28:08,394 - httpx - INFO - HTTP Request: POST https://api.stratz.com/graphql "HTTP/1.1 200 OK"
2026-02-23 13:28:08,399 - root - INFO - Processing 6124201736 (204/4058)
2026-02-23 13:28:08,927 - httpx - INFO - HTTP Request: POST https://api.stratz.com/graphql "HTTP/1.1 200 OK"
2026-02-23 13:28:08,932 - root - INFO - Processing 6124200613 (205/4058)
2026-02-23 13:28:09,450 - httpx - INFO - HTTP Request: POST https://api.stratz.com/graphql "HTTP/1.1 200 OK"
2026-02-23 13:28:09,452 - root - INFO - Processing 6124200189 (206/4058)
2026-02-23 13:28:09,948 - httpx - INFO - HTTP Request: POST https://api.stratz.com/graphql "HTTP/1.1 200 OK"
2026-02-23 13:28:09,949 - root - INFO - Processing 6124188239 (207/4058)
2026-02-23 13:28:10,469 - httpx - INFO - HTTP Request: POST https://api.stratz.com/graphql "HTTP/1.1 200 OK"
2026-02-23 13:28:10,470 - root - INFO - Processing 6124187022 (208/4058)
2026-02-23 13:28:10,994 - httpx - INFO - HTTP Request: POST https://api.stratz.com/graphql "HTTP/1.1 200 OK"
2026-02-23 13:28:10,995 - root - INFO - Processing 6124185142 (209/4058)
2026-02-23 13:28:11,483 - httpx - INFO - HTTP Request: POST https://api.stratz.com/graphql "HTTP/1.1 200 OK"
2026-02-23 13:28:11,485 - root - INFO - Processing 6124180085 (210/4058)
2026-02-23 13:28:12,011 - httpx - INFO - HTTP Request: POST https://api.stratz.com/graphql "HTTP/1.1 200 OK"
2026-02-23 13:28:12,012 - root - INFO - Processing 6124174203 (211/4058)
2026-02-23 13:28:12,496 - httpx - INFO - HTTP Request: POST https://api.stratz.com/graphql "HTTP/1.1 200 OK"
2026-02-23 13:28:12,498 - root - INFO - Processing 6124169600 (212/4058)
2026-02-23 13:28:13,023 - httpx - INFO - HTTP Request: POST https://api.stratz.com/graphql "HTTP/1.1 200 OK"
2026-02-23 13:28:13,024 - root - INFO - Processing 6124168180 (213/4058)
2026-02-23 13:28:13,707 - httpx - INFO - HTTP Request: POST https://api.stratz.com/graphql "HTTP/1.1 200 OK"
2026-02-23 13:28:13,708 - root - INFO - Processing 6124167985 (214/4058)
2026-02-23 13:28:14,313 - httpx - INFO - HTTP Request: POST https://api.stratz.com/graphql "HTTP/1.1 200 OK"
2026-02-23 13:28:14,314 - root - INFO - Processing 6124167788 (215/4058)
2026-02-23 13:28:14,923 - httpx - INFO - HTTP Request: POST https://api.stratz.com/graphql "HTTP/1.1 200 OK"
2026-02-23 13:28:14,925 - root - INFO - Processing 6124166345 (216/4058)
2026-02-23 13:28:15,533 - httpx - INFO - HTTP Request: POST https://api.stratz.com/graphql "HTTP/1.1 200 OK"
2026-02-23 13:28:15,535 - root - INFO - Processing 6124163994 (217/4058)
2026-02-23 13:28:16,059 - httpx - INFO - HTTP Request: POST https://api.stratz.com/graphql "HTTP/1.1 200 OK"
2026-02-23 13:28:16,060 - root - INFO - Processing 6124155450 (218/4058)
2026-02-23 13:28:16,688 - httpx - INFO - HTTP Request: POST https://api.stratz.com/graphql "HTTP/1.1 200 OK"
2026-02-23 13:28:16,689 - root - INFO - Processing 6124145185 (219/4058)
2026-02-23 13:28:17,288 - httpx - INFO - HTTP Request: POST https://api.stratz.com/graphql "HTTP/1.1 200 OK"
2026-02-23 13:28:17,289 - root - INFO - Processing 6124129357 (220/4058)
2026-02-23 13:28:17,780 - httpx - INFO - HTTP Request: POST https://api.stratz.com/graphql "HTTP/1.1 200 OK"
2026-02-23 13:28:17,794 - root - INFO - Processing 6124127544 (221/4058)
2026-02-23 13:28:18,324 - httpx - INFO - HTTP Request: POST https://api.stratz.com/graphql "HTTP/1.1 200 OK"
2026-02-23 13:28:18,329 - root - INFO - Processing 6124125056 (222/4058)
2026-02-23 13:28:18,824 - httpx - INFO - HTTP Request: POST https://api.stratz.com/graphql "HTTP/1.1 200 OK"
2026-02-23 13:28:18,826 - root - INFO - Processing 6124118923 (223/4058)
2026-02-23 13:28:19,407 - httpx - INFO - HTTP Request: POST https://api.stratz.com/graphql "HTTP/1.1 200 OK"
2026-02-23 13:28:19,408 - root - INFO - Processing 6124116668 (224/4058)
2026-02-23 13:28:19,952 - httpx - INFO - HTTP Request: POST https://api.stratz.com/graphql "HTTP/1.1 200 OK"
2026-02-23 13:28:19,955 - root - INFO - Processing 6124115677 (225/4058)
2026-02-23 13:28:20,603 - httpx - INFO - HTTP Request: POST https://api.stratz.com/graphql "HTTP/1.1 200 OK"
2026-02-23 13:28:20,605 - root - INFO - Processing 6124114735 (226/4058)
2026-02-23 13:28:21,394 - httpx - INFO - HTTP Request: POST https://api.stratz.com/graphql "HTTP/1.1 200 OK"
2026-02-23 13:28:21,395 - root - INFO - Processing 6124112660 (227/4058)
2026-02-23 13:28:22,047 - httpx - INFO - HTTP Request: POST https://api.stratz.com/graphql "HTTP/1.1 200 OK"
2026-02-23 13:28:22,049 - root - INFO - Processing 6124112194 (228/4058)
2026-02-23 13:28:22,654 - httpx - INFO - HTTP Request: POST https://api.stratz.com/graphql "HTTP/1.1 200 OK"
2026-02-23 13:28:22,655 - root - INFO - Processing 6124112168 (229/4058)
2026-02-23 13:28:23,334 - httpx - INFO - HTTP Request: POST https://api.stratz.com/graphql "HTTP/1.1 200 OK"
2026-02-23 13:28:23,335 - root - INFO - Processing 6124111957 (230/4058)
2026-02-23 13:28:23,966 - httpx - INFO - HTTP Request: POST https://api.stratz.com/graphql "HTTP/1.1 200 OK"
2026-02-23 13:28:23,967 - root - INFO - Processing 6124111717 (231/4058)
2026-02-23 13:28:24,499 - httpx - INFO - HTTP Request: POST https://api.stratz.com/graphql "HTTP/1.1 200 OK"
2026-02-23 13:28:24,500 - root - INFO - Processing 6124111335 (232/4058)
2026-02-23 13:28:25,022 - httpx - INFO - HTTP Request: POST https://api.stratz.com/graphql "HTTP/1.1 200 OK"
2026-02-23 13:28:25,023 - root - INFO - Processing 6124111286 (233/4058)
2026-02-23 13:28:25,569 - httpx - INFO - HTTP Request: POST https://api.stratz.com/graphql "HTTP/1.1 200 OK"
2026-02-23 13:28:25,570 - root - INFO - Processing 6124110926 (234/4058)
2026-02-23 13:28:26,099 - httpx - INFO - HTTP Request: POST https://api.stratz.com/graphql "HTTP/1.1 200 OK"
2026-02-23 13:28:26,101 - root - INFO - Processing 6124110528 (235/4058)
2026-02-23 13:28:26,616 - httpx - INFO - HTTP Request: POST https://api.stratz.com/graphql "HTTP/1.1 200 OK"
2026-02-23 13:28:26,617 - root - INFO - Processing 6124110518 (236/4058)
2026-02-23 13:28:27,176 - httpx - INFO - HTTP Request: POST https://api.stratz.com/graphql "HTTP/1.1 200 OK"
2026-02-23 13:28:27,177 - root - INFO - Processing 6124110478 (237/4058)
2026-02-23 13:28:27,671 - httpx - INFO - HTTP Request: POST https://api.stratz.com/graphql "HTTP/1.1 200 OK"
2026-02-23 13:28:27,672 - root - INFO - Processing 6124110180 (238/4058)
2026-02-23 13:28:28,134 - httpx - INFO - HTTP Request: POST https://api.stratz.com/graphql "HTTP/1.1 200 OK"
2026-02-23 13:28:28,135 - root - INFO - Processing 6124109844 (239/4058)
2026-02-23 13:28:28,695 - httpx - INFO - HTTP Request: POST https://api.stratz.com/graphql "HTTP/1.1 200 OK"
2026-02-23 13:28:28,696 - root - INFO - Processing 6124109733 (240/4058)
2026-02-23 13:28:29,273 - httpx - INFO - HTTP Request: POST https://api.stratz.com/graphql "HTTP/1.1 200 OK"
2026-02-23 13:28:29,274 - root - INFO - Processing 6124109117 (241/4058)
2026-02-23 13:28:29,802 - httpx - INFO - HTTP Request: POST https://api.stratz.com/graphql "HTTP/1.1 200 OK"
2026-02-23 13:28:29,805 - root - INFO - Processing 6124108791 (242/4058)
2026-02-23 13:28:30,319 - httpx - INFO - HTTP Request: POST https://api.stratz.com/graphql "HTTP/1.1 200 OK"
2026-02-23 13:28:30,332 - root - INFO - Processing 6124108110 (243/4058)
2026-02-23 13:28:30,818 - httpx - INFO - HTTP Request: POST https://api.stratz.com/graphql "HTTP/1.1 200 OK"
2026-02-23 13:28:30,819 - root - INFO - Processing 6124108080 (244/4058)
2026-02-23 13:28:31,294 - httpx - INFO - HTTP Request: POST https://api.stratz.com/graphql "HTTP/1.1 200 OK"
2026-02-23 13:28:31,295 - root - INFO - Processing 6124107992 (245/4058)
2026-02-23 13:28:31,839 - httpx - INFO - HTTP Request: POST https://api.stratz.com/graphql "HTTP/1.1 200 OK"
2026-02-23 13:28:31,840 - root - INFO - Processing 6124107763 (246/4058)
2026-02-23 13:28:32,359 - httpx - INFO - HTTP Request: POST https://api.stratz.com/graphql "HTTP/1.1 200 OK"
2026-02-23 13:28:32,360 - root - INFO - Processing 6124107201 (247/4058)
2026-02-23 13:28:32,870 - httpx - INFO - HTTP Request: POST https://api.stratz.com/graphql "HTTP/1.1 200 OK"
2026-02-23 13:28:32,872 - root - INFO - Processing 6124106662 (248/4058)
2026-02-23 13:28:33,418 - httpx - INFO - HTTP Request: POST https://api.stratz.com/graphql "HTTP/1.1 200 OK"
2026-02-23 13:28:33,419 - root - INFO - Processing 6124106580 (249/4058)
2026-02-23 13:28:33,891 - httpx - INFO - HTTP Request: POST https://api.stratz.com/graphql "HTTP/1.1 200 OK"
2026-02-23 13:28:33,893 - root - INFO - Processing 6051279227 (250/4058)
2026-02-23 13:28:34,368 - httpx - INFO - HTTP Request: POST https://api.stratz.com/graphql "HTTP/1.1 200 OK"
2026-02-23 13:28:34,370 - root - INFO - Processing 6051198824 (251/4058)
2026-02-23 13:28:34,878 - httpx - INFO - HTTP Request: POST https://api.stratz.com/graphql "HTTP/1.1 200 OK"
2026-02-23 13:28:34,879 - root - INFO - Processing 6051126706 (252/4058)
2026-02-23 13:28:35,378 - httpx - INFO - HTTP Request: POST https://api.stratz.com/graphql "HTTP/1.1 200 OK"
2026-02-23 13:28:35,379 - root - INFO - Processing 6051032596 (253/4058)
2026-02-23 13:28:35,859 - httpx - INFO - HTTP Request: POST https://api.stratz.com/graphql "HTTP/1.1 200 OK"
2026-02-23 13:28:35,861 - root - INFO - Processing 6050937230 (254/4058)
2026-02-23 13:28:36,556 - httpx - INFO - HTTP Request: POST https://api.stratz.com/graphql "HTTP/1.1 200 OK"
2026-02-23 13:28:36,557 - root - INFO - Processing 6050732096 (255/4058)
2026-02-23 13:28:37,022 - httpx - INFO - HTTP Request: POST https://api.stratz.com/graphql "HTTP/1.1 200 OK"
2026-02-23 13:28:37,023 - root - INFO - Processing 6050625911 (256/4058)
2026-02-23 13:28:37,561 - httpx - INFO - HTTP Request: POST https://api.stratz.com/graphql "HTTP/1.1 200 OK"
2026-02-23 13:28:37,562 - root - INFO - Processing 6049652918 (257/4058)
2026-02-23 13:28:38,108 - httpx - INFO - HTTP Request: POST https://api.stratz.com/graphql "HTTP/1.1 200 OK"
2026-02-23 13:28:38,109 - root - INFO - Processing 6049557684 (258/4058)
2026-02-23 13:28:38,630 - httpx - INFO - HTTP Request: POST https://api.stratz.com/graphql "HTTP/1.1 200 OK"
2026-02-23 13:28:38,631 - root - INFO - Processing 6049437221 (259/4058)
2026-02-23 13:28:39,234 - httpx - INFO - HTTP Request: POST https://api.stratz.com/graphql "HTTP/1.1 200 OK"
2026-02-23 13:28:39,236 - root - INFO - Processing 6049360832 (260/4058)
2026-02-23 13:28:39,737 - httpx - INFO - HTTP Request: POST https://api.stratz.com/graphql "HTTP/1.1 200 OK"
2026-02-23 13:28:39,738 - root - INFO - Processing 6049229017 (261/4058)
2026-02-23 13:28:40,189 - httpx - INFO - HTTP Request: POST https://api.stratz.com/graphql "HTTP/1.1 200 OK"
2026-02-23 13:28:40,190 - root - INFO - Processing 6049053288 (262/4058)
2026-02-23 13:28:40,777 - httpx - INFO - HTTP Request: POST https://api.stratz.com/graphql "HTTP/1.1 200 OK"
2026-02-23 13:28:40,778 - root - INFO - Processing 6049050352 (263/4058)
2026-02-23 13:28:41,293 - httpx - INFO - HTTP Request: POST https://api.stratz.com/graphql "HTTP/1.1 200 OK"
2026-02-23 13:28:41,294 - root - INFO - Processing 6048938116 (264/4058)
2026-02-23 13:28:41,824 - httpx - INFO - HTTP Request: POST https://api.stratz.com/graphql "HTTP/1.1 200 OK"
2026-02-23 13:28:41,837 - root - INFO - Processing 6048937284 (265/4058)
2026-02-23 13:28:42,445 - httpx - INFO - HTTP Request: POST https://api.stratz.com/graphql "HTTP/1.1 200 OK"
2026-02-23 13:28:42,446 - root - INFO - Processing 6048044058 (266/4058)
2026-02-23 13:28:42,931 - httpx - INFO - HTTP Request: POST https://api.stratz.com/graphql "HTTP/1.1 200 OK"
2026-02-23 13:28:42,932 - root - INFO - Processing 6047991403 (267/4058)
2026-02-23 13:28:43,420 - httpx - INFO - HTTP Request: POST https://api.stratz.com/graphql "HTTP/1.1 200 OK"
2026-02-23 13:28:43,421 - root - INFO - Processing 6047986029 (268/4058)
2026-02-23 13:28:43,935 - httpx - INFO - HTTP Request: POST https://api.stratz.com/graphql "HTTP/1.1 200 OK"
2026-02-23 13:28:43,936 - root - INFO - Processing 6047897871 (269/4058)
2026-02-23 13:28:44,421 - httpx - INFO - HTTP Request: POST https://api.stratz.com/graphql "HTTP/1.1 200 OK"
2026-02-23 13:28:44,422 - root - INFO - Processing 6047895488 (270/4058)
2026-02-23 13:28:44,902 - httpx - INFO - HTTP Request: POST https://api.stratz.com/graphql "HTTP/1.1 200 OK"
2026-02-23 13:28:44,903 - root - INFO - Processing 6047788894 (271/4058)
2026-02-23 13:28:45,460 - httpx - INFO - HTTP Request: POST https://api.stratz.com/graphql "HTTP/1.1 200 OK"
2026-02-23 13:28:45,462 - root - INFO - Processing 6047661988 (272/4058)
2026-02-23 13:28:45,945 - httpx - INFO - HTTP Request: POST https://api.stratz.com/graphql "HTTP/1.1 200 OK"
2026-02-23 13:28:45,946 - root - INFO - Processing 6047550708 (273/4058)
2026-02-23 13:28:46,464 - httpx - INFO - HTTP Request: POST https://api.stratz.com/graphql "HTTP/1.1 200 OK"
2026-02-23 13:28:46,466 - root - INFO - Processing 6047454799 (274/4058)
2026-02-23 13:28:47,005 - httpx - INFO - HTTP Request: POST https://api.stratz.com/graphql "HTTP/1.1 200 OK"
2026-02-23 13:28:47,006 - root - INFO - Processing 6047370399 (275/4058)
2026-02-23 13:28:47,469 - httpx - INFO - HTTP Request: POST https://api.stratz.com/graphql "HTTP/1.1 200 OK"
2026-02-23 13:28:47,470 - root - INFO - Processing 6046569234 (276/4058)
2026-02-23 13:28:47,976 - httpx - INFO - HTTP Request: POST https://api.stratz.com/graphql "HTTP/1.1 200 OK"
2026-02-23 13:28:47,978 - root - INFO - Processing 6046544052 (277/4058)
2026-02-23 13:28:48,505 - httpx - INFO - HTTP Request: POST https://api.stratz.com/graphql "HTTP/1.1 200 OK"
2026-02-23 13:28:48,506 - root - INFO - Processing 6046483211 (278/4058)
2026-02-23 13:28:48,978 - httpx - INFO - HTTP Request: POST https://api.stratz.com/graphql "HTTP/1.1 200 OK"
2026-02-23 13:28:48,980 - root - INFO - Processing 6046470417 (279/4058)
2026-02-23 13:28:49,465 - httpx - INFO - HTTP Request: POST https://api.stratz.com/graphql "HTTP/1.1 200 OK"
2026-02-23 13:28:49,467 - root - INFO - Processing 6046399362 (280/4058)
2026-02-23 13:28:49,973 - httpx - INFO - HTTP Request: POST https://api.stratz.com/graphql "HTTP/1.1 200 OK"
2026-02-23 13:28:49,974 - root - INFO - Processing 6046389369 (281/4058)
2026-02-23 13:28:50,470 - httpx - INFO - HTTP Request: POST https://api.stratz.com/graphql "HTTP/1.1 200 OK"
2026-02-23 13:28:50,472 - root - INFO - Processing 6046275234 (282/4058)
2026-02-23 13:28:50,957 - httpx - INFO - HTTP Request: POST https://api.stratz.com/graphql "HTTP/1.1 200 OK"
2026-02-23 13:28:50,958 - root - INFO - Processing 6046220760 (283/4058)
2026-02-23 13:28:51,485 - httpx - INFO - HTTP Request: POST https://api.stratz.com/graphql "HTTP/1.1 200 OK"
2026-02-23 13:28:51,486 - root - INFO - Processing 6046161478 (284/4058)
2026-02-23 13:28:52,385 - httpx - INFO - HTTP Request: POST https://api.stratz.com/graphql "HTTP/1.1 200 OK"
2026-02-23 13:28:52,386 - root - INFO - Processing 6046061195 (285/4058)
2026-02-23 13:28:52,982 - httpx - INFO - HTTP Request: POST https://api.stratz.com/graphql "HTTP/1.1 200 OK"
2026-02-23 13:28:52,983 - root - INFO - Processing 6046047547 (286/4058)
2026-02-23 13:28:53,512 - httpx - INFO - HTTP Request: POST https://api.stratz.com/graphql "HTTP/1.1 200 OK"
2026-02-23 13:28:53,534 - root - INFO - Processing 6045945212 (287/4058)
2026-02-23 13:28:54,034 - httpx - INFO - HTTP Request: POST https://api.stratz.com/graphql "HTTP/1.1 200 OK"
2026-02-23 13:28:54,036 - root - INFO - Processing 6045945211 (288/4058)
2026-02-23 13:28:54,531 - httpx - INFO - HTTP Request: POST https://api.stratz.com/graphql "HTTP/1.1 200 OK"
2026-02-23 13:28:54,532 - root - INFO - Processing 6045131188 (289/4058)
2026-02-23 13:28:55,017 - httpx - INFO - HTTP Request: POST https://api.stratz.com/graphql "HTTP/1.1 200 OK"
2026-02-23 13:28:55,018 - root - INFO - Processing 6045126712 (290/4058)
2026-02-23 13:28:55,647 - httpx - INFO - HTTP Request: POST https://api.stratz.com/graphql "HTTP/1.1 200 OK"
2026-02-23 13:28:55,649 - root - INFO - Processing 6045055332 (291/4058)
2026-02-23 13:28:56,131 - httpx - INFO - HTTP Request: POST https://api.stratz.com/graphql "HTTP/1.1 200 OK"
2026-02-23 13:28:56,133 - root - INFO - Processing 6045050854 (292/4058)
2026-02-23 13:28:56,641 - httpx - INFO - HTTP Request: POST https://api.stratz.com/graphql "HTTP/1.1 200 OK"
2026-02-23 13:28:56,643 - root - INFO - Processing 6044920853 (293/4058)
2026-02-23 13:28:57,097 - httpx - INFO - HTTP Request: POST https://api.stratz.com/graphql "HTTP/1.1 200 OK"
2026-02-23 13:28:57,100 - root - INFO - Processing 6044912534 (294/4058)
2026-02-23 13:28:57,633 - httpx - INFO - HTTP Request: POST https://api.stratz.com/graphql "HTTP/1.1 200 OK"
2026-02-23 13:28:57,634 - root - INFO - Processing 6044800348 (295/4058)
2026-02-23 13:28:58,128 - httpx - INFO - HTTP Request: POST https://api.stratz.com/graphql "HTTP/1.1 200 OK"
2026-02-23 13:28:58,129 - root - INFO - Processing 6044798651 (296/4058)
2026-02-23 13:28:58,604 - httpx - INFO - HTTP Request: POST https://api.stratz.com/graphql "HTTP/1.1 200 OK"
2026-02-23 13:28:58,605 - root - INFO - Processing 6044650765 (297/4058)
2026-02-23 13:28:59,115 - httpx - INFO - HTTP Request: POST https://api.stratz.com/graphql "HTTP/1.1 200 OK"
2026-02-23 13:28:59,116 - root - INFO - Processing 6044632445 (298/4058)
2026-02-23 13:28:59,599 - httpx - INFO - HTTP Request: POST https://api.stratz.com/graphql "HTTP/1.1 200 OK"
2026-02-23 13:28:59,600 - root - INFO - Processing 6044541398 (299/4058)
2026-02-23 13:29:00,051 - httpx - INFO - HTTP Request: POST https://api.stratz.com/graphql "HTTP/1.1 200 OK"
2026-02-23 13:29:00,052 - root - INFO - Processing 6044531562 (300/4058)
2026-02-23 13:29:00,653 - httpx - INFO - HTTP Request: POST https://api.stratz.com/graphql "HTTP/1.1 200 OK"
2026-02-23 13:29:00,654 - root - INFO - Processing 6035987466 (301/4058)
2026-02-23 13:29:01,098 - httpx - INFO - HTTP Request: POST https://api.stratz.com/graphql "HTTP/1.1 200 OK"
2026-02-23 13:29:01,099 - root - INFO - Processing 6035920307 (302/4058)
2026-02-23 13:29:01,571 - httpx - INFO - HTTP Request: POST https://api.stratz.com/graphql "HTTP/1.1 200 OK"
2026-02-23 13:29:01,572 - root - INFO - Processing 6035852284 (303/4058)
2026-02-23 13:29:02,028 - httpx - INFO - HTTP Request: POST https://api.stratz.com/graphql "HTTP/1.1 200 OK"
2026-02-23 13:29:02,030 - root - INFO - Processing 6015729508 (304/4058)
2026-02-23 13:29:02,490 - httpx - INFO - HTTP Request: POST https://api.stratz.com/graphql "HTTP/1.1 200 OK"
2026-02-23 13:29:02,491 - root - INFO - Processing 6015654212 (305/4058)
2026-02-23 13:29:02,948 - httpx - INFO - HTTP Request: POST https://api.stratz.com/graphql "HTTP/1.1 200 OK"
2026-02-23 13:29:02,949 - root - INFO - Processing 6015530699 (306/4058)
2026-02-23 13:29:03,446 - httpx - INFO - HTTP Request: POST https://api.stratz.com/graphql "HTTP/1.1 200 OK"
2026-02-23 13:29:03,447 - root - INFO - Processing 6015425964 (307/4058)
2026-02-23 13:29:03,891 - httpx - INFO - HTTP Request: POST https://api.stratz.com/graphql "HTTP/1.1 200 OK"
2026-02-23 13:29:03,892 - root - INFO - Processing 6015303324 (308/4058)
2026-02-23 13:29:04,349 - httpx - INFO - HTTP Request: POST https://api.stratz.com/graphql "HTTP/1.1 200 OK"
2026-02-23 13:29:04,360 - root - INFO - Processing 6014291170 (309/4058)
2026-02-23 13:29:04,801 - httpx - INFO - HTTP Request: POST https://api.stratz.com/graphql "HTTP/1.1 200 OK"
2026-02-23 13:29:04,802 - root - INFO - Processing 6014223099 (310/4058)
2026-02-23 13:29:05,265 - httpx - INFO - HTTP Request: POST https://api.stratz.com/graphql "HTTP/1.1 200 OK"
2026-02-23 13:29:05,266 - root - INFO - Processing 6014218470 (311/4058)
2026-02-23 13:29:05,729 - httpx - INFO - HTTP Request: POST https://api.stratz.com/graphql "HTTP/1.1 200 OK"
2026-02-23 13:29:05,730 - root - INFO - Processing 6014145349 (312/4058)
2026-02-23 13:29:06,165 - httpx - INFO - HTTP Request: POST https://api.stratz.com/graphql "HTTP/1.1 200 OK"
2026-02-23 13:29:06,167 - root - INFO - Processing 6014125480 (313/4058)
2026-02-23 13:29:06,603 - httpx - INFO - HTTP Request: POST https://api.stratz.com/graphql "HTTP/1.1 200 OK"
2026-02-23 13:29:06,604 - root - INFO - Processing 6014035506 (314/4058)
2026-02-23 13:29:07,063 - httpx - INFO - HTTP Request: POST https://api.stratz.com/graphql "HTTP/1.1 200 OK"
2026-02-23 13:29:07,064 - root - INFO - Processing 6013913712 (315/4058)
2026-02-23 13:29:07,504 - httpx - INFO - HTTP Request: POST https://api.stratz.com/graphql "HTTP/1.1 200 OK"
2026-02-23 13:29:07,505 - root - INFO - Processing 6013907581 (316/4058)
2026-02-23 13:29:07,967 - httpx - INFO - HTTP Request: POST https://api.stratz.com/graphql "HTTP/1.1 200 OK"
2026-02-23 13:29:07,968 - root - INFO - Processing 6013796437 (317/4058)
2026-02-23 13:29:08,421 - httpx - INFO - HTTP Request: POST https://api.stratz.com/graphql "HTTP/1.1 200 OK"
2026-02-23 13:29:08,422 - root - INFO - Processing 6013789202 (318/4058)
2026-02-23 13:29:08,856 - httpx - INFO - HTTP Request: POST https://api.stratz.com/graphql "HTTP/1.1 200 OK"
2026-02-23 13:29:08,857 - root - INFO - Processing 6012644614 (319/4058)
2026-02-23 13:29:09,453 - httpx - INFO - HTTP Request: POST https://api.stratz.com/graphql "HTTP/1.1 200 OK"
2026-02-23 13:29:09,454 - root - INFO - Processing 6012602774 (320/4058)
2026-02-23 13:29:09,925 - httpx - INFO - HTTP Request: POST https://api.stratz.com/graphql "HTTP/1.1 200 OK"
2026-02-23 13:29:09,927 - root - INFO - Processing 6012560312 (321/4058)
2026-02-23 13:29:10,399 - httpx - INFO - HTTP Request: POST https://api.stratz.com/graphql "HTTP/1.1 200 OK"
2026-02-23 13:29:10,400 - root - INFO - Processing 6012541378 (322/4058)
2026-02-23 13:29:10,860 - httpx - INFO - HTTP Request: POST https://api.stratz.com/graphql "HTTP/1.1 200 OK"
2026-02-23 13:29:10,862 - root - INFO - Processing 6012453450 (323/4058)
2026-02-23 13:29:11,322 - httpx - INFO - HTTP Request: POST https://api.stratz.com/graphql "HTTP/1.1 200 OK"
2026-02-23 13:29:11,324 - root - INFO - Processing 6012446981 (324/4058)
2026-02-23 13:29:11,799 - httpx - INFO - HTTP Request: POST https://api.stratz.com/graphql "HTTP/1.1 200 OK"
2026-02-23 13:29:11,800 - root - INFO - Processing 6012439982 (325/4058)
2026-02-23 13:29:12,253 - httpx - INFO - HTTP Request: POST https://api.stratz.com/graphql "HTTP/1.1 200 OK"
2026-02-23 13:29:12,254 - root - INFO - Processing 6012435251 (326/4058)
2026-02-23 13:29:12,710 - httpx - INFO - HTTP Request: POST https://api.stratz.com/graphql "HTTP/1.1 200 OK"
2026-02-23 13:29:12,711 - root - INFO - Processing 6012338116 (327/4058)
2026-02-23 13:29:13,174 - httpx - INFO - HTTP Request: POST https://api.stratz.com/graphql "HTTP/1.1 200 OK"
2026-02-23 13:29:13,175 - root - INFO - Processing 6012337713 (328/4058)
2026-02-23 13:29:13,674 - httpx - INFO - HTTP Request: POST https://api.stratz.com/graphql "HTTP/1.1 200 OK"
2026-02-23 13:29:13,675 - root - INFO - Processing 6012336432 (329/4058)
2026-02-23 13:29:14,131 - httpx - INFO - HTTP Request: POST https://api.stratz.com/graphql "HTTP/1.1 200 OK"
2026-02-23 13:29:14,133 - root - INFO - Processing 6012331610 (330/4058)
2026-02-23 13:29:14,599 - httpx - INFO - HTTP Request: POST https://api.stratz.com/graphql "HTTP/1.1 200 OK"
2026-02-23 13:29:14,610 - root - INFO - Processing 6012331498 (331/4058)
2026-02-23 13:29:15,130 - httpx - INFO - HTTP Request: POST https://api.stratz.com/graphql "HTTP/1.1 200 OK"
2026-02-23 13:29:15,131 - root - INFO - Processing 6012330977 (332/4058)
2026-02-23 13:29:15,755 - httpx - INFO - HTTP Request: POST https://api.stratz.com/graphql "HTTP/1.1 200 OK"
2026-02-23 13:29:15,756 - root - INFO - Processing 6012327930 (333/4058)
2026-02-23 13:29:16,258 - httpx - INFO - HTTP Request: POST https://api.stratz.com/graphql "HTTP/1.1 200 OK"
2026-02-23 13:29:16,259 - root - INFO - Processing 6012325580 (334/4058)
2026-02-23 13:29:16,708 - httpx - INFO - HTTP Request: POST https://api.stratz.com/graphql "HTTP/1.1 200 OK"
2026-02-23 13:29:16,709 - root - INFO - Processing 6011088823 (335/4058)
2026-02-23 13:29:17,164 - httpx - INFO - HTTP Request: POST https://api.stratz.com/graphql "HTTP/1.1 200 OK"
2026-02-23 13:29:17,165 - root - INFO - Processing 6011067706 (336/4058)
2026-02-23 13:29:17,614 - httpx - INFO - HTTP Request: POST https://api.stratz.com/graphql "HTTP/1.1 200 OK"
2026-02-23 13:29:17,616 - root - INFO - Processing 6011040635 (337/4058)
2026-02-23 13:29:18,081 - httpx - INFO - HTTP Request: POST https://api.stratz.com/graphql "HTTP/1.1 200 OK"
2026-02-23 13:29:18,082 - root - INFO - Processing 6011024870 (338/4058)
2026-02-23 13:29:18,523 - httpx - INFO - HTTP Request: POST https://api.stratz.com/graphql "HTTP/1.1 200 OK"
2026-02-23 13:29:18,524 - root - INFO - Processing 6011016603 (339/4058)
2026-02-23 13:29:18,957 - httpx - INFO - HTTP Request: POST https://api.stratz.com/graphql "HTTP/1.1 200 OK"
2026-02-23 13:29:18,958 - root - INFO - Processing 6011015973 (340/4058)
2026-02-23 13:29:19,422 - httpx - INFO - HTTP Request: POST https://api.stratz.com/graphql "HTTP/1.1 200 OK"
2026-02-23 13:29:19,423 - root - INFO - Processing 6011007858 (341/4058)
2026-02-23 13:29:19,851 - httpx - INFO - HTTP Request: POST https://api.stratz.com/graphql "HTTP/1.1 200 OK"
2026-02-23 13:29:19,852 - root - INFO - Processing 6011002666 (342/4058)
2026-02-23 13:29:20,285 - httpx - INFO - HTTP Request: POST https://api.stratz.com/graphql "HTTP/1.1 200 OK"
2026-02-23 13:29:20,286 - root - INFO - Processing 6011002083 (343/4058)
2026-02-23 13:29:20,726 - httpx - INFO - HTTP Request: POST https://api.stratz.com/graphql "HTTP/1.1 200 OK"
2026-02-23 13:29:20,727 - root - INFO - Processing 6011000907 (344/4058)
2026-02-23 13:29:21,165 - httpx - INFO - HTTP Request: POST https://api.stratz.com/graphql "HTTP/1.1 200 OK"
2026-02-23 13:29:21,166 - root - INFO - Processing 6010999986 (345/4058)
2026-02-23 13:29:21,617 - httpx - INFO - HTTP Request: POST https://api.stratz.com/graphql "HTTP/1.1 200 OK"
2026-02-23 13:29:21,618 - root - INFO - Processing 6010999143 (346/4058)
2026-02-23 13:29:22,162 - httpx - INFO - HTTP Request: POST https://api.stratz.com/graphql "HTTP/1.1 200 OK"
2026-02-23 13:29:22,163 - root - INFO - Processing 6010998907 (347/4058)
2026-02-23 13:29:22,642 - httpx - INFO - HTTP Request: POST https://api.stratz.com/graphql "HTTP/1.1 200 OK"
2026-02-23 13:29:22,643 - root - INFO - Processing 6010991772 (348/4058)
2026-02-23 13:29:23,108 - httpx - INFO - HTTP Request: POST https://api.stratz.com/graphql "HTTP/1.1 200 OK"
2026-02-23 13:29:23,109 - root - INFO - Processing 6010990604 (349/4058)
2026-02-23 13:29:23,608 - httpx - INFO - HTTP Request: POST https://api.stratz.com/graphql "HTTP/1.1 200 OK"
2026-02-23 13:29:23,609 - root - INFO - Processing 6010989268 (350/4058)
2026-02-23 13:29:24,061 - httpx - INFO - HTTP Request: POST https://api.stratz.com/graphql "HTTP/1.1 200 OK"
2026-02-23 13:29:24,062 - root - INFO - Processing 6010982369 (351/4058)
2026-02-23 13:29:24,503 - httpx - INFO - HTTP Request: POST https://api.stratz.com/graphql "HTTP/1.1 200 OK"
2026-02-23 13:29:24,504 - root - INFO - Processing 6010981078 (352/4058)
2026-02-23 13:29:24,956 - httpx - INFO - HTTP Request: POST https://api.stratz.com/graphql "HTTP/1.1 200 OK"
2026-02-23 13:29:24,967 - root - INFO - Processing 6010976895 (353/4058)
2026-02-23 13:29:25,444 - httpx - INFO - HTTP Request: POST https://api.stratz.com/graphql "HTTP/1.1 200 OK"
2026-02-23 13:29:25,445 - root - INFO - Processing 6010976253 (354/4058)
2026-02-23 13:29:25,888 - httpx - INFO - HTTP Request: POST https://api.stratz.com/graphql "HTTP/1.1 200 OK"
2026-02-23 13:29:25,889 - root - INFO - Processing 6010952947 (355/4058)
2026-02-23 13:29:26,344 - httpx - INFO - HTTP Request: POST https://api.stratz.com/graphql "HTTP/1.1 200 OK"
2026-02-23 13:29:26,345 - root - INFO - Processing 6010941919 (356/4058)
2026-02-23 13:29:26,812 - httpx - INFO - HTTP Request: POST https://api.stratz.com/graphql "HTTP/1.1 200 OK"
2026-02-23 13:29:26,813 - root - INFO - Processing 6010938492 (357/4058)
2026-02-23 13:29:27,274 - httpx - INFO - HTTP Request: POST https://api.stratz.com/graphql "HTTP/1.1 200 OK"
2026-02-23 13:29:27,275 - root - INFO - Processing 6010938465 (358/4058)
2026-02-23 13:29:27,736 - httpx - INFO - HTTP Request: POST https://api.stratz.com/graphql "HTTP/1.1 200 OK"
2026-02-23 13:29:27,737 - root - INFO - Processing 6010937326 (359/4058)
2026-02-23 13:29:28,184 - httpx - INFO - HTTP Request: POST https://api.stratz.com/graphql "HTTP/1.1 200 OK"
2026-02-23 13:29:28,186 - root - INFO - Processing 6010936473 (360/4058)
2026-02-23 13:29:28,651 - httpx - INFO - HTTP Request: POST https://api.stratz.com/graphql "HTTP/1.1 200 OK"
2026-02-23 13:29:28,653 - root - INFO - Processing 6010934178 (361/4058)
2026-02-23 13:29:29,107 - httpx - INFO - HTTP Request: POST https://api.stratz.com/graphql "HTTP/1.1 200 OK"
2026-02-23 13:29:29,108 - root - INFO - Processing 6010929269 (362/4058)
2026-02-23 13:29:29,541 - httpx - INFO - HTTP Request: POST https://api.stratz.com/graphql "HTTP/1.1 200 OK"
2026-02-23 13:29:29,542 - root - INFO - Processing 6010925300 (363/4058)
2026-02-23 13:29:29,984 - httpx - INFO - HTTP Request: POST https://api.stratz.com/graphql "HTTP/1.1 200 OK"
2026-02-23 13:29:29,985 - root - INFO - Processing 6010922931 (364/4058)
2026-02-23 13:29:30,435 - httpx - INFO - HTTP Request: POST https://api.stratz.com/graphql "HTTP/1.1 200 OK"
2026-02-23 13:29:30,436 - root - INFO - Processing 6010919328 (365/4058)
2026-02-23 13:29:30,891 - httpx - INFO - HTTP Request: POST https://api.stratz.com/graphql "HTTP/1.1 200 OK"
2026-02-23 13:29:30,892 - root - INFO - Processing 6010918812 (366/4058)
2026-02-23 13:29:31,328 - httpx - INFO - HTTP Request: POST https://api.stratz.com/graphql "HTTP/1.1 200 OK"
2026-02-23 13:29:31,329 - root - INFO - Processing 6010909476 (367/4058)
2026-02-23 13:29:31,789 - httpx - INFO - HTTP Request: POST https://api.stratz.com/graphql "HTTP/1.1 200 OK"
2026-02-23 13:29:31,790 - root - INFO - Processing 6010884425 (368/4058)
2026-02-23 13:29:32,232 - httpx - INFO - HTTP Request: POST https://api.stratz.com/graphql "HTTP/1.1 200 OK"
2026-02-23 13:29:32,233 - root - INFO - Processing 6010869296 (369/4058)
2026-02-23 13:29:32,691 - httpx - INFO - HTTP Request: POST https://api.stratz.com/graphql "HTTP/1.1 200 OK"
2026-02-23 13:29:32,692 - root - INFO - Processing 6010866014 (370/4058)
2026-02-23 13:29:33,267 - httpx - INFO - HTTP Request: POST https://api.stratz.com/graphql "HTTP/1.1 200 OK"
2026-02-23 13:29:33,268 - root - INFO - Processing 6010864873 (371/4058)
2026-02-23 13:29:33,858 - httpx - INFO - HTTP Request: POST https://api.stratz.com/graphql "HTTP/1.1 200 OK"
2026-02-23 13:29:33,859 - root - INFO - Processing 6010864589 (372/4058)
2026-02-23 13:29:34,301 - httpx - INFO - HTTP Request: POST https://api.stratz.com/graphql "HTTP/1.1 200 OK"
2026-02-23 13:29:34,302 - root - INFO - Processing 6010864472 (373/4058)
2026-02-23 13:29:34,731 - httpx - INFO - HTTP Request: POST https://api.stratz.com/graphql "HTTP/1.1 200 OK"
2026-02-23 13:29:34,732 - root - INFO - Processing 6010862830 (374/4058)
2026-02-23 13:29:35,160 - httpx - INFO - HTTP Request: POST https://api.stratz.com/graphql "HTTP/1.1 200 OK"
2026-02-23 13:29:35,174 - root - INFO - Processing 6010862425 (375/4058)
2026-02-23 13:29:35,628 - httpx - INFO - HTTP Request: POST https://api.stratz.com/graphql "HTTP/1.1 200 OK"
2026-02-23 13:29:35,629 - root - INFO - Processing 6010862299 (376/4058)
2026-02-23 13:29:36,090 - httpx - INFO - HTTP Request: POST https://api.stratz.com/graphql "HTTP/1.1 200 OK"
2026-02-23 13:29:36,091 - root - INFO - Processing 6010861536 (377/4058)
2026-02-23 13:29:36,541 - httpx - INFO - HTTP Request: POST https://api.stratz.com/graphql "HTTP/1.1 200 OK"
2026-02-23 13:29:36,542 - root - INFO - Processing 6010861484 (378/4058)
2026-02-23 13:29:36,993 - httpx - INFO - HTTP Request: POST https://api.stratz.com/graphql "HTTP/1.1 200 OK"
2026-02-23 13:29:36,994 - root - INFO - Processing 6010861145 (379/4058)
2026-02-23 13:29:37,454 - httpx - INFO - HTTP Request: POST https://api.stratz.com/graphql "HTTP/1.1 200 OK"
2026-02-23 13:29:37,455 - root - INFO - Processing 6010859403 (380/4058)
2026-02-23 13:29:37,905 - httpx - INFO - HTTP Request: POST https://api.stratz.com/graphql "HTTP/1.1 200 OK"
2026-02-23 13:29:37,905 - root - INFO - Processing 6010859212 (381/4058)
2026-02-23 13:29:38,360 - httpx - INFO - HTTP Request: POST https://api.stratz.com/graphql "HTTP/1.1 200 OK"
2026-02-23 13:29:38,361 - root - INFO - Processing 6010859034 (382/4058)
2026-02-23 13:29:39,138 - httpx - INFO - HTTP Request: POST https://api.stratz.com/graphql "HTTP/1.1 200 OK"
2026-02-23 13:29:39,139 - root - INFO - Processing 6010858365 (383/4058)
2026-02-23 13:29:39,612 - httpx - INFO - HTTP Request: POST https://api.stratz.com/graphql "HTTP/1.1 200 OK"
2026-02-23 13:29:39,613 - root - INFO - Processing 6010858270 (384/4058)
2026-02-23 13:29:40,048 - httpx - INFO - HTTP Request: POST https://api.stratz.com/graphql "HTTP/1.1 200 OK"
2026-02-23 13:29:40,049 - root - INFO - Processing 6010857903 (385/4058)
2026-02-23 13:29:40,569 - httpx - INFO - HTTP Request: POST https://api.stratz.com/graphql "HTTP/1.1 200 OK"
2026-02-23 13:29:40,571 - root - INFO - Processing 6010857364 (386/4058)
2026-02-23 13:29:41,060 - httpx - INFO - HTTP Request: POST https://api.stratz.com/graphql "HTTP/1.1 200 OK"
2026-02-23 13:29:41,061 - root - INFO - Processing 6010857003 (387/4058)
2026-02-23 13:29:41,506 - httpx - INFO - HTTP Request: POST https://api.stratz.com/graphql "HTTP/1.1 200 OK"
2026-02-23 13:29:41,506 - root - INFO - Processing 6010856275 (388/4058)
2026-02-23 13:29:41,961 - httpx - INFO - HTTP Request: POST https://api.stratz.com/graphql "HTTP/1.1 200 OK"
2026-02-23 13:29:41,962 - root - INFO - Processing 6010855886 (389/4058)
2026-02-23 13:29:42,561 - httpx - INFO - HTTP Request: POST https://api.stratz.com/graphql "HTTP/1.1 200 OK"
2026-02-23 13:29:42,562 - root - INFO - Processing 6010855689 (390/4058)
2026-02-23 13:29:43,015 - httpx - INFO - HTTP Request: POST https://api.stratz.com/graphql "HTTP/1.1 200 OK"
2026-02-23 13:29:43,016 - root - INFO - Processing 6010855663 (391/4058)
2026-02-23 13:29:43,459 - httpx - INFO - HTTP Request: POST https://api.stratz.com/graphql "HTTP/1.1 200 OK"
2026-02-23 13:29:43,460 - root - INFO - Processing 6010855385 (392/4058)
2026-02-23 13:29:43,926 - httpx - INFO - HTTP Request: POST https://api.stratz.com/graphql "HTTP/1.1 200 OK"
2026-02-23 13:29:43,927 - root - INFO - Processing 5682670773 (393/4058)
2026-02-23 13:29:44,382 - httpx - INFO - HTTP Request: POST https://api.stratz.com/graphql "HTTP/1.1 200 OK"
2026-02-23 13:29:44,384 - root - INFO - Processing 5682574141 (394/4058)
2026-02-23 13:29:44,824 - httpx - INFO - HTTP Request: POST https://api.stratz.com/graphql "HTTP/1.1 200 OK"
2026-02-23 13:29:44,826 - root - INFO - Processing 5682489350 (395/4058)
2026-02-23 13:29:45,290 - httpx - INFO - HTTP Request: POST https://api.stratz.com/graphql "HTTP/1.1 200 OK"
2026-02-23 13:29:45,291 - root - INFO - Processing 5682393918 (396/4058)
2026-02-23 13:29:45,750 - httpx - INFO - HTTP Request: POST https://api.stratz.com/graphql "HTTP/1.1 200 OK"
2026-02-23 13:29:45,751 - root - INFO - Processing 5680961940 (397/4058)
2026-02-23 13:29:46,192 - httpx - INFO - HTTP Request: POST https://api.stratz.com/graphql "HTTP/1.1 200 OK"
2026-02-23 13:29:46,193 - root - INFO - Processing 5680873533 (398/4058)
2026-02-23 13:29:46,611 - httpx - INFO - HTTP Request: POST https://api.stratz.com/graphql "HTTP/1.1 200 OK"
2026-02-23 13:29:46,613 - root - INFO - Processing 5679127679 (399/4058)
2026-02-23 13:29:47,034 - httpx - INFO - HTTP Request: POST https://api.stratz.com/graphql "HTTP/1.1 200 OK"
2026-02-23 13:29:47,034 - root - INFO - Processing 5679008610 (400/4058)
2026-02-23 13:29:47,472 - httpx - INFO - HTTP Request: POST https://api.stratz.com/graphql "HTTP/1.1 200 OK"
2026-02-23 13:29:47,473 - root - INFO - Processing 5678917339 (401/4058)
2026-02-23 13:29:47,916 - httpx - INFO - HTTP Request: POST https://api.stratz.com/graphql "HTTP/1.1 200 OK"
2026-02-23 13:29:47,917 - root - INFO - Processing 5678767892 (402/4058)
2026-02-23 13:29:48,342 - httpx - INFO - HTTP Request: POST https://api.stratz.com/graphql "HTTP/1.1 200 OK"
2026-02-23 13:29:48,343 - root - INFO - Processing 5677422607 (403/4058)
2026-02-23 13:29:48,770 - httpx - INFO - HTTP Request: POST https://api.stratz.com/graphql "HTTP/1.1 200 OK"
2026-02-23 13:29:48,771 - root - INFO - Processing 5677367000 (404/4058)
2026-02-23 13:29:49,210 - httpx - INFO - HTTP Request: POST https://api.stratz.com/graphql "HTTP/1.1 200 OK"
2026-02-23 13:29:49,211 - root - INFO - Processing 5677272676 (405/4058)
2026-02-23 13:29:49,692 - httpx - INFO - HTTP Request: POST https://api.stratz.com/graphql "HTTP/1.1 200 OK"
2026-02-23 13:29:49,693 - root - INFO - Processing 5677173155 (406/4058)
2026-02-23 13:29:50,146 - httpx - INFO - HTTP Request: POST https://api.stratz.com/graphql "HTTP/1.1 200 OK"
2026-02-23 13:29:50,147 - root - INFO - Processing 5676137940 (407/4058)
2026-02-23 13:29:50,589 - httpx - INFO - HTTP Request: POST https://api.stratz.com/graphql "HTTP/1.1 200 OK"
2026-02-23 13:29:50,590 - root - INFO - Processing 5676056864 (408/4058)
2026-02-23 13:29:51,017 - httpx - INFO - HTTP Request: POST https://api.stratz.com/graphql "HTTP/1.1 200 OK"
2026-02-23 13:29:51,018 - root - INFO - Processing 5675969871 (409/4058)
2026-02-23 13:29:51,478 - httpx - INFO - HTTP Request: POST https://api.stratz.com/graphql "HTTP/1.1 200 OK"
2026-02-23 13:29:51,479 - root - INFO - Processing 5675840157 (410/4058)
2026-02-23 13:29:51,908 - httpx - INFO - HTTP Request: POST https://api.stratz.com/graphql "HTTP/1.1 200 OK"
2026-02-23 13:29:51,909 - root - INFO - Processing 5672190137 (411/4058)
2026-02-23 13:29:52,356 - httpx - INFO - HTTP Request: POST https://api.stratz.com/graphql "HTTP/1.1 200 OK"
2026-02-23 13:29:52,357 - root - INFO - Processing 5672119006 (412/4058)
2026-02-23 13:29:52,789 - httpx - INFO - HTTP Request: POST https://api.stratz.com/graphql "HTTP/1.1 200 OK"
2026-02-23 13:29:52,790 - root - INFO - Processing 5672036135 (413/4058)
2026-02-23 13:29:53,233 - httpx - INFO - HTTP Request: POST https://api.stratz.com/graphql "HTTP/1.1 200 OK"
2026-02-23 13:29:53,234 - root - INFO - Processing 5671958835 (414/4058)
2026-02-23 13:29:53,688 - httpx - INFO - HTTP Request: POST https://api.stratz.com/graphql "HTTP/1.1 200 OK"
2026-02-23 13:29:53,689 - root - INFO - Processing 5671860117 (415/4058)
2026-02-23 13:29:54,130 - httpx - INFO - HTTP Request: POST https://api.stratz.com/graphql "HTTP/1.1 200 OK"
2026-02-23 13:29:54,131 - root - INFO - Processing 5670607532 (416/4058)
2026-02-23 13:29:54,577 - httpx - INFO - HTTP Request: POST https://api.stratz.com/graphql "HTTP/1.1 200 OK"
2026-02-23 13:29:54,578 - root - INFO - Processing 5670533422 (417/4058)
2026-02-23 13:29:55,011 - httpx - INFO - HTTP Request: POST https://api.stratz.com/graphql "HTTP/1.1 200 OK"
2026-02-23 13:29:55,012 - root - INFO - Processing 5670450898 (418/4058)
2026-02-23 13:29:55,466 - httpx - INFO - HTTP Request: POST https://api.stratz.com/graphql "HTTP/1.1 200 OK"
2026-02-23 13:29:55,467 - root - INFO - Processing 5670334914 (419/4058)
2026-02-23 13:29:55,964 - httpx - INFO - HTTP Request: POST https://api.stratz.com/graphql "HTTP/1.1 200 OK"
2026-02-23 13:29:55,965 - root - INFO - Processing 5670212972 (420/4058)
2026-02-23 13:29:56,422 - httpx - INFO - HTTP Request: POST https://api.stratz.com/graphql "HTTP/1.1 200 OK"
2026-02-23 13:29:56,423 - root - INFO - Processing 5669141870 (421/4058)
2026-02-23 13:29:56,877 - httpx - INFO - HTTP Request: POST https://api.stratz.com/graphql "HTTP/1.1 200 OK"
2026-02-23 13:29:56,878 - root - INFO - Processing 5669083367 (422/4058)
2026-02-23 13:29:57,310 - httpx - INFO - HTTP Request: POST https://api.stratz.com/graphql "HTTP/1.1 200 OK"
2026-02-23 13:29:57,311 - root - INFO - Processing 5669000737 (423/4058)
2026-02-23 13:29:57,763 - httpx - INFO - HTTP Request: POST https://api.stratz.com/graphql "HTTP/1.1 200 OK"
2026-02-23 13:29:57,764 - root - INFO - Processing 5668907457 (424/4058)
2026-02-23 13:29:58,217 - httpx - INFO - HTTP Request: POST https://api.stratz.com/graphql "HTTP/1.1 200 OK"
2026-02-23 13:29:58,219 - root - INFO - Processing 5668809412 (425/4058)
2026-02-23 13:29:58,647 - httpx - INFO - HTTP Request: POST https://api.stratz.com/graphql "HTTP/1.1 200 OK"
2026-02-23 13:29:58,648 - root - INFO - Processing 5668713947 (426/4058)
2026-02-23 13:29:59,082 - httpx - INFO - HTTP Request: POST https://api.stratz.com/graphql "HTTP/1.1 200 OK"
2026-02-23 13:29:59,083 - root - INFO - Processing 5665261798 (427/4058)
2026-02-23 13:29:59,535 - httpx - INFO - HTTP Request: POST https://api.stratz.com/graphql "HTTP/1.1 200 OK"
2026-02-23 13:29:59,536 - root - INFO - Processing 5665194183 (428/4058)
2026-02-23 13:29:59,963 - httpx - INFO - HTTP Request: POST https://api.stratz.com/graphql "HTTP/1.1 200 OK"
2026-02-23 13:29:59,965 - root - INFO - Processing 5665120927 (429/4058)
2026-02-23 13:30:00,438 - httpx - INFO - HTTP Request: POST https://api.stratz.com/graphql "HTTP/1.1 200 OK"
2026-02-23 13:30:00,439 - root - INFO - Processing 5665051622 (430/4058)
2026-02-23 13:30:00,878 - httpx - INFO - HTTP Request: POST https://api.stratz.com/graphql "HTTP/1.1 200 OK"
2026-02-23 13:30:00,879 - root - INFO - Processing 5664987638 (431/4058)
2026-02-23 13:30:01,547 - httpx - INFO - HTTP Request: POST https://api.stratz.com/graphql "HTTP/1.1 200 OK"
2026-02-23 13:30:01,548 - root - INFO - Processing 5664882954 (432/4058)
2026-02-23 13:30:01,984 - httpx - INFO - HTTP Request: POST https://api.stratz.com/graphql "HTTP/1.1 200 OK"
2026-02-23 13:30:01,985 - root - INFO - Processing 5664775564 (433/4058)
2026-02-23 13:30:02,446 - httpx - INFO - HTTP Request: POST https://api.stratz.com/graphql "HTTP/1.1 200 OK"
2026-02-23 13:30:02,448 - root - INFO - Processing 5664677667 (434/4058)
2026-02-23 13:30:02,872 - httpx - INFO - HTTP Request: POST https://api.stratz.com/graphql "HTTP/1.1 200 OK"
2026-02-23 13:30:02,873 - root - INFO - Processing 5664577929 (435/4058)
2026-02-23 13:30:03,301 - httpx - INFO - HTTP Request: POST https://api.stratz.com/graphql "HTTP/1.1 200 OK"
2026-02-23 13:30:03,303 - root - INFO - Processing 5662511001 (436/4058)
2026-02-23 13:30:03,723 - httpx - INFO - HTTP Request: POST https://api.stratz.com/graphql "HTTP/1.1 200 OK"
2026-02-23 13:30:03,724 - root - INFO - Processing 5662404469 (437/4058)
2026-02-23 13:30:04,157 - httpx - INFO - HTTP Request: POST https://api.stratz.com/graphql "HTTP/1.1 200 OK"
2026-02-23 13:30:04,158 - root - INFO - Processing 5662307607 (438/4058)
2026-02-23 13:30:04,603 - httpx - INFO - HTTP Request: POST https://api.stratz.com/graphql "HTTP/1.1 200 OK"
2026-02-23 13:30:04,604 - root - INFO - Processing 5662147624 (439/4058)
2026-02-23 13:30:05,063 - httpx - INFO - HTTP Request: POST https://api.stratz.com/graphql "HTTP/1.1 200 OK"
2026-02-23 13:30:05,064 - root - INFO - Processing 5662058221 (440/4058)
2026-02-23 13:30:05,521 - httpx - INFO - HTTP Request: POST https://api.stratz.com/graphql "HTTP/1.1 200 OK"
2026-02-23 13:30:05,522 - root - INFO - Processing 5661944699 (441/4058)
2026-02-23 13:30:05,965 - httpx - INFO - HTTP Request: POST https://api.stratz.com/graphql "HTTP/1.1 200 OK"
2026-02-23 13:30:05,966 - root - INFO - Processing 5660907239 (442/4058)
2026-02-23 13:30:06,412 - httpx - INFO - HTTP Request: POST https://api.stratz.com/graphql "HTTP/1.1 200 OK"
2026-02-23 13:30:06,413 - root - INFO - Processing 5660786161 (443/4058)
2026-02-23 13:30:07,039 - httpx - INFO - HTTP Request: POST https://api.stratz.com/graphql "HTTP/1.1 200 OK"
2026-02-23 13:30:07,040 - root - INFO - Processing 5660709534 (444/4058)
2026-02-23 13:30:07,506 - httpx - INFO - HTTP Request: POST https://api.stratz.com/graphql "HTTP/1.1 200 OK"
2026-02-23 13:30:07,507 - root - INFO - Processing 5660582491 (445/4058)
2026-02-23 13:30:07,958 - httpx - INFO - HTTP Request: POST https://api.stratz.com/graphql "HTTP/1.1 200 OK"
2026-02-23 13:30:07,959 - root - INFO - Processing 5660457746 (446/4058)
2026-02-23 13:30:08,387 - httpx - INFO - HTTP Request: POST https://api.stratz.com/graphql "HTTP/1.1 200 OK"
2026-02-23 13:30:08,389 - root - INFO - Processing 5660366645 (447/4058)
2026-02-23 13:30:08,822 - httpx - INFO - HTTP Request: POST https://api.stratz.com/graphql "HTTP/1.1 200 OK"
2026-02-23 13:30:08,823 - root - INFO - Processing 5658135140 (448/4058)
2026-02-23 13:30:09,329 - httpx - INFO - HTTP Request: POST https://api.stratz.com/graphql "HTTP/1.1 200 OK"
2026-02-23 13:30:09,330 - root - INFO - Processing 5658051669 (449/4058)
2026-02-23 13:30:09,852 - httpx - INFO - HTTP Request: POST https://api.stratz.com/graphql "HTTP/1.1 200 OK"
2026-02-23 13:30:09,853 - root - INFO - Processing 5657983086 (450/4058)
2026-02-23 13:30:10,280 - httpx - INFO - HTTP Request: POST https://api.stratz.com/graphql "HTTP/1.1 200 OK"
2026-02-23 13:30:10,280 - root - INFO - Processing 5657869665 (451/4058)
2026-02-23 13:30:10,818 - httpx - INFO - HTTP Request: POST https://api.stratz.com/graphql "HTTP/1.1 200 OK"
2026-02-23 13:30:10,820 - root - INFO - Processing 5657771104 (452/4058)
2026-02-23 13:30:11,240 - httpx - INFO - HTTP Request: POST https://api.stratz.com/graphql "HTTP/1.1 200 OK"
2026-02-23 13:30:11,241 - root - INFO - Processing 5657693058 (453/4058)
2026-02-23 13:30:11,675 - httpx - INFO - HTTP Request: POST https://api.stratz.com/graphql "HTTP/1.1 200 OK"
2026-02-23 13:30:11,676 - root - INFO - Processing 5657590842 (454/4058)
2026-02-23 13:30:12,124 - httpx - INFO - HTTP Request: POST https://api.stratz.com/graphql "HTTP/1.1 200 OK"
2026-02-23 13:30:12,126 - root - INFO - Processing 5656984992 (455/4058)
2026-02-23 13:30:12,583 - httpx - INFO - HTTP Request: POST https://api.stratz.com/graphql "HTTP/1.1 200 OK"
2026-02-23 13:30:12,584 - root - INFO - Processing 5656940987 (456/4058)
2026-02-23 13:30:13,032 - httpx - INFO - HTTP Request: POST https://api.stratz.com/graphql "HTTP/1.1 200 OK"
2026-02-23 13:30:13,033 - root - INFO - Processing 5656864436 (457/4058)
2026-02-23 13:30:13,471 - httpx - INFO - HTTP Request: POST https://api.stratz.com/graphql "HTTP/1.1 200 OK"
2026-02-23 13:30:13,472 - root - INFO - Processing 5656805674 (458/4058)
2026-02-23 13:30:13,917 - httpx - INFO - HTTP Request: POST https://api.stratz.com/graphql "HTTP/1.1 200 OK"
2026-02-23 13:30:13,918 - root - INFO - Processing 5656734434 (459/4058)
2026-02-23 13:30:14,341 - httpx - INFO - HTTP Request: POST https://api.stratz.com/graphql "HTTP/1.1 200 OK"
2026-02-23 13:30:14,342 - root - INFO - Processing 5656647296 (460/4058)
2026-02-23 13:30:14,789 - httpx - INFO - HTTP Request: POST https://api.stratz.com/graphql "HTTP/1.1 200 OK"
2026-02-23 13:30:14,790 - root - INFO - Processing 5656502569 (461/4058)
2026-02-23 13:30:15,245 - httpx - INFO - HTTP Request: POST https://api.stratz.com/graphql "HTTP/1.1 200 OK"
2026-02-23 13:30:15,245 - root - INFO - Processing 5656438498 (462/4058)
2026-02-23 13:30:15,708 - httpx - INFO - HTTP Request: POST https://api.stratz.com/graphql "HTTP/1.1 200 OK"
2026-02-23 13:30:15,720 - root - INFO - Processing 5656326030 (463/4058)
2026-02-23 13:30:16,151 - httpx - INFO - HTTP Request: POST https://api.stratz.com/graphql "HTTP/1.1 200 OK"
2026-02-23 13:30:16,152 - root - INFO - Processing 5655666196 (464/4058)
2026-02-23 13:30:16,591 - httpx - INFO - HTTP Request: POST https://api.stratz.com/graphql "HTTP/1.1 200 OK"
2026-02-23 13:30:16,592 - root - INFO - Processing 5655584019 (465/4058)
2026-02-23 13:30:17,013 - httpx - INFO - HTTP Request: POST https://api.stratz.com/graphql "HTTP/1.1 200 OK"
2026-02-23 13:30:17,014 - root - INFO - Processing 5655501543 (466/4058)
2026-02-23 13:30:17,452 - httpx - INFO - HTTP Request: POST https://api.stratz.com/graphql "HTTP/1.1 200 OK"
2026-02-23 13:30:17,453 - root - INFO - Processing 5655427314 (467/4058)
2026-02-23 13:30:17,898 - httpx - INFO - HTTP Request: POST https://api.stratz.com/graphql "HTTP/1.1 200 OK"
2026-02-23 13:30:17,900 - root - INFO - Processing 5655335526 (468/4058)
2026-02-23 13:30:18,332 - httpx - INFO - HTTP Request: POST https://api.stratz.com/graphql "HTTP/1.1 200 OK"
2026-02-23 13:30:18,333 - root - INFO - Processing 5653244631 (469/4058)
2026-02-23 13:30:18,777 - httpx - INFO - HTTP Request: POST https://api.stratz.com/graphql "HTTP/1.1 200 OK"
2026-02-23 13:30:18,778 - root - INFO - Processing 5653210988 (470/4058)
2026-02-23 13:30:19,284 - httpx - INFO - HTTP Request: POST https://api.stratz.com/graphql "HTTP/1.1 200 OK"
2026-02-23 13:30:19,285 - root - INFO - Processing 5653142227 (471/4058)
2026-02-23 13:30:19,743 - httpx - INFO - HTTP Request: POST https://api.stratz.com/graphql "HTTP/1.1 200 OK"
2026-02-23 13:30:19,744 - root - INFO - Processing 5653053919 (472/4058)
2026-02-23 13:30:20,190 - httpx - INFO - HTTP Request: POST https://api.stratz.com/graphql "HTTP/1.1 200 OK"
2026-02-23 13:30:20,191 - root - INFO - Processing 5652969500 (473/4058)
2026-02-23 13:30:20,628 - httpx - INFO - HTTP Request: POST https://api.stratz.com/graphql "HTTP/1.1 200 OK"
2026-02-23 13:30:20,630 - root - INFO - Processing 5652874521 (474/4058)
2026-02-23 13:30:21,070 - httpx - INFO - HTTP Request: POST https://api.stratz.com/graphql "HTTP/1.1 200 OK"
2026-02-23 13:30:21,071 - root - INFO - Processing 5652740577 (475/4058)
2026-02-23 13:30:21,519 - httpx - INFO - HTTP Request: POST https://api.stratz.com/graphql "HTTP/1.1 200 OK"
2026-02-23 13:30:21,520 - root - INFO - Processing 5652625971 (476/4058)
2026-02-23 13:30:21,965 - httpx - INFO - HTTP Request: POST https://api.stratz.com/graphql "HTTP/1.1 200 OK"
2026-02-23 13:30:21,966 - root - INFO - Processing 5652528739 (477/4058)
2026-02-23 13:30:22,413 - httpx - INFO - HTTP Request: POST https://api.stratz.com/graphql "HTTP/1.1 200 OK"
2026-02-23 13:30:22,414 - root - INFO - Processing 5651527300 (478/4058)
2026-02-23 13:30:22,858 - httpx - INFO - HTTP Request: POST https://api.stratz.com/graphql "HTTP/1.1 200 OK"
2026-02-23 13:30:22,860 - root - INFO - Processing 5651445432 (479/4058)
2026-02-23 13:30:23,300 - httpx - INFO - HTTP Request: POST https://api.stratz.com/graphql "HTTP/1.1 200 OK"
2026-02-23 13:30:23,301 - root - INFO - Processing 5651359616 (480/4058)
2026-02-23 13:30:23,777 - httpx - INFO - HTTP Request: POST https://api.stratz.com/graphql "HTTP/1.1 200 OK"
2026-02-23 13:30:23,778 - root - INFO - Processing 5651227760 (481/4058)
2026-02-23 13:30:24,236 - httpx - INFO - HTTP Request: POST https://api.stratz.com/graphql "HTTP/1.1 200 OK"
2026-02-23 13:30:24,237 - root - INFO - Processing 5651111603 (482/4058)
2026-02-23 13:30:25,017 - httpx - INFO - HTTP Request: POST https://api.stratz.com/graphql "HTTP/1.1 200 OK"
2026-02-23 13:30:25,018 - root - INFO - Processing 5650986568 (483/4058)
2026-02-23 13:30:25,481 - httpx - INFO - HTTP Request: POST https://api.stratz.com/graphql "HTTP/1.1 200 OK"
2026-02-23 13:30:25,482 - root - INFO - Processing 5650142829 (484/4058)
2026-02-23 13:30:25,911 - httpx - INFO - HTTP Request: POST https://api.stratz.com/graphql "HTTP/1.1 200 OK"
2026-02-23 13:30:25,924 - root - INFO - Processing 5650042103 (485/4058)
2026-02-23 13:30:26,386 - httpx - INFO - HTTP Request: POST https://api.stratz.com/graphql "HTTP/1.1 200 OK"
2026-02-23 13:30:26,387 - root - INFO - Processing 5649964618 (486/4058)
2026-02-23 13:30:26,846 - httpx - INFO - HTTP Request: POST https://api.stratz.com/graphql "HTTP/1.1 200 OK"
2026-02-23 13:30:26,846 - root - INFO - Processing 5649863884 (487/4058)
2026-02-23 13:30:27,297 - httpx - INFO - HTTP Request: POST https://api.stratz.com/graphql "HTTP/1.1 200 OK"
2026-02-23 13:30:27,298 - root - INFO - Processing 5647411902 (488/4058)
2026-02-23 13:30:27,743 - httpx - INFO - HTTP Request: POST https://api.stratz.com/graphql "HTTP/1.1 200 OK"
2026-02-23 13:30:27,744 - root - INFO - Processing 5647318494 (489/4058)
2026-02-23 13:30:28,203 - httpx - INFO - HTTP Request: POST https://api.stratz.com/graphql "HTTP/1.1 200 OK"
2026-02-23 13:30:28,204 - root - INFO - Processing 5647216127 (490/4058)
2026-02-23 13:30:28,657 - httpx - INFO - HTTP Request: POST https://api.stratz.com/graphql "HTTP/1.1 200 OK"
2026-02-23 13:30:28,658 - root - INFO - Processing 5647080796 (491/4058)
2026-02-23 13:30:29,114 - httpx - INFO - HTTP Request: POST https://api.stratz.com/graphql "HTTP/1.1 200 OK"
2026-02-23 13:30:29,114 - root - INFO - Processing 5646958088 (492/4058)
2026-02-23 13:30:29,640 - httpx - INFO - HTTP Request: POST https://api.stratz.com/graphql "HTTP/1.1 200 OK"
2026-02-23 13:30:29,641 - root - INFO - Processing 5646857322 (493/4058)
2026-02-23 13:30:30,111 - httpx - INFO - HTTP Request: POST https://api.stratz.com/graphql "HTTP/1.1 200 OK"
2026-02-23 13:30:30,112 - root - INFO - Processing 5646120280 (494/4058)
2026-02-23 13:30:30,581 - httpx - INFO - HTTP Request: POST https://api.stratz.com/graphql "HTTP/1.1 200 OK"
2026-02-23 13:30:30,583 - root - INFO - Processing 5646011608 (495/4058)
2026-02-23 13:30:31,018 - httpx - INFO - HTTP Request: POST https://api.stratz.com/graphql "HTTP/1.1 200 OK"
2026-02-23 13:30:31,019 - root - INFO - Processing 5645920746 (496/4058)
2026-02-23 13:30:31,466 - httpx - INFO - HTTP Request: POST https://api.stratz.com/graphql "HTTP/1.1 200 OK"
2026-02-23 13:30:31,467 - root - INFO - Processing 5645794839 (497/4058)
2026-02-23 13:30:31,913 - httpx - INFO - HTTP Request: POST https://api.stratz.com/graphql "HTTP/1.1 200 OK"
2026-02-23 13:30:31,914 - root - INFO - Processing 5645704332 (498/4058)
2026-02-23 13:30:32,375 - httpx - INFO - HTTP Request: POST https://api.stratz.com/graphql "HTTP/1.1 200 OK"
2026-02-23 13:30:32,376 - root - INFO - Processing 5645568048 (499/4058)
2026-02-23 13:30:32,839 - httpx - INFO - HTTP Request: POST https://api.stratz.com/graphql "HTTP/1.1 200 OK"
2026-02-23 13:30:32,840 - root - INFO - Processing 5645454664 (500/4058)
2026-02-23 13:30:33,299 - httpx - INFO - HTTP Request: POST https://api.stratz.com/graphql "HTTP/1.1 200 OK"
2026-02-23 13:30:33,300 - root - INFO - Processing 5644626111 (501/4058)
2026-02-23 13:30:33,779 - httpx - INFO - HTTP Request: POST https://api.stratz.com/graphql "HTTP/1.1 200 OK"
2026-02-23 13:30:33,780 - root - INFO - Processing 5644524719 (502/4058)
2026-02-23 13:30:34,240 - httpx - INFO - HTTP Request: POST https://api.stratz.com/graphql "HTTP/1.1 200 OK"
2026-02-23 13:30:34,241 - root - INFO - Processing 5644420232 (503/4058)
2026-02-23 13:30:34,685 - httpx - INFO - HTTP Request: POST https://api.stratz.com/graphql "HTTP/1.1 200 OK"
2026-02-23 13:30:34,686 - root - INFO - Processing 5644313409 (504/4058)
2026-02-23 13:30:35,134 - httpx - INFO - HTTP Request: POST https://api.stratz.com/graphql "HTTP/1.1 200 OK"
2026-02-23 13:30:35,135 - root - INFO - Processing 5633632443 (505/4058)
2026-02-23 13:30:35,567 - httpx - INFO - HTTP Request: POST https://api.stratz.com/graphql "HTTP/1.1 200 OK"
2026-02-23 13:30:35,568 - root - INFO - Processing 5633578544 (506/4058)
2026-02-23 13:30:36,017 - httpx - INFO - HTTP Request: POST https://api.stratz.com/graphql "HTTP/1.1 200 OK"
2026-02-23 13:30:36,029 - root - INFO - Processing 5633566646 (507/4058)
2026-02-23 13:30:36,491 - httpx - INFO - HTTP Request: POST https://api.stratz.com/graphql "HTTP/1.1 200 OK"
2026-02-23 13:30:36,492 - root - INFO - Processing 5633464554 (508/4058)
2026-02-23 13:30:36,968 - httpx - INFO - HTTP Request: POST https://api.stratz.com/graphql "HTTP/1.1 200 OK"
2026-02-23 13:30:36,969 - root - INFO - Processing 5633460350 (509/4058)
2026-02-23 13:30:37,455 - httpx - INFO - HTTP Request: POST https://api.stratz.com/graphql "HTTP/1.1 200 OK"
2026-02-23 13:30:37,457 - root - INFO - Processing 5633309360 (510/4058)
2026-02-23 13:30:37,917 - httpx - INFO - HTTP Request: POST https://api.stratz.com/graphql "HTTP/1.1 200 OK"
2026-02-23 13:30:37,918 - root - INFO - Processing 5633206365 (511/4058)
2026-02-23 13:30:38,516 - httpx - INFO - HTTP Request: POST https://api.stratz.com/graphql "HTTP/1.1 200 OK"
2026-02-23 13:30:38,517 - root - INFO - Processing 5633075460 (512/4058)
2026-02-23 13:30:38,964 - httpx - INFO - HTTP Request: POST https://api.stratz.com/graphql "HTTP/1.1 200 OK"
2026-02-23 13:30:38,965 - root - INFO - Processing 5632956467 (513/4058)
2026-02-23 13:30:39,418 - httpx - INFO - HTTP Request: POST https://api.stratz.com/graphql "HTTP/1.1 200 OK"
2026-02-23 13:30:39,419 - root - INFO - Processing 5632861675 (514/4058)
2026-02-23 13:30:39,852 - httpx - INFO - HTTP Request: POST https://api.stratz.com/graphql "HTTP/1.1 200 OK"
2026-02-23 13:30:39,853 - root - INFO - Processing 5632797459 (515/4058)
2026-02-23 13:30:40,296 - httpx - INFO - HTTP Request: POST https://api.stratz.com/graphql "HTTP/1.1 200 OK"
2026-02-23 13:30:40,297 - root - INFO - Processing 5632707151 (516/4058)
2026-02-23 13:30:40,725 - httpx - INFO - HTTP Request: POST https://api.stratz.com/graphql "HTTP/1.1 200 OK"
2026-02-23 13:30:40,726 - root - INFO - Processing 5632030755 (517/4058)
2026-02-23 13:30:41,176 - httpx - INFO - HTTP Request: POST https://api.stratz.com/graphql "HTTP/1.1 200 OK"
2026-02-23 13:30:41,177 - root - INFO - Processing 5631926800 (518/4058)
2026-02-23 13:30:41,650 - httpx - INFO - HTTP Request: POST https://api.stratz.com/graphql "HTTP/1.1 200 OK"
2026-02-23 13:30:41,651 - root - INFO - Processing 5631818559 (519/4058)
2026-02-23 13:30:42,088 - httpx - INFO - HTTP Request: POST https://api.stratz.com/graphql "HTTP/1.1 200 OK"
2026-02-23 13:30:42,089 - root - INFO - Processing 5631700142 (520/4058)
2026-02-23 13:30:42,535 - httpx - INFO - HTTP Request: POST https://api.stratz.com/graphql "HTTP/1.1 200 OK"
2026-02-23 13:30:42,536 - root - INFO - Processing 5631592676 (521/4058)
2026-02-23 13:30:42,960 - httpx - INFO - HTTP Request: POST https://api.stratz.com/graphql "HTTP/1.1 200 OK"
2026-02-23 13:30:42,961 - root - INFO - Processing 5631497530 (522/4058)
2026-02-23 13:30:43,420 - httpx - INFO - HTTP Request: POST https://api.stratz.com/graphql "HTTP/1.1 200 OK"
2026-02-23 13:30:43,421 - root - INFO - Processing 5631398531 (523/4058)
2026-02-23 13:30:43,860 - httpx - INFO - HTTP Request: POST https://api.stratz.com/graphql "HTTP/1.1 200 OK"
2026-02-23 13:30:43,861 - root - INFO - Processing 5631253526 (524/4058)
2026-02-23 13:30:44,309 - httpx - INFO - HTTP Request: POST https://api.stratz.com/graphql "HTTP/1.1 200 OK"
2026-02-23 13:30:44,310 - root - INFO - Processing 5631190544 (525/4058)
2026-02-23 13:30:44,746 - httpx - INFO - HTTP Request: POST https://api.stratz.com/graphql "HTTP/1.1 200 OK"
2026-02-23 13:30:44,747 - root - INFO - Processing 5630524303 (526/4058)
2026-02-23 13:30:45,195 - httpx - INFO - HTTP Request: POST https://api.stratz.com/graphql "HTTP/1.1 200 OK"
2026-02-23 13:30:45,196 - root - INFO - Processing 5630463175 (527/4058)
2026-02-23 13:30:45,666 - httpx - INFO - HTTP Request: POST https://api.stratz.com/graphql "HTTP/1.1 200 OK"
2026-02-23 13:30:45,667 - root - INFO - Processing 5630368911 (528/4058)
2026-02-23 13:30:46,097 - httpx - INFO - HTTP Request: POST https://api.stratz.com/graphql "HTTP/1.1 200 OK"
2026-02-23 13:30:46,109 - root - INFO - Processing 5630283911 (529/4058)
2026-02-23 13:30:46,577 - httpx - INFO - HTTP Request: POST https://api.stratz.com/graphql "HTTP/1.1 200 OK"
2026-02-23 13:30:46,578 - root - INFO - Processing 5630160764 (530/4058)
2026-02-23 13:30:47,021 - httpx - INFO - HTTP Request: POST https://api.stratz.com/graphql "HTTP/1.1 200 OK"
2026-02-23 13:30:47,023 - root - INFO - Processing 5630052399 (531/4058)
2026-02-23 13:30:47,477 - httpx - INFO - HTTP Request: POST https://api.stratz.com/graphql "HTTP/1.1 200 OK"
2026-02-23 13:30:47,478 - root - INFO - Processing 5629904642 (532/4058)
2026-02-23 13:30:48,016 - httpx - INFO - HTTP Request: POST https://api.stratz.com/graphql "HTTP/1.1 200 OK"
2026-02-23 13:30:48,017 - root - INFO - Processing 5629818106 (533/4058)
2026-02-23 13:30:48,488 - httpx - INFO - HTTP Request: POST https://api.stratz.com/graphql "HTTP/1.1 200 OK"
2026-02-23 13:30:48,489 - root - INFO - Processing 5629760653 (534/4058)
2026-02-23 13:30:48,948 - httpx - INFO - HTTP Request: POST https://api.stratz.com/graphql "HTTP/1.1 200 OK"
2026-02-23 13:30:48,949 - root - INFO - Processing 5629688945 (535/4058)
2026-02-23 13:30:49,403 - httpx - INFO - HTTP Request: POST https://api.stratz.com/graphql "HTTP/1.1 200 OK"
2026-02-23 13:30:49,404 - root - INFO - Processing 5629094540 (536/4058)
2026-02-23 13:30:49,836 - httpx - INFO - HTTP Request: POST https://api.stratz.com/graphql "HTTP/1.1 200 OK"
2026-02-23 13:30:49,838 - root - INFO - Processing 5628996243 (537/4058)
2026-02-23 13:30:50,263 - httpx - INFO - HTTP Request: POST https://api.stratz.com/graphql "HTTP/1.1 200 OK"
2026-02-23 13:30:50,265 - root - INFO - Processing 5628888354 (538/4058)
2026-02-23 13:30:50,699 - httpx - INFO - HTTP Request: POST https://api.stratz.com/graphql "HTTP/1.1 200 OK"
2026-02-23 13:30:50,700 - root - INFO - Processing 5627870273 (539/4058)
2026-02-23 13:30:51,146 - httpx - INFO - HTTP Request: POST https://api.stratz.com/graphql "HTTP/1.1 200 OK"
2026-02-23 13:30:51,147 - root - INFO - Processing 5627807329 (540/4058)
2026-02-23 13:30:51,603 - httpx - INFO - HTTP Request: POST https://api.stratz.com/graphql "HTTP/1.1 200 OK"
2026-02-23 13:30:51,604 - root - INFO - Processing 5627801988 (541/4058)
2026-02-23 13:30:52,046 - httpx - INFO - HTTP Request: POST https://api.stratz.com/graphql "HTTP/1.1 200 OK"
2026-02-23 13:30:52,047 - root - INFO - Processing 5627747946 (542/4058)
2026-02-23 13:30:52,503 - httpx - INFO - HTTP Request: POST https://api.stratz.com/graphql "HTTP/1.1 200 OK"
2026-02-23 13:30:52,504 - root - INFO - Processing 5627738434 (543/4058)
2026-02-23 13:30:52,954 - httpx - INFO - HTTP Request: POST https://api.stratz.com/graphql "HTTP/1.1 200 OK"
2026-02-23 13:30:52,955 - root - INFO - Processing 5627664547 (544/4058)
2026-02-23 13:30:53,409 - httpx - INFO - HTTP Request: POST https://api.stratz.com/graphql "HTTP/1.1 200 OK"
2026-02-23 13:30:53,410 - root - INFO - Processing 5627655668 (545/4058)
2026-02-23 13:30:53,871 - httpx - INFO - HTTP Request: POST https://api.stratz.com/graphql "HTTP/1.1 200 OK"
2026-02-23 13:30:53,872 - root - INFO - Processing 5627654189 (546/4058)
2026-02-23 13:30:54,600 - httpx - INFO - HTTP Request: POST https://api.stratz.com/graphql "HTTP/1.1 200 OK"
2026-02-23 13:30:54,602 - root - INFO - Processing 5627640487 (547/4058)
2026-02-23 13:30:55,063 - httpx - INFO - HTTP Request: POST https://api.stratz.com/graphql "HTTP/1.1 200 OK"
2026-02-23 13:30:55,064 - root - INFO - Processing 5627591997 (548/4058)
2026-02-23 13:30:55,507 - httpx - INFO - HTTP Request: POST https://api.stratz.com/graphql "HTTP/1.1 200 OK"
2026-02-23 13:30:55,507 - root - INFO - Processing 5627578910 (549/4058)
2026-02-23 13:30:55,977 - httpx - INFO - HTTP Request: POST https://api.stratz.com/graphql "HTTP/1.1 200 OK"
2026-02-23 13:30:55,978 - root - INFO - Processing 5627575156 (550/4058)
2026-02-23 13:30:56,419 - httpx - INFO - HTTP Request: POST https://api.stratz.com/graphql "HTTP/1.1 200 OK"
2026-02-23 13:30:56,431 - root - INFO - Processing 5627573013 (551/4058)
2026-02-23 13:30:56,887 - httpx - INFO - HTTP Request: POST https://api.stratz.com/graphql "HTTP/1.1 200 OK"
2026-02-23 13:30:56,889 - root - INFO - Processing 5627571045 (552/4058)
2026-02-23 13:30:57,661 - httpx - INFO - HTTP Request: POST https://api.stratz.com/graphql "HTTP/1.1 200 OK"
2026-02-23 13:30:57,662 - root - INFO - Processing 5627569671 (553/4058)
2026-02-23 13:30:58,107 - httpx - INFO - HTTP Request: POST https://api.stratz.com/graphql "HTTP/1.1 200 OK"
2026-02-23 13:30:58,108 - root - INFO - Processing 5627566504 (554/4058)
2026-02-23 13:30:58,581 - httpx - INFO - HTTP Request: POST https://api.stratz.com/graphql "HTTP/1.1 200 OK"
2026-02-23 13:30:58,582 - root - INFO - Processing 5626349480 (555/4058)
2026-02-23 13:30:59,031 - httpx - INFO - HTTP Request: POST https://api.stratz.com/graphql "HTTP/1.1 200 OK"
2026-02-23 13:30:59,032 - root - INFO - Processing 5626334991 (556/4058)
2026-02-23 13:30:59,553 - httpx - INFO - HTTP Request: POST https://api.stratz.com/graphql "HTTP/1.1 200 OK"
2026-02-23 13:30:59,554 - root - INFO - Processing 5626323551 (557/4058)
2026-02-23 13:31:00,115 - httpx - INFO - HTTP Request: POST https://api.stratz.com/graphql "HTTP/1.1 200 OK"
2026-02-23 13:31:00,116 - root - INFO - Processing 5626323309 (558/4058)
2026-02-23 13:31:00,602 - httpx - INFO - HTTP Request: POST https://api.stratz.com/graphql "HTTP/1.1 200 OK"
2026-02-23 13:31:00,603 - root - INFO - Processing 5626320879 (559/4058)
2026-02-23 13:31:01,090 - httpx - INFO - HTTP Request: POST https://api.stratz.com/graphql "HTTP/1.1 200 OK"
2026-02-23 13:31:01,091 - root - INFO - Processing 5626316380 (560/4058)
2026-02-23 13:31:01,566 - httpx - INFO - HTTP Request: POST https://api.stratz.com/graphql "HTTP/1.1 200 OK"
2026-02-23 13:31:01,567 - root - INFO - Processing 5626314195 (561/4058)
2026-02-23 13:31:02,027 - httpx - INFO - HTTP Request: POST https://api.stratz.com/graphql "HTTP/1.1 200 OK"
2026-02-23 13:31:02,028 - root - INFO - Processing 5626312240 (562/4058)
2026-02-23 13:31:02,514 - httpx - INFO - HTTP Request: POST https://api.stratz.com/graphql "HTTP/1.1 200 OK"
2026-02-23 13:31:02,515 - root - INFO - Processing 5626308426 (563/4058)
2026-02-23 13:31:02,993 - httpx - INFO - HTTP Request: POST https://api.stratz.com/graphql "HTTP/1.1 200 OK"
2026-02-23 13:31:02,994 - root - INFO - Processing 5626304078 (564/4058)
2026-02-23 13:31:03,471 - httpx - INFO - HTTP Request: POST https://api.stratz.com/graphql "HTTP/1.1 200 OK"
2026-02-23 13:31:03,472 - root - INFO - Processing 5626300832 (565/4058)
2026-02-23 13:31:04,281 - httpx - INFO - HTTP Request: POST https://api.stratz.com/graphql "HTTP/1.1 200 OK"
2026-02-23 13:31:04,282 - root - INFO - Processing 5626295443 (566/4058)
2026-02-23 13:31:04,750 - httpx - INFO - HTTP Request: POST https://api.stratz.com/graphql "HTTP/1.1 200 OK"
2026-02-23 13:31:04,751 - root - INFO - Processing 5626293630 (567/4058)
2026-02-23 13:31:05,207 - httpx - INFO - HTTP Request: POST https://api.stratz.com/graphql "HTTP/1.1 200 OK"
2026-02-23 13:31:05,208 - root - INFO - Processing 5626291545 (568/4058)
2026-02-23 13:31:05,667 - httpx - INFO - HTTP Request: POST https://api.stratz.com/graphql "HTTP/1.1 200 OK"
2026-02-23 13:31:05,668 - root - INFO - Processing 5626291356 (569/4058)
2026-02-23 13:31:06,156 - httpx - INFO - HTTP Request: POST https://api.stratz.com/graphql "HTTP/1.1 200 OK"
2026-02-23 13:31:06,157 - root - INFO - Processing 5626290518 (570/4058)
2026-02-23 13:31:06,619 - httpx - INFO - HTTP Request: POST https://api.stratz.com/graphql "HTTP/1.1 200 OK"
2026-02-23 13:31:06,620 - root - INFO - Processing 5626278851 (571/4058)
2026-02-23 13:31:07,125 - httpx - INFO - HTTP Request: POST https://api.stratz.com/graphql "HTTP/1.1 200 OK"
2026-02-23 13:31:07,126 - root - INFO - Processing 5626274240 (572/4058)
2026-02-23 13:31:07,593 - httpx - INFO - HTTP Request: POST https://api.stratz.com/graphql "HTTP/1.1 200 OK"
2026-02-23 13:31:07,593 - root - INFO - Processing 5626249717 (573/4058)
2026-02-23 13:31:08,077 - httpx - INFO - HTTP Request: POST https://api.stratz.com/graphql "HTTP/1.1 200 OK"
2026-02-23 13:31:08,078 - root - INFO - Processing 5626240581 (574/4058)
2026-02-23 13:31:08,547 - httpx - INFO - HTTP Request: POST https://api.stratz.com/graphql "HTTP/1.1 200 OK"
2026-02-23 13:31:08,548 - root - INFO - Processing 5626237508 (575/4058)
2026-02-23 13:31:09,025 - httpx - INFO - HTTP Request: POST https://api.stratz.com/graphql "HTTP/1.1 200 OK"
2026-02-23 13:31:09,026 - root - INFO - Processing 5626235456 (576/4058)
2026-02-23 13:31:09,479 - httpx - INFO - HTTP Request: POST https://api.stratz.com/graphql "HTTP/1.1 200 OK"
2026-02-23 13:31:09,480 - root - INFO - Processing 5626235163 (577/4058)
2026-02-23 13:31:09,961 - httpx - INFO - HTTP Request: POST https://api.stratz.com/graphql "HTTP/1.1 200 OK"
2026-02-23 13:31:09,962 - root - INFO - Processing 5626233866 (578/4058)
2026-02-23 13:31:10,414 - httpx - INFO - HTTP Request: POST https://api.stratz.com/graphql "HTTP/1.1 200 OK"
2026-02-23 13:31:10,415 - root - INFO - Processing 5626233467 (579/4058)
2026-02-23 13:31:10,880 - httpx - INFO - HTTP Request: POST https://api.stratz.com/graphql "HTTP/1.1 200 OK"
2026-02-23 13:31:10,881 - root - INFO - Processing 5626232255 (580/4058)
2026-02-23 13:31:11,312 - httpx - INFO - HTTP Request: POST https://api.stratz.com/graphql "HTTP/1.1 200 OK"
2026-02-23 13:31:11,313 - root - INFO - Processing 5626231879 (581/4058)
2026-02-23 13:31:11,765 - httpx - INFO - HTTP Request: POST https://api.stratz.com/graphql "HTTP/1.1 200 OK"
2026-02-23 13:31:11,767 - root - INFO - Processing 5626229795 (582/4058)
2026-02-23 13:31:12,549 - httpx - INFO - HTTP Request: POST https://api.stratz.com/graphql "HTTP/1.1 200 OK"
2026-02-23 13:31:12,550 - root - INFO - Processing 5626229614 (583/4058)
2026-02-23 13:31:13,051 - httpx - INFO - HTTP Request: POST https://api.stratz.com/graphql "HTTP/1.1 200 OK"
2026-02-23 13:31:13,052 - root - INFO - Processing 5626228996 (584/4058)
2026-02-23 13:31:13,541 - httpx - INFO - HTTP Request: POST https://api.stratz.com/graphql "HTTP/1.1 200 OK"
2026-02-23 13:31:13,543 - root - INFO - Processing 5626228817 (585/4058)
2026-02-23 13:31:14,077 - httpx - INFO - HTTP Request: POST https://api.stratz.com/graphql "HTTP/1.1 200 OK"
2026-02-23 13:31:14,077 - root - INFO - Processing 5626228423 (586/4058)
2026-02-23 13:31:14,532 - httpx - INFO - HTTP Request: POST https://api.stratz.com/graphql "HTTP/1.1 200 OK"
2026-02-23 13:31:14,533 - root - INFO - Processing 5626228378 (587/4058)
2026-02-23 13:31:15,036 - httpx - INFO - HTTP Request: POST https://api.stratz.com/graphql "HTTP/1.1 200 OK"
2026-02-23 13:31:15,037 - root - INFO - Processing 5626228299 (588/4058)
2026-02-23 13:31:15,552 - httpx - INFO - HTTP Request: POST https://api.stratz.com/graphql "HTTP/1.1 200 OK"
2026-02-23 13:31:15,553 - root - INFO - Processing 5626228048 (589/4058)
2026-02-23 13:31:15,982 - httpx - INFO - HTTP Request: POST https://api.stratz.com/graphql "HTTP/1.1 200 OK"
2026-02-23 13:31:15,983 - root - INFO - Processing 5626227926 (590/4058)
2026-02-23 13:31:16,467 - httpx - INFO - HTTP Request: POST https://api.stratz.com/graphql "HTTP/1.1 200 OK"
2026-02-23 13:31:16,468 - root - INFO - Processing 5626227912 (591/4058)
2026-02-23 13:31:16,945 - httpx - INFO - HTTP Request: POST https://api.stratz.com/graphql "HTTP/1.1 200 OK"
2026-02-23 13:31:16,946 - root - INFO - Processing 5626227357 (592/4058)
2026-02-23 13:31:17,455 - httpx - INFO - HTTP Request: POST https://api.stratz.com/graphql "HTTP/1.1 200 OK"
2026-02-23 13:31:17,456 - root - INFO - Processing 5626225989 (593/4058)
2026-02-23 13:31:17,915 - httpx - INFO - HTTP Request: POST https://api.stratz.com/graphql "HTTP/1.1 200 OK"
2026-02-23 13:31:17,915 - root - INFO - Processing 5626225690 (594/4058)
2026-02-23 13:31:18,379 - httpx - INFO - HTTP Request: POST https://api.stratz.com/graphql "HTTP/1.1 200 OK"
2026-02-23 13:31:18,380 - root - INFO - Processing 5626225128 (595/4058)
2026-02-23 13:31:18,839 - httpx - INFO - HTTP Request: POST https://api.stratz.com/graphql "HTTP/1.1 200 OK"
2026-02-23 13:31:18,851 - root - INFO - Processing 5626225100 (596/4058)
2026-02-23 13:31:19,322 - httpx - INFO - HTTP Request: POST https://api.stratz.com/graphql "HTTP/1.1 200 OK"
2026-02-23 13:31:19,323 - root - INFO - Processing 5626224812 (597/4058)
2026-02-23 13:31:19,802 - httpx - INFO - HTTP Request: POST https://api.stratz.com/graphql "HTTP/1.1 200 OK"
2026-02-23 13:31:19,803 - root - INFO - Processing 5626224720 (598/4058)
2026-02-23 13:31:20,285 - httpx - INFO - HTTP Request: POST https://api.stratz.com/graphql "HTTP/1.1 200 OK"
2026-02-23 13:31:20,287 - root - INFO - Processing 5626224020 (599/4058)
2026-02-23 13:31:20,719 - httpx - INFO - HTTP Request: POST https://api.stratz.com/graphql "HTTP/1.1 200 OK"
2026-02-23 13:31:20,719 - root - INFO - Processing 5626222646 (600/4058)
2026-02-23 13:31:21,155 - httpx - INFO - HTTP Request: POST https://api.stratz.com/graphql "HTTP/1.1 200 OK"
2026-02-23 13:31:21,156 - root - INFO - Processing 5623564558 (601/4058)
2026-02-23 13:31:21,604 - httpx - INFO - HTTP Request: POST https://api.stratz.com/graphql "HTTP/1.1 200 OK"
2026-02-23 13:31:21,605 - root - INFO - Processing 5623501481 (602/4058)
2026-02-23 13:31:22,297 - httpx - INFO - HTTP Request: POST https://api.stratz.com/graphql "HTTP/1.1 200 OK"
2026-02-23 13:31:22,297 - root - INFO - Processing 5623498490 (603/4058)
2026-02-23 13:31:22,755 - httpx - INFO - HTTP Request: POST https://api.stratz.com/graphql "HTTP/1.1 200 OK"
2026-02-23 13:31:22,756 - root - INFO - Processing 5623417195 (604/4058)
2026-02-23 13:31:23,194 - httpx - INFO - HTTP Request: POST https://api.stratz.com/graphql "HTTP/1.1 200 OK"
2026-02-23 13:31:23,195 - root - INFO - Processing 5623410051 (605/4058)
2026-02-23 13:31:23,653 - httpx - INFO - HTTP Request: POST https://api.stratz.com/graphql "HTTP/1.1 200 OK"
2026-02-23 13:31:23,654 - root - INFO - Processing 5623280716 (606/4058)
2026-02-23 13:31:24,108 - httpx - INFO - HTTP Request: POST https://api.stratz.com/graphql "HTTP/1.1 200 OK"
2026-02-23 13:31:24,109 - root - INFO - Processing 5623264503 (607/4058)
2026-02-23 13:31:24,558 - httpx - INFO - HTTP Request: POST https://api.stratz.com/graphql "HTTP/1.1 200 OK"
2026-02-23 13:31:24,559 - root - INFO - Processing 5602543481 (608/4058)
2026-02-23 13:31:25,031 - httpx - INFO - HTTP Request: POST https://api.stratz.com/graphql "HTTP/1.1 200 OK"
2026-02-23 13:31:25,032 - root - INFO - Processing 5602431088 (609/4058)
2026-02-23 13:31:25,463 - httpx - INFO - HTTP Request: POST https://api.stratz.com/graphql "HTTP/1.1 200 OK"
2026-02-23 13:31:25,465 - root - INFO - Processing 5602334366 (610/4058)
2026-02-23 13:31:25,915 - httpx - INFO - HTTP Request: POST https://api.stratz.com/graphql "HTTP/1.1 200 OK"
2026-02-23 13:31:25,916 - root - INFO - Processing 5602232073 (611/4058)
2026-02-23 13:31:26,488 - httpx - INFO - HTTP Request: POST https://api.stratz.com/graphql "HTTP/1.1 200 OK"
2026-02-23 13:31:26,489 - root - INFO - Processing 5602134945 (612/4058)
2026-02-23 13:31:26,917 - httpx - INFO - HTTP Request: POST https://api.stratz.com/graphql "HTTP/1.1 200 OK"
2026-02-23 13:31:26,917 - root - INFO - Processing 5601416697 (613/4058)
2026-02-23 13:31:27,339 - httpx - INFO - HTTP Request: POST https://api.stratz.com/graphql "HTTP/1.1 200 OK"
2026-02-23 13:31:27,340 - root - INFO - Processing 5601334505 (614/4058)
2026-02-23 13:31:27,775 - httpx - INFO - HTTP Request: POST https://api.stratz.com/graphql "HTTP/1.1 200 OK"
2026-02-23 13:31:27,776 - root - INFO - Processing 5601170427 (615/4058)
2026-02-23 13:31:28,284 - httpx - INFO - HTTP Request: POST https://api.stratz.com/graphql "HTTP/1.1 200 OK"
2026-02-23 13:31:28,285 - root - INFO - Processing 5601081608 (616/4058)
2026-02-23 13:31:28,759 - httpx - INFO - HTTP Request: POST https://api.stratz.com/graphql "HTTP/1.1 200 OK"
2026-02-23 13:31:28,760 - root - INFO - Processing 5600947120 (617/4058)
2026-02-23 13:31:29,195 - httpx - INFO - HTTP Request: POST https://api.stratz.com/graphql "HTTP/1.1 200 OK"
2026-02-23 13:31:29,207 - root - INFO - Processing 5600870435 (618/4058)
2026-02-23 13:31:29,657 - httpx - INFO - HTTP Request: POST https://api.stratz.com/graphql "HTTP/1.1 200 OK"
2026-02-23 13:31:29,657 - root - INFO - Processing 5600831110 (619/4058)
2026-02-23 13:31:30,107 - httpx - INFO - HTTP Request: POST https://api.stratz.com/graphql "HTTP/1.1 200 OK"
2026-02-23 13:31:30,108 - root - INFO - Processing 5600752464 (620/4058)
2026-02-23 13:31:30,616 - httpx - INFO - HTTP Request: POST https://api.stratz.com/graphql "HTTP/1.1 200 OK"
2026-02-23 13:31:30,617 - root - INFO - Processing 5600737167 (621/4058)
2026-02-23 13:31:31,081 - httpx - INFO - HTTP Request: POST https://api.stratz.com/graphql "HTTP/1.1 200 OK"
2026-02-23 13:31:31,082 - root - INFO - Processing 5600629198 (622/4058)
2026-02-23 13:31:31,560 - httpx - INFO - HTTP Request: POST https://api.stratz.com/graphql "HTTP/1.1 200 OK"
2026-02-23 13:31:31,561 - root - INFO - Processing 5599204782 (623/4058)
2026-02-23 13:31:31,991 - httpx - INFO - HTTP Request: POST https://api.stratz.com/graphql "HTTP/1.1 200 OK"
2026-02-23 13:31:31,992 - root - INFO - Processing 5599106959 (624/4058)
2026-02-23 13:31:32,453 - httpx - INFO - HTTP Request: POST https://api.stratz.com/graphql "HTTP/1.1 200 OK"
2026-02-23 13:31:32,454 - root - INFO - Processing 5599028816 (625/4058)
2026-02-23 13:31:32,909 - httpx - INFO - HTTP Request: POST https://api.stratz.com/graphql "HTTP/1.1 200 OK"
2026-02-23 13:31:32,910 - root - INFO - Processing 5598943413 (626/4058)
2026-02-23 13:31:33,361 - httpx - INFO - HTTP Request: POST https://api.stratz.com/graphql "HTTP/1.1 200 OK"
2026-02-23 13:31:33,362 - root - INFO - Processing 5597785460 (627/4058)
2026-02-23 13:31:33,817 - httpx - INFO - HTTP Request: POST https://api.stratz.com/graphql "HTTP/1.1 200 OK"
2026-02-23 13:31:33,818 - root - INFO - Processing 5597725950 (628/4058)
2026-02-23 13:31:34,277 - httpx - INFO - HTTP Request: POST https://api.stratz.com/graphql "HTTP/1.1 200 OK"
2026-02-23 13:31:34,278 - root - INFO - Processing 5597671308 (629/4058)
2026-02-23 13:31:34,732 - httpx - INFO - HTTP Request: POST https://api.stratz.com/graphql "HTTP/1.1 200 OK"
2026-02-23 13:31:34,733 - root - INFO - Processing 5597599555 (630/4058)
2026-02-23 13:31:35,182 - httpx - INFO - HTTP Request: POST https://api.stratz.com/graphql "HTTP/1.1 200 OK"
2026-02-23 13:31:35,183 - root - INFO - Processing 5596482414 (631/4058)
2026-02-23 13:31:35,627 - httpx - INFO - HTTP Request: POST https://api.stratz.com/graphql "HTTP/1.1 200 OK"
2026-02-23 13:31:35,628 - root - INFO - Processing 5596428969 (632/4058)
2026-02-23 13:31:36,084 - httpx - INFO - HTTP Request: POST https://api.stratz.com/graphql "HTTP/1.1 200 OK"
2026-02-23 13:31:36,085 - root - INFO - Processing 5596362794 (633/4058)
2026-02-23 13:31:36,563 - httpx - INFO - HTTP Request: POST https://api.stratz.com/graphql "HTTP/1.1 200 OK"
2026-02-23 13:31:36,564 - root - INFO - Processing 5596297730 (634/4058)
2026-02-23 13:31:37,028 - httpx - INFO - HTTP Request: POST https://api.stratz.com/graphql "HTTP/1.1 200 OK"
2026-02-23 13:31:37,029 - root - INFO - Processing 5596233292 (635/4058)
2026-02-23 13:31:37,492 - httpx - INFO - HTTP Request: POST https://api.stratz.com/graphql "HTTP/1.1 200 OK"
2026-02-23 13:31:37,493 - root - INFO - Processing 5595064133 (636/4058)
2026-02-23 13:31:38,140 - httpx - INFO - HTTP Request: POST https://api.stratz.com/graphql "HTTP/1.1 200 OK"
2026-02-23 13:31:38,141 - root - INFO - Processing 5594992507 (637/4058)
2026-02-23 13:31:38,633 - httpx - INFO - HTTP Request: POST https://api.stratz.com/graphql "HTTP/1.1 200 OK"
2026-02-23 13:31:38,635 - root - INFO - Processing 5594916351 (638/4058)
2026-02-23 13:31:39,061 - httpx - INFO - HTTP Request: POST https://api.stratz.com/graphql "HTTP/1.1 200 OK"
2026-02-23 13:31:39,063 - root - INFO - Processing 5594805166 (639/4058)
2026-02-23 13:31:39,502 - httpx - INFO - HTTP Request: POST https://api.stratz.com/graphql "HTTP/1.1 200 OK"
2026-02-23 13:31:39,504 - root - INFO - Processing 5593636555 (640/4058)
2026-02-23 13:31:39,937 - httpx - INFO - HTTP Request: POST https://api.stratz.com/graphql "HTTP/1.1 200 OK"
2026-02-23 13:31:39,938 - root - INFO - Processing 5593608204 (641/4058)
2026-02-23 13:31:40,367 - httpx - INFO - HTTP Request: POST https://api.stratz.com/graphql "HTTP/1.1 200 OK"
2026-02-23 13:31:40,368 - root - INFO - Processing 5593604223 (642/4058)
2026-02-23 13:31:40,802 - httpx - INFO - HTTP Request: POST https://api.stratz.com/graphql "HTTP/1.1 200 OK"
2026-02-23 13:31:40,803 - root - INFO - Processing 5593540756 (643/4058)
2026-02-23 13:31:41,275 - httpx - INFO - HTTP Request: POST https://api.stratz.com/graphql "HTTP/1.1 200 OK"
2026-02-23 13:31:41,277 - root - INFO - Processing 5593540142 (644/4058)
2026-02-23 13:31:41,781 - httpx - INFO - HTTP Request: POST https://api.stratz.com/graphql "HTTP/1.1 200 OK"
2026-02-23 13:31:41,782 - root - INFO - Processing 5593519696 (645/4058)
2026-02-23 13:31:42,260 - httpx - INFO - HTTP Request: POST https://api.stratz.com/graphql "HTTP/1.1 200 OK"
2026-02-23 13:31:42,261 - root - INFO - Processing 5593461755 (646/4058)
2026-02-23 13:31:42,712 - httpx - INFO - HTTP Request: POST https://api.stratz.com/graphql "HTTP/1.1 200 OK"
2026-02-23 13:31:42,713 - root - INFO - Processing 5593455732 (647/4058)
2026-02-23 13:31:43,160 - httpx - INFO - HTTP Request: POST https://api.stratz.com/graphql "HTTP/1.1 200 OK"
2026-02-23 13:31:43,161 - root - INFO - Processing 5593409348 (648/4058)
2026-02-23 13:31:43,628 - httpx - INFO - HTTP Request: POST https://api.stratz.com/graphql "HTTP/1.1 200 OK"
2026-02-23 13:31:43,629 - root - INFO - Processing 5593400476 (649/4058)
2026-02-23 13:31:44,235 - httpx - INFO - HTTP Request: POST https://api.stratz.com/graphql "HTTP/1.1 200 OK"
2026-02-23 13:31:44,236 - root - INFO - Processing 5593396526 (650/4058)
2026-02-23 13:31:44,870 - httpx - INFO - HTTP Request: POST https://api.stratz.com/graphql "HTTP/1.1 200 OK"
2026-02-23 13:31:44,871 - root - INFO - Processing 5593347113 (651/4058)
2026-02-23 13:31:45,352 - httpx - INFO - HTTP Request: POST https://api.stratz.com/graphql "HTTP/1.1 200 OK"
2026-02-23 13:31:45,353 - root - INFO - Processing 5593320148 (652/4058)
2026-02-23 13:31:45,923 - httpx - INFO - HTTP Request: POST https://api.stratz.com/graphql "HTTP/1.1 200 OK"
2026-02-23 13:31:45,924 - root - INFO - Processing 5593319009 (653/4058)
2026-02-23 13:31:46,360 - httpx - INFO - HTTP Request: POST https://api.stratz.com/graphql "HTTP/1.1 200 OK"
2026-02-23 13:31:46,361 - root - INFO - Processing 5593317813 (654/4058)
2026-02-23 13:31:46,803 - httpx - INFO - HTTP Request: POST https://api.stratz.com/graphql "HTTP/1.1 200 OK"
2026-02-23 13:31:46,805 - root - INFO - Processing 5592795091 (655/4058)
2026-02-23 13:31:47,281 - httpx - INFO - HTTP Request: POST https://api.stratz.com/graphql "HTTP/1.1 200 OK"
2026-02-23 13:31:47,282 - root - INFO - Processing 5592732772 (656/4058)
2026-02-23 13:31:47,760 - httpx - INFO - HTTP Request: POST https://api.stratz.com/graphql "HTTP/1.1 200 OK"
2026-02-23 13:31:47,761 - root - INFO - Processing 5592639882 (657/4058)
2026-02-23 13:31:48,192 - httpx - INFO - HTTP Request: POST https://api.stratz.com/graphql "HTTP/1.1 200 OK"
2026-02-23 13:31:48,193 - root - INFO - Processing 5592312543 (658/4058)
2026-02-23 13:31:48,663 - httpx - INFO - HTTP Request: POST https://api.stratz.com/graphql "HTTP/1.1 200 OK"
2026-02-23 13:31:48,664 - root - INFO - Processing 5592163065 (659/4058)
2026-02-23 13:31:49,104 - httpx - INFO - HTTP Request: POST https://api.stratz.com/graphql "HTTP/1.1 200 OK"
2026-02-23 13:31:49,105 - root - INFO - Processing 5592057392 (660/4058)
2026-02-23 13:31:49,562 - httpx - INFO - HTTP Request: POST https://api.stratz.com/graphql "HTTP/1.1 200 OK"
2026-02-23 13:31:49,563 - root - INFO - Processing 5591952698 (661/4058)
2026-02-23 13:31:50,077 - httpx - INFO - HTTP Request: POST https://api.stratz.com/graphql "HTTP/1.1 200 OK"
2026-02-23 13:31:50,079 - root - INFO - Processing 5591840336 (662/4058)
2026-02-23 13:31:50,536 - httpx - INFO - HTTP Request: POST https://api.stratz.com/graphql "HTTP/1.1 200 OK"
2026-02-23 13:31:50,547 - root - INFO - Processing 5591727509 (663/4058)
2026-02-23 13:31:50,983 - httpx - INFO - HTTP Request: POST https://api.stratz.com/graphql "HTTP/1.1 200 OK"
2026-02-23 13:31:50,985 - root - INFO - Processing 5591612300 (664/4058)
2026-02-23 13:31:51,420 - httpx - INFO - HTTP Request: POST https://api.stratz.com/graphql "HTTP/1.1 200 OK"
2026-02-23 13:31:51,421 - root - INFO - Processing 5590969795 (665/4058)
2026-02-23 13:31:51,856 - httpx - INFO - HTTP Request: POST https://api.stratz.com/graphql "HTTP/1.1 200 OK"
2026-02-23 13:31:51,857 - root - INFO - Processing 5590863961 (666/4058)
2026-02-23 13:31:52,298 - httpx - INFO - HTTP Request: POST https://api.stratz.com/graphql "HTTP/1.1 200 OK"
2026-02-23 13:31:52,298 - root - INFO - Processing 5590385007 (667/4058)
2026-02-23 13:31:52,883 - httpx - INFO - HTTP Request: POST https://api.stratz.com/graphql "HTTP/1.1 200 OK"
2026-02-23 13:31:52,884 - root - INFO - Processing 5590262504 (668/4058)
2026-02-23 13:31:53,353 - httpx - INFO - HTTP Request: POST https://api.stratz.com/graphql "HTTP/1.1 200 OK"
2026-02-23 13:31:53,354 - root - INFO - Processing 5590154572 (669/4058)
2026-02-23 13:31:53,820 - httpx - INFO - HTTP Request: POST https://api.stratz.com/graphql "HTTP/1.1 200 OK"
2026-02-23 13:31:53,821 - root - INFO - Processing 5590059584 (670/4058)
2026-02-23 13:31:54,375 - httpx - INFO - HTTP Request: POST https://api.stratz.com/graphql "HTTP/1.1 200 OK"
2026-02-23 13:31:54,376 - root - INFO - Processing 5589973457 (671/4058)
2026-02-23 13:31:54,918 - httpx - INFO - HTTP Request: POST https://api.stratz.com/graphql "HTTP/1.1 200 OK"
2026-02-23 13:31:54,919 - root - INFO - Processing 5589876155 (672/4058)
2026-02-23 13:31:55,413 - httpx - INFO - HTTP Request: POST https://api.stratz.com/graphql "HTTP/1.1 200 OK"
2026-02-23 13:31:55,414 - root - INFO - Processing 5589225549 (673/4058)
2026-02-23 13:31:55,866 - httpx - INFO - HTTP Request: POST https://api.stratz.com/graphql "HTTP/1.1 200 OK"
2026-02-23 13:31:55,867 - root - INFO - Processing 5589112104 (674/4058)
2026-02-23 13:31:56,299 - httpx - INFO - HTTP Request: POST https://api.stratz.com/graphql "HTTP/1.1 200 OK"
2026-02-23 13:31:56,301 - root - INFO - Processing 5588461166 (675/4058)
2026-02-23 13:31:56,748 - httpx - INFO - HTTP Request: POST https://api.stratz.com/graphql "HTTP/1.1 200 OK"
2026-02-23 13:31:56,749 - root - INFO - Processing 5588358555 (676/4058)
2026-02-23 13:31:57,189 - httpx - INFO - HTTP Request: POST https://api.stratz.com/graphql "HTTP/1.1 200 OK"
2026-02-23 13:31:57,190 - root - INFO - Processing 5588292963 (677/4058)
2026-02-23 13:31:57,631 - httpx - INFO - HTTP Request: POST https://api.stratz.com/graphql "HTTP/1.1 200 OK"
2026-02-23 13:31:57,632 - root - INFO - Processing 5588215192 (678/4058)
2026-02-23 13:31:58,082 - httpx - INFO - HTTP Request: POST https://api.stratz.com/graphql "HTTP/1.1 200 OK"
2026-02-23 13:31:58,083 - root - INFO - Processing 5587665384 (679/4058)
2026-02-23 13:31:58,514 - httpx - INFO - HTTP Request: POST https://api.stratz.com/graphql "HTTP/1.1 200 OK"
2026-02-23 13:31:58,517 - root - INFO - Processing 5587567690 (680/4058)
2026-02-23 13:31:59,298 - httpx - INFO - HTTP Request: POST https://api.stratz.com/graphql "HTTP/1.1 200 OK"
2026-02-23 13:31:59,299 - root - INFO - Processing 5587189426 (681/4058)
2026-02-23 13:31:59,774 - httpx - INFO - HTTP Request: POST https://api.stratz.com/graphql "HTTP/1.1 200 OK"
2026-02-23 13:31:59,775 - root - INFO - Processing 5587118264 (682/4058)
2026-02-23 13:32:00,274 - httpx - INFO - HTTP Request: POST https://api.stratz.com/graphql "HTTP/1.1 200 OK"
2026-02-23 13:32:00,276 - root - INFO - Processing 5587025914 (683/4058)
2026-02-23 13:32:00,742 - httpx - INFO - HTTP Request: POST https://api.stratz.com/graphql "HTTP/1.1 200 OK"
2026-02-23 13:32:00,743 - root - INFO - Processing 5586922408 (684/4058)
2026-02-23 13:32:01,242 - httpx - INFO - HTTP Request: POST https://api.stratz.com/graphql "HTTP/1.1 200 OK"
2026-02-23 13:32:01,257 - root - INFO - Processing 5586881541 (685/4058)
2026-02-23 13:32:01,752 - httpx - INFO - HTTP Request: POST https://api.stratz.com/graphql "HTTP/1.1 200 OK"
2026-02-23 13:32:01,753 - root - INFO - Processing 5586784001 (686/4058)
2026-02-23 13:32:02,218 - httpx - INFO - HTTP Request: POST https://api.stratz.com/graphql "HTTP/1.1 200 OK"
2026-02-23 13:32:02,219 - root - INFO - Processing 5586282433 (687/4058)
2026-02-23 13:32:02,687 - httpx - INFO - HTTP Request: POST https://api.stratz.com/graphql "HTTP/1.1 200 OK"
2026-02-23 13:32:02,688 - root - INFO - Processing 5586235251 (688/4058)
2026-02-23 13:32:03,131 - httpx - INFO - HTTP Request: POST https://api.stratz.com/graphql "HTTP/1.1 200 OK"
2026-02-23 13:32:03,132 - root - INFO - Processing 5586137254 (689/4058)
2026-02-23 13:32:03,574 - httpx - INFO - HTTP Request: POST https://api.stratz.com/graphql "HTTP/1.1 200 OK"
2026-02-23 13:32:03,576 - root - INFO - Processing 5585593613 (690/4058)
2026-02-23 13:32:04,001 - httpx - INFO - HTTP Request: POST https://api.stratz.com/graphql "HTTP/1.1 200 OK"
2026-02-23 13:32:04,002 - root - INFO - Processing 5585530864 (691/4058)
2026-02-23 13:32:04,430 - httpx - INFO - HTTP Request: POST https://api.stratz.com/graphql "HTTP/1.1 200 OK"
2026-02-23 13:32:04,431 - root - INFO - Processing 5585466331 (692/4058)
2026-02-23 13:32:04,875 - httpx - INFO - HTTP Request: POST https://api.stratz.com/graphql "HTTP/1.1 200 OK"
2026-02-23 13:32:04,876 - root - INFO - Processing 5585402261 (693/4058)
2026-02-23 13:32:05,339 - httpx - INFO - HTTP Request: POST https://api.stratz.com/graphql "HTTP/1.1 200 OK"
2026-02-23 13:32:05,340 - root - INFO - Processing 5585322165 (694/4058)
2026-02-23 13:32:05,841 - httpx - INFO - HTTP Request: POST https://api.stratz.com/graphql "HTTP/1.1 200 OK"
2026-02-23 13:32:05,842 - root - INFO - Processing 5584779969 (695/4058)
2026-02-23 13:32:06,278 - httpx - INFO - HTTP Request: POST https://api.stratz.com/graphql "HTTP/1.1 200 OK"
2026-02-23 13:32:06,279 - root - INFO - Processing 5584670480 (696/4058)
2026-02-23 13:32:06,714 - httpx - INFO - HTTP Request: POST https://api.stratz.com/graphql "HTTP/1.1 200 OK"
2026-02-23 13:32:06,715 - root - INFO - Processing 5584088228 (697/4058)
2026-02-23 13:32:07,181 - httpx - INFO - HTTP Request: POST https://api.stratz.com/graphql "HTTP/1.1 200 OK"
2026-02-23 13:32:07,182 - root - INFO - Processing 5584080487 (698/4058)
2026-02-23 13:32:07,816 - httpx - INFO - HTTP Request: POST https://api.stratz.com/graphql "HTTP/1.1 200 OK"
2026-02-23 13:32:07,817 - root - INFO - Processing 5583982350 (699/4058)
2026-02-23 13:32:08,253 - httpx - INFO - HTTP Request: POST https://api.stratz.com/graphql "HTTP/1.1 200 OK"
2026-02-23 13:32:08,254 - root - INFO - Processing 5583922861 (700/4058)
2026-02-23 13:32:08,715 - httpx - INFO - HTTP Request: POST https://api.stratz.com/graphql "HTTP/1.1 200 OK"
2026-02-23 13:32:08,716 - root - INFO - Processing 5583863565 (701/4058)
2026-02-23 13:32:09,212 - httpx - INFO - HTTP Request: POST https://api.stratz.com/graphql "HTTP/1.1 200 OK"
2026-02-23 13:32:09,213 - root - INFO - Processing 5582769414 (702/4058)
2026-02-23 13:32:09,645 - httpx - INFO - HTTP Request: POST https://api.stratz.com/graphql "HTTP/1.1 200 OK"
2026-02-23 13:32:09,646 - root - INFO - Processing 5582685011 (703/4058)
2026-02-23 13:32:10,089 - httpx - INFO - HTTP Request: POST https://api.stratz.com/graphql "HTTP/1.1 200 OK"
2026-02-23 13:32:10,090 - root - INFO - Processing 5582602017 (704/4058)
2026-02-23 13:32:10,520 - httpx - INFO - HTTP Request: POST https://api.stratz.com/graphql "HTTP/1.1 200 OK"
2026-02-23 13:32:10,521 - root - INFO - Processing 5582539802 (705/4058)
2026-02-23 13:32:10,956 - httpx - INFO - HTTP Request: POST https://api.stratz.com/graphql "HTTP/1.1 200 OK"
2026-02-23 13:32:10,957 - root - INFO - Processing 5582481046 (706/4058)
2026-02-23 13:32:11,387 - httpx - INFO - HTTP Request: POST https://api.stratz.com/graphql "HTTP/1.1 200 OK"
2026-02-23 13:32:11,388 - root - INFO - Processing 5582389458 (707/4058)
2026-02-23 13:32:11,850 - httpx - INFO - HTTP Request: POST https://api.stratz.com/graphql "HTTP/1.1 200 OK"
2026-02-23 13:32:11,851 - root - INFO - Processing 5581924953 (708/4058)
2026-02-23 13:32:12,324 - httpx - INFO - HTTP Request: POST https://api.stratz.com/graphql "HTTP/1.1 200 OK"
2026-02-23 13:32:12,325 - root - INFO - Processing 5581915124 (709/4058)
2026-02-23 13:32:12,771 - httpx - INFO - HTTP Request: POST https://api.stratz.com/graphql "HTTP/1.1 200 OK"
2026-02-23 13:32:12,772 - root - INFO - Processing 5581910087 (710/4058)
2026-02-23 13:32:13,234 - httpx - INFO - HTTP Request: POST https://api.stratz.com/graphql "HTTP/1.1 200 OK"
2026-02-23 13:32:13,235 - root - INFO - Processing 5581908160 (711/4058)
2026-02-23 13:32:13,680 - httpx - INFO - HTTP Request: POST https://api.stratz.com/graphql "HTTP/1.1 200 OK"
2026-02-23 13:32:13,681 - root - INFO - Processing 5581856954 (712/4058)
2026-02-23 13:32:14,121 - httpx - INFO - HTTP Request: POST https://api.stratz.com/graphql "HTTP/1.1 200 OK"
2026-02-23 13:32:14,121 - root - INFO - Processing 5581854308 (713/4058)
2026-02-23 13:32:14,563 - httpx - INFO - HTTP Request: POST https://api.stratz.com/graphql "HTTP/1.1 200 OK"
2026-02-23 13:32:14,564 - root - INFO - Processing 5581847093 (714/4058)
2026-02-23 13:32:15,001 - httpx - INFO - HTTP Request: POST https://api.stratz.com/graphql "HTTP/1.1 200 OK"
2026-02-23 13:32:15,002 - root - INFO - Processing 5581829492 (715/4058)
2026-02-23 13:32:15,457 - httpx - INFO - HTTP Request: POST https://api.stratz.com/graphql "HTTP/1.1 200 OK"
2026-02-23 13:32:15,458 - root - INFO - Processing 5581761564 (716/4058)
2026-02-23 13:32:15,952 - httpx - INFO - HTTP Request: POST https://api.stratz.com/graphql "HTTP/1.1 200 OK"
2026-02-23 13:32:15,953 - root - INFO - Processing 5581760841 (717/4058)
2026-02-23 13:32:16,411 - httpx - INFO - HTTP Request: POST https://api.stratz.com/graphql "HTTP/1.1 200 OK"
2026-02-23 13:32:16,412 - root - INFO - Processing 5581753440 (718/4058)
2026-02-23 13:32:16,847 - httpx - INFO - HTTP Request: POST https://api.stratz.com/graphql "HTTP/1.1 200 OK"
2026-02-23 13:32:16,848 - root - INFO - Processing 5581748729 (719/4058)
2026-02-23 13:32:17,287 - httpx - INFO - HTTP Request: POST https://api.stratz.com/graphql "HTTP/1.1 200 OK"
2026-02-23 13:32:17,288 - root - INFO - Processing 5581156713 (720/4058)
2026-02-23 13:32:17,756 - httpx - INFO - HTTP Request: POST https://api.stratz.com/graphql "HTTP/1.1 200 OK"
2026-02-23 13:32:17,757 - root - INFO - Processing 5581075844 (721/4058)
2026-02-23 13:32:18,226 - httpx - INFO - HTTP Request: POST https://api.stratz.com/graphql "HTTP/1.1 200 OK"
2026-02-23 13:32:18,227 - root - INFO - Processing 5580989938 (722/4058)
2026-02-23 13:32:18,684 - httpx - INFO - HTTP Request: POST https://api.stratz.com/graphql "HTTP/1.1 200 OK"
2026-02-23 13:32:18,685 - root - INFO - Processing 5580903885 (723/4058)
2026-02-23 13:32:19,133 - httpx - INFO - HTTP Request: POST https://api.stratz.com/graphql "HTTP/1.1 200 OK"
2026-02-23 13:32:19,134 - root - INFO - Processing 5580825728 (724/4058)
2026-02-23 13:32:19,596 - httpx - INFO - HTTP Request: POST https://api.stratz.com/graphql "HTTP/1.1 200 OK"
2026-02-23 13:32:19,597 - root - INFO - Processing 5580386914 (725/4058)
2026-02-23 13:32:20,039 - httpx - INFO - HTTP Request: POST https://api.stratz.com/graphql "HTTP/1.1 200 OK"
2026-02-23 13:32:20,040 - root - INFO - Processing 5580319723 (726/4058)
2026-02-23 13:32:20,680 - httpx - INFO - HTTP Request: POST https://api.stratz.com/graphql "HTTP/1.1 200 OK"
2026-02-23 13:32:20,681 - root - INFO - Processing 5580248174 (727/4058)
2026-02-23 13:32:21,109 - httpx - INFO - HTTP Request: POST https://api.stratz.com/graphql "HTTP/1.1 200 OK"
2026-02-23 13:32:21,110 - root - INFO - Processing 5580177450 (728/4058)
2026-02-23 13:32:21,536 - httpx - INFO - HTTP Request: POST https://api.stratz.com/graphql "HTTP/1.1 200 OK"
2026-02-23 13:32:21,537 - root - INFO - Processing 5580059347 (729/4058)
2026-02-23 13:32:21,977 - httpx - INFO - HTTP Request: POST https://api.stratz.com/graphql "HTTP/1.1 200 OK"
2026-02-23 13:32:21,978 - root - INFO - Processing 5579498910 (730/4058)
2026-02-23 13:32:22,413 - httpx - INFO - HTTP Request: POST https://api.stratz.com/graphql "HTTP/1.1 200 OK"
2026-02-23 13:32:22,414 - root - INFO - Processing 5579442112 (731/4058)
2026-02-23 13:32:22,879 - httpx - INFO - HTTP Request: POST https://api.stratz.com/graphql "HTTP/1.1 200 OK"
2026-02-23 13:32:22,880 - root - INFO - Processing 5579342689 (732/4058)
2026-02-23 13:32:23,317 - httpx - INFO - HTTP Request: POST https://api.stratz.com/graphql "HTTP/1.1 200 OK"
2026-02-23 13:32:23,318 - root - INFO - Processing 5579265745 (733/4058)
2026-02-23 13:32:23,765 - httpx - INFO - HTTP Request: POST https://api.stratz.com/graphql "HTTP/1.1 200 OK"
2026-02-23 13:32:23,766 - root - INFO - Processing 5579135423 (734/4058)
2026-02-23 13:32:24,193 - httpx - INFO - HTTP Request: POST https://api.stratz.com/graphql "HTTP/1.1 200 OK"
2026-02-23 13:32:24,194 - root - INFO - Processing 5578761415 (735/4058)
2026-02-23 13:32:24,635 - httpx - INFO - HTTP Request: POST https://api.stratz.com/graphql "HTTP/1.1 200 OK"
2026-02-23 13:32:24,636 - root - INFO - Processing 5578711013 (736/4058)
2026-02-23 13:32:25,077 - httpx - INFO - HTTP Request: POST https://api.stratz.com/graphql "HTTP/1.1 200 OK"
2026-02-23 13:32:25,078 - root - INFO - Processing 5578626608 (737/4058)
2026-02-23 13:32:25,525 - httpx - INFO - HTTP Request: POST https://api.stratz.com/graphql "HTTP/1.1 200 OK"
2026-02-23 13:32:25,526 - root - INFO - Processing 5578565061 (738/4058)
2026-02-23 13:32:25,964 - httpx - INFO - HTTP Request: POST https://api.stratz.com/graphql "HTTP/1.1 200 OK"
2026-02-23 13:32:25,965 - root - INFO - Processing 5578434239 (739/4058)
2026-02-23 13:32:26,421 - httpx - INFO - HTTP Request: POST https://api.stratz.com/graphql "HTTP/1.1 200 OK"
2026-02-23 13:32:26,422 - root - INFO - Processing 5578075980 (740/4058)
2026-02-23 13:32:26,883 - httpx - INFO - HTTP Request: POST https://api.stratz.com/graphql "HTTP/1.1 200 OK"
2026-02-23 13:32:26,884 - root - INFO - Processing 5577968977 (741/4058)
2026-02-23 13:32:27,343 - httpx - INFO - HTTP Request: POST https://api.stratz.com/graphql "HTTP/1.1 200 OK"
2026-02-23 13:32:27,344 - root - INFO - Processing 5577888904 (742/4058)
2026-02-23 13:32:27,852 - httpx - INFO - HTTP Request: POST https://api.stratz.com/graphql "HTTP/1.1 200 OK"
2026-02-23 13:32:27,853 - root - INFO - Processing 5577826316 (743/4058)
2026-02-23 13:32:28,323 - httpx - INFO - HTTP Request: POST https://api.stratz.com/graphql "HTTP/1.1 200 OK"
2026-02-23 13:32:28,325 - root - INFO - Processing 5577759692 (744/4058)
2026-02-23 13:32:28,758 - httpx - INFO - HTTP Request: POST https://api.stratz.com/graphql "HTTP/1.1 200 OK"
2026-02-23 13:32:28,759 - root - INFO - Processing 5577618142 (745/4058)
2026-02-23 13:32:29,201 - httpx - INFO - HTTP Request: POST https://api.stratz.com/graphql "HTTP/1.1 200 OK"
2026-02-23 13:32:29,202 - root - INFO - Processing 5577289779 (746/4058)
2026-02-23 13:32:29,648 - httpx - INFO - HTTP Request: POST https://api.stratz.com/graphql "HTTP/1.1 200 OK"
2026-02-23 13:32:29,649 - root - INFO - Processing 5577229894 (747/4058)
2026-02-23 13:32:30,113 - httpx - INFO - HTTP Request: POST https://api.stratz.com/graphql "HTTP/1.1 200 OK"
2026-02-23 13:32:30,114 - root - INFO - Processing 5577156975 (748/4058)
2026-02-23 13:32:30,569 - httpx - INFO - HTTP Request: POST https://api.stratz.com/graphql "HTTP/1.1 200 OK"
2026-02-23 13:32:30,570 - root - INFO - Processing 5577087660 (749/4058)
2026-02-23 13:32:31,021 - httpx - INFO - HTTP Request: POST https://api.stratz.com/graphql "HTTP/1.1 200 OK"
2026-02-23 13:32:31,022 - root - INFO - Processing 5576988121 (750/4058)
2026-02-23 13:32:31,452 - httpx - INFO - HTTP Request: POST https://api.stratz.com/graphql "HTTP/1.1 200 OK"
2026-02-23 13:32:31,453 - root - INFO - Processing 5576451957 (751/4058)
2026-02-23 13:32:31,906 - httpx - INFO - HTTP Request: POST https://api.stratz.com/graphql "HTTP/1.1 200 OK"
2026-02-23 13:32:31,907 - root - INFO - Processing 5576405176 (752/4058)
2026-02-23 13:32:32,341 - httpx - INFO - HTTP Request: POST https://api.stratz.com/graphql "HTTP/1.1 200 OK"
2026-02-23 13:32:32,356 - root - INFO - Processing 5576288554 (753/4058)
2026-02-23 13:32:32,793 - httpx - INFO - HTTP Request: POST https://api.stratz.com/graphql "HTTP/1.1 200 OK"
2026-02-23 13:32:32,794 - root - INFO - Processing 5576234114 (754/4058)
2026-02-23 13:32:33,241 - httpx - INFO - HTTP Request: POST https://api.stratz.com/graphql "HTTP/1.1 200 OK"
2026-02-23 13:32:33,242 - root - INFO - Processing 5576173915 (755/4058)
2026-02-23 13:32:33,698 - httpx - INFO - HTTP Request: POST https://api.stratz.com/graphql "HTTP/1.1 200 OK"
2026-02-23 13:32:33,698 - root - INFO - Processing 5575764598 (756/4058)
2026-02-23 13:32:34,125 - httpx - INFO - HTTP Request: POST https://api.stratz.com/graphql "HTTP/1.1 200 OK"
2026-02-23 13:32:34,127 - root - INFO - Processing 5575691083 (757/4058)
2026-02-23 13:32:34,560 - httpx - INFO - HTTP Request: POST https://api.stratz.com/graphql "HTTP/1.1 200 OK"
2026-02-23 13:32:34,561 - root - INFO - Processing 5575606190 (758/4058)
2026-02-23 13:32:35,008 - httpx - INFO - HTTP Request: POST https://api.stratz.com/graphql "HTTP/1.1 200 OK"
2026-02-23 13:32:35,009 - root - INFO - Processing 5575534509 (759/4058)
2026-02-23 13:32:35,452 - httpx - INFO - HTTP Request: POST https://api.stratz.com/graphql "HTTP/1.1 200 OK"
2026-02-23 13:32:35,453 - root - INFO - Processing 5573636375 (760/4058)
2026-02-23 13:32:35,888 - httpx - INFO - HTTP Request: POST https://api.stratz.com/graphql "HTTP/1.1 200 OK"
2026-02-23 13:32:35,889 - root - INFO - Processing 5573555769 (761/4058)
2026-02-23 13:32:36,316 - httpx - INFO - HTTP Request: POST https://api.stratz.com/graphql "HTTP/1.1 200 OK"
2026-02-23 13:32:36,317 - root - INFO - Processing 5573464842 (762/4058)
2026-02-23 13:32:36,759 - httpx - INFO - HTTP Request: POST https://api.stratz.com/graphql "HTTP/1.1 200 OK"
2026-02-23 13:32:36,760 - root - INFO - Processing 5573398050 (763/4058)
2026-02-23 13:32:37,207 - httpx - INFO - HTTP Request: POST https://api.stratz.com/graphql "HTTP/1.1 200 OK"
2026-02-23 13:32:37,208 - root - INFO - Processing 5573342435 (764/4058)
2026-02-23 13:32:37,668 - httpx - INFO - HTTP Request: POST https://api.stratz.com/graphql "HTTP/1.1 200 OK"
2026-02-23 13:32:37,669 - root - INFO - Processing 5573304418 (765/4058)
2026-02-23 13:32:38,130 - httpx - INFO - HTTP Request: POST https://api.stratz.com/graphql "HTTP/1.1 200 OK"
2026-02-23 13:32:38,131 - root - INFO - Processing 5573290339 (766/4058)
2026-02-23 13:32:38,681 - httpx - INFO - HTTP Request: POST https://api.stratz.com/graphql "HTTP/1.1 200 OK"
2026-02-23 13:32:38,682 - root - INFO - Processing 5572422158 (767/4058)
2026-02-23 13:32:39,214 - httpx - INFO - HTTP Request: POST https://api.stratz.com/graphql "HTTP/1.1 200 OK"
2026-02-23 13:32:39,216 - root - INFO - Processing 5572295408 (768/4058)
2026-02-23 13:32:39,694 - httpx - INFO - HTTP Request: POST https://api.stratz.com/graphql "HTTP/1.1 200 OK"
2026-02-23 13:32:39,695 - root - INFO - Processing 5572184320 (769/4058)
2026-02-23 13:32:40,138 - httpx - INFO - HTTP Request: POST https://api.stratz.com/graphql "HTTP/1.1 200 OK"
2026-02-23 13:32:40,139 - root - INFO - Processing 5572079000 (770/4058)
2026-02-23 13:32:40,613 - httpx - INFO - HTTP Request: POST https://api.stratz.com/graphql "HTTP/1.1 200 OK"
2026-02-23 13:32:40,614 - root - INFO - Processing 5572019525 (771/4058)
2026-02-23 13:32:41,058 - httpx - INFO - HTTP Request: POST https://api.stratz.com/graphql "HTTP/1.1 200 OK"
2026-02-23 13:32:41,596 - root - INFO - Processing 5571496861 (772/4058)
2026-02-23 13:32:42,076 - httpx - INFO - HTTP Request: POST https://api.stratz.com/graphql "HTTP/1.1 200 OK"
2026-02-23 13:32:42,128 - root - INFO - Processing 5571408148 (773/4058)
2026-02-23 13:32:42,561 - httpx - INFO - HTTP Request: POST https://api.stratz.com/graphql "HTTP/1.1 200 OK"
2026-02-23 13:32:42,562 - root - INFO - Processing 5571322127 (774/4058)
2026-02-23 13:32:42,989 - httpx - INFO - HTTP Request: POST https://api.stratz.com/graphql "HTTP/1.1 200 OK"
2026-02-23 13:32:42,989 - root - INFO - Processing 5571251852 (775/4058)
2026-02-23 13:32:43,446 - httpx - INFO - HTTP Request: POST https://api.stratz.com/graphql "HTTP/1.1 200 OK"
2026-02-23 13:32:43,447 - root - INFO - Processing 5571147585 (776/4058)
2026-02-23 13:32:43,871 - httpx - INFO - HTTP Request: POST https://api.stratz.com/graphql "HTTP/1.1 200 OK"
2026-02-23 13:32:43,872 - root - INFO - Processing 5570900674 (777/4058)
2026-02-23 13:32:44,305 - httpx - INFO - HTTP Request: POST https://api.stratz.com/graphql "HTTP/1.1 200 OK"
2026-02-23 13:32:44,307 - root - INFO - Processing 5570779802 (778/4058)
2026-02-23 13:32:44,747 - httpx - INFO - HTTP Request: POST https://api.stratz.com/graphql "HTTP/1.1 200 OK"
2026-02-23 13:32:44,748 - root - INFO - Processing 5570628740 (779/4058)
2026-02-23 13:32:45,222 - httpx - INFO - HTTP Request: POST https://api.stratz.com/graphql "HTTP/1.1 200 OK"
2026-02-23 13:32:45,224 - root - INFO - Processing 5570611683 (780/4058)
2026-02-23 13:32:46,040 - httpx - INFO - HTTP Request: POST https://api.stratz.com/graphql "HTTP/1.1 200 OK"
2026-02-23 13:32:46,041 - root - INFO - Processing 5570518853 (781/4058)
2026-02-23 13:32:46,481 - httpx - INFO - HTTP Request: POST https://api.stratz.com/graphql "HTTP/1.1 200 OK"
2026-02-23 13:32:46,483 - root - INFO - Processing 5570512540 (782/4058)
2026-02-23 13:32:46,929 - httpx - INFO - HTTP Request: POST https://api.stratz.com/graphql "HTTP/1.1 200 OK"
2026-02-23 13:32:46,930 - root - INFO - Processing 5570512199 (783/4058)
2026-02-23 13:32:47,438 - httpx - INFO - HTTP Request: POST https://api.stratz.com/graphql "HTTP/1.1 200 OK"
2026-02-23 13:32:47,439 - root - INFO - Processing 5570511910 (784/4058)
2026-02-23 13:32:47,878 - httpx - INFO - HTTP Request: POST https://api.stratz.com/graphql "HTTP/1.1 200 OK"
2026-02-23 13:32:47,880 - root - INFO - Processing 5569781553 (785/4058)
2026-02-23 13:32:48,345 - httpx - INFO - HTTP Request: POST https://api.stratz.com/graphql "HTTP/1.1 200 OK"
2026-02-23 13:32:48,346 - root - INFO - Processing 5569713909 (786/4058)
2026-02-23 13:32:48,807 - httpx - INFO - HTTP Request: POST https://api.stratz.com/graphql "HTTP/1.1 200 OK"
2026-02-23 13:32:48,808 - root - INFO - Processing 5569628298 (787/4058)
2026-02-23 13:32:49,262 - httpx - INFO - HTTP Request: POST https://api.stratz.com/graphql "HTTP/1.1 200 OK"
2026-02-23 13:32:49,263 - root - INFO - Processing 5569536854 (788/4058)
2026-02-23 13:32:49,719 - httpx - INFO - HTTP Request: POST https://api.stratz.com/graphql "HTTP/1.1 200 OK"
2026-02-23 13:32:49,721 - root - INFO - Processing 5569443087 (789/4058)
2026-02-23 13:32:50,198 - httpx - INFO - HTTP Request: POST https://api.stratz.com/graphql "HTTP/1.1 200 OK"
2026-02-23 13:32:50,199 - root - INFO - Processing 5568989224 (790/4058)
2026-02-23 13:32:50,667 - httpx - INFO - HTTP Request: POST https://api.stratz.com/graphql "HTTP/1.1 200 OK"
2026-02-23 13:32:50,669 - root - INFO - Processing 5568983882 (791/4058)
2026-02-23 13:32:51,136 - httpx - INFO - HTTP Request: POST https://api.stratz.com/graphql "HTTP/1.1 200 OK"
2026-02-23 13:32:51,137 - root - INFO - Processing 5568982729 (792/4058)
2026-02-23 13:32:51,576 - httpx - INFO - HTTP Request: POST https://api.stratz.com/graphql "HTTP/1.1 200 OK"
2026-02-23 13:32:51,577 - root - INFO - Processing 5568973709 (793/4058)
2026-02-23 13:32:52,067 - httpx - INFO - HTTP Request: POST https://api.stratz.com/graphql "HTTP/1.1 200 OK"
2026-02-23 13:32:52,068 - root - INFO - Processing 5568970563 (794/4058)
2026-02-23 13:32:52,542 - httpx - INFO - HTTP Request: POST https://api.stratz.com/graphql "HTTP/1.1 200 OK"
2026-02-23 13:32:52,543 - root - INFO - Processing 5568960111 (795/4058)
2026-02-23 13:32:52,976 - httpx - INFO - HTTP Request: POST https://api.stratz.com/graphql "HTTP/1.1 200 OK"
2026-02-23 13:32:52,977 - root - INFO - Processing 5568939562 (796/4058)
2026-02-23 13:32:53,427 - httpx - INFO - HTTP Request: POST https://api.stratz.com/graphql "HTTP/1.1 200 OK"
2026-02-23 13:32:53,428 - root - INFO - Processing 5568935525 (797/4058)
2026-02-23 13:32:53,884 - httpx - INFO - HTTP Request: POST https://api.stratz.com/graphql "HTTP/1.1 200 OK"
2026-02-23 13:32:53,900 - root - INFO - Processing 5568922816 (798/4058)
2026-02-23 13:32:54,373 - httpx - INFO - HTTP Request: POST https://api.stratz.com/graphql "HTTP/1.1 200 OK"
2026-02-23 13:32:54,375 - root - INFO - Processing 5568905396 (799/4058)
2026-02-23 13:32:54,897 - httpx - INFO - HTTP Request: POST https://api.stratz.com/graphql "HTTP/1.1 200 OK"
2026-02-23 13:32:54,898 - root - INFO - Processing 5568894888 (800/4058)
2026-02-23 13:32:55,486 - httpx - INFO - HTTP Request: POST https://api.stratz.com/graphql "HTTP/1.1 200 OK"
2026-02-23 13:32:55,487 - root - INFO - Processing 5568889372 (801/4058)
2026-02-23 13:32:56,036 - httpx - INFO - HTTP Request: POST https://api.stratz.com/graphql "HTTP/1.1 200 OK"
2026-02-23 13:32:56,037 - root - INFO - Processing 5568884175 (802/4058)
2026-02-23 13:32:56,553 - httpx - INFO - HTTP Request: POST https://api.stratz.com/graphql "HTTP/1.1 200 OK"
2026-02-23 13:32:56,554 - root - INFO - Processing 5568879443 (803/4058)
2026-02-23 13:32:57,047 - httpx - INFO - HTTP Request: POST https://api.stratz.com/graphql "HTTP/1.1 200 OK"
2026-02-23 13:32:57,048 - root - INFO - Processing 5568878964 (804/4058)
2026-02-23 13:32:57,543 - httpx - INFO - HTTP Request: POST https://api.stratz.com/graphql "HTTP/1.1 200 OK"
2026-02-23 13:32:57,544 - root - INFO - Processing 5568877328 (805/4058)
2026-02-23 13:32:58,027 - httpx - INFO - HTTP Request: POST https://api.stratz.com/graphql "HTTP/1.1 200 OK"
2026-02-23 13:32:58,028 - root - INFO - Processing 5568873671 (806/4058)
2026-02-23 13:32:58,503 - httpx - INFO - HTTP Request: POST https://api.stratz.com/graphql "HTTP/1.1 200 OK"
2026-02-23 13:32:58,504 - root - INFO - Processing 5568871530 (807/4058)
2026-02-23 13:32:58,981 - httpx - INFO - HTTP Request: POST https://api.stratz.com/graphql "HTTP/1.1 200 OK"
2026-02-23 13:32:58,982 - root - INFO - Processing 5568868078 (808/4058)
2026-02-23 13:32:59,500 - httpx - INFO - HTTP Request: POST https://api.stratz.com/graphql "HTTP/1.1 200 OK"
2026-02-23 13:32:59,501 - root - INFO - Processing 5568863753 (809/4058)
2026-02-23 13:32:59,964 - httpx - INFO - HTTP Request: POST https://api.stratz.com/graphql "HTTP/1.1 200 OK"
2026-02-23 13:32:59,965 - root - INFO - Processing 5568863068 (810/4058)
2026-02-23 13:33:00,420 - httpx - INFO - HTTP Request: POST https://api.stratz.com/graphql "HTTP/1.1 200 OK"
2026-02-23 13:33:00,421 - root - INFO - Processing 5568861421 (811/4058)
2026-02-23 13:33:00,885 - httpx - INFO - HTTP Request: POST https://api.stratz.com/graphql "HTTP/1.1 200 OK"
2026-02-23 13:33:00,887 - root - INFO - Processing 5568842361 (812/4058)
2026-02-23 13:33:01,384 - httpx - INFO - HTTP Request: POST https://api.stratz.com/graphql "HTTP/1.1 200 OK"
2026-02-23 13:33:01,385 - root - INFO - Processing 5568840515 (813/4058)
2026-02-23 13:33:01,863 - httpx - INFO - HTTP Request: POST https://api.stratz.com/graphql "HTTP/1.1 200 OK"
2026-02-23 13:33:01,864 - root - INFO - Processing 5568839821 (814/4058)
2026-02-23 13:33:02,317 - httpx - INFO - HTTP Request: POST https://api.stratz.com/graphql "HTTP/1.1 200 OK"
2026-02-23 13:33:02,318 - root - INFO - Processing 5568834369 (815/4058)
2026-02-23 13:33:02,792 - httpx - INFO - HTTP Request: POST https://api.stratz.com/graphql "HTTP/1.1 200 OK"
2026-02-23 13:33:02,793 - root - INFO - Processing 5568829276 (816/4058)
2026-02-23 13:33:03,284 - httpx - INFO - HTTP Request: POST https://api.stratz.com/graphql "HTTP/1.1 200 OK"
2026-02-23 13:33:03,285 - root - INFO - Processing 5568826262 (817/4058)
2026-02-23 13:33:03,760 - httpx - INFO - HTTP Request: POST https://api.stratz.com/graphql "HTTP/1.1 200 OK"
2026-02-23 13:33:03,761 - root - INFO - Processing 5568825703 (818/4058)
2026-02-23 13:33:04,214 - httpx - INFO - HTTP Request: POST https://api.stratz.com/graphql "HTTP/1.1 200 OK"
2026-02-23 13:33:04,215 - root - INFO - Processing 5568823456 (819/4058)
2026-02-23 13:33:04,671 - httpx - INFO - HTTP Request: POST https://api.stratz.com/graphql "HTTP/1.1 200 OK"
2026-02-23 13:33:04,672 - root - INFO - Processing 5568822126 (820/4058)
2026-02-23 13:33:05,227 - httpx - INFO - HTTP Request: POST https://api.stratz.com/graphql "HTTP/1.1 200 OK"
2026-02-23 13:33:05,229 - root - INFO - Processing 5568818635 (821/4058)
2026-02-23 13:33:05,702 - httpx - INFO - HTTP Request: POST https://api.stratz.com/graphql "HTTP/1.1 200 OK"
2026-02-23 13:33:05,703 - root - INFO - Processing 5568818339 (822/4058)
2026-02-23 13:33:06,280 - httpx - INFO - HTTP Request: POST https://api.stratz.com/graphql "HTTP/1.1 200 OK"
2026-02-23 13:33:06,281 - root - INFO - Processing 5568817393 (823/4058)
2026-02-23 13:33:06,742 - httpx - INFO - HTTP Request: POST https://api.stratz.com/graphql "HTTP/1.1 200 OK"
2026-02-23 13:33:06,743 - root - INFO - Processing 5568817105 (824/4058)
2026-02-23 13:33:07,215 - httpx - INFO - HTTP Request: POST https://api.stratz.com/graphql "HTTP/1.1 200 OK"
2026-02-23 13:33:07,216 - root - INFO - Processing 5568816852 (825/4058)
2026-02-23 13:33:07,690 - httpx - INFO - HTTP Request: POST https://api.stratz.com/graphql "HTTP/1.1 200 OK"
2026-02-23 13:33:07,691 - root - INFO - Processing 5568816261 (826/4058)
2026-02-23 13:33:08,172 - httpx - INFO - HTTP Request: POST https://api.stratz.com/graphql "HTTP/1.1 200 OK"
2026-02-23 13:33:08,173 - root - INFO - Processing 5568815156 (827/4058)
2026-02-23 13:33:08,627 - httpx - INFO - HTTP Request: POST https://api.stratz.com/graphql "HTTP/1.1 200 OK"
2026-02-23 13:33:08,628 - root - INFO - Processing 5568814893 (828/4058)
2026-02-23 13:33:09,076 - httpx - INFO - HTTP Request: POST https://api.stratz.com/graphql "HTTP/1.1 200 OK"
2026-02-23 13:33:09,077 - root - INFO - Processing 5568813499 (829/4058)
2026-02-23 13:33:09,575 - httpx - INFO - HTTP Request: POST https://api.stratz.com/graphql "HTTP/1.1 200 OK"
2026-02-23 13:33:09,576 - root - INFO - Processing 5568811624 (830/4058)
2026-02-23 13:33:10,040 - httpx - INFO - HTTP Request: POST https://api.stratz.com/graphql "HTTP/1.1 200 OK"
2026-02-23 13:33:10,041 - root - INFO - Processing 5568096294 (831/4058)
2026-02-23 13:33:10,501 - httpx - INFO - HTTP Request: POST https://api.stratz.com/graphql "HTTP/1.1 200 OK"
2026-02-23 13:33:10,502 - root - INFO - Processing 5568056021 (832/4058)
2026-02-23 13:33:10,976 - httpx - INFO - HTTP Request: POST https://api.stratz.com/graphql "HTTP/1.1 200 OK"
2026-02-23 13:33:10,977 - root - INFO - Processing 5567985673 (833/4058)
2026-02-23 13:33:11,452 - httpx - INFO - HTTP Request: POST https://api.stratz.com/graphql "HTTP/1.1 200 OK"
2026-02-23 13:33:11,453 - root - INFO - Processing 5567914103 (834/4058)
2026-02-23 13:33:11,914 - httpx - INFO - HTTP Request: POST https://api.stratz.com/graphql "HTTP/1.1 200 OK"
2026-02-23 13:33:11,915 - root - INFO - Processing 5567821655 (835/4058)
2026-02-23 13:33:12,397 - httpx - INFO - HTTP Request: POST https://api.stratz.com/graphql "HTTP/1.1 200 OK"
2026-02-23 13:33:12,398 - root - INFO - Processing 5567592049 (836/4058)
2026-02-23 13:33:12,876 - httpx - INFO - HTTP Request: POST https://api.stratz.com/graphql "HTTP/1.1 200 OK"
2026-02-23 13:33:12,877 - root - INFO - Processing 5567506107 (837/4058)
2026-02-23 13:33:13,380 - httpx - INFO - HTTP Request: POST https://api.stratz.com/graphql "HTTP/1.1 200 OK"
2026-02-23 13:33:13,381 - root - INFO - Processing 5567393960 (838/4058)
2026-02-23 13:33:13,877 - httpx - INFO - HTTP Request: POST https://api.stratz.com/graphql "HTTP/1.1 200 OK"
2026-02-23 13:33:13,878 - root - INFO - Processing 5567296631 (839/4058)
2026-02-23 13:33:14,351 - httpx - INFO - HTTP Request: POST https://api.stratz.com/graphql "HTTP/1.1 200 OK"
2026-02-23 13:33:14,351 - root - INFO - Processing 5567227190 (840/4058)
2026-02-23 13:33:14,836 - httpx - INFO - HTTP Request: POST https://api.stratz.com/graphql "HTTP/1.1 200 OK"
2026-02-23 13:33:14,837 - root - INFO - Processing 5566680202 (841/4058)
2026-02-23 13:33:15,275 - httpx - INFO - HTTP Request: POST https://api.stratz.com/graphql "HTTP/1.1 200 OK"
2026-02-23 13:33:15,276 - root - INFO - Processing 5566621039 (842/4058)
2026-02-23 13:33:15,801 - httpx - INFO - HTTP Request: POST https://api.stratz.com/graphql "HTTP/1.1 200 OK"
2026-02-23 13:33:15,814 - root - INFO - Processing 5566524095 (843/4058)
2026-02-23 13:33:16,497 - httpx - INFO - HTTP Request: POST https://api.stratz.com/graphql "HTTP/1.1 200 OK"
2026-02-23 13:33:16,498 - root - INFO - Processing 5566449861 (844/4058)
2026-02-23 13:33:17,239 - httpx - INFO - HTTP Request: POST https://api.stratz.com/graphql "HTTP/1.1 200 OK"
2026-02-23 13:33:17,240 - root - INFO - Processing 5566367757 (845/4058)
2026-02-23 13:33:17,750 - httpx - INFO - HTTP Request: POST https://api.stratz.com/graphql "HTTP/1.1 200 OK"
2026-02-23 13:33:17,751 - root - INFO - Processing 5566002331 (846/4058)
2026-02-23 13:33:18,228 - httpx - INFO - HTTP Request: POST https://api.stratz.com/graphql "HTTP/1.1 200 OK"
2026-02-23 13:33:18,229 - root - INFO - Processing 5565873018 (847/4058)
2026-02-23 13:33:18,695 - httpx - INFO - HTTP Request: POST https://api.stratz.com/graphql "HTTP/1.1 200 OK"
2026-02-23 13:33:18,696 - root - INFO - Processing 5565776177 (848/4058)
2026-02-23 13:33:19,167 - httpx - INFO - HTTP Request: POST https://api.stratz.com/graphql "HTTP/1.1 200 OK"
2026-02-23 13:33:19,168 - root - INFO - Processing 5565243979 (849/4058)
2026-02-23 13:33:19,620 - httpx - INFO - HTTP Request: POST https://api.stratz.com/graphql "HTTP/1.1 200 OK"
2026-02-23 13:33:19,621 - root - INFO - Processing 5565214937 (850/4058)
2026-02-23 13:33:20,083 - httpx - INFO - HTTP Request: POST https://api.stratz.com/graphql "HTTP/1.1 200 OK"
2026-02-23 13:33:20,084 - root - INFO - Processing 5565173026 (851/4058)
2026-02-23 13:33:20,541 - httpx - INFO - HTTP Request: POST https://api.stratz.com/graphql "HTTP/1.1 200 OK"
2026-02-23 13:33:20,542 - root - INFO - Processing 5565080954 (852/4058)
2026-02-23 13:33:21,005 - httpx - INFO - HTTP Request: POST https://api.stratz.com/graphql "HTTP/1.1 200 OK"
2026-02-23 13:33:21,006 - root - INFO - Processing 5565004896 (853/4058)
2026-02-23 13:33:21,474 - httpx - INFO - HTTP Request: POST https://api.stratz.com/graphql "HTTP/1.1 200 OK"
2026-02-23 13:33:21,476 - root - INFO - Processing 5564910929 (854/4058)
2026-02-23 13:33:21,918 - httpx - INFO - HTTP Request: POST https://api.stratz.com/graphql "HTTP/1.1 200 OK"
2026-02-23 13:33:21,919 - root - INFO - Processing 5563680390 (855/4058)
2026-02-23 13:33:22,394 - httpx - INFO - HTTP Request: POST https://api.stratz.com/graphql "HTTP/1.1 200 OK"
2026-02-23 13:33:22,394 - root - INFO - Processing 5563593202 (856/4058)
2026-02-23 13:33:22,874 - httpx - INFO - HTTP Request: POST https://api.stratz.com/graphql "HTTP/1.1 200 OK"
2026-02-23 13:33:22,874 - root - INFO - Processing 5563501495 (857/4058)
2026-02-23 13:33:23,338 - httpx - INFO - HTTP Request: POST https://api.stratz.com/graphql "HTTP/1.1 200 OK"
2026-02-23 13:33:23,339 - root - INFO - Processing 5563415378 (858/4058)
2026-02-23 13:33:23,808 - httpx - INFO - HTTP Request: POST https://api.stratz.com/graphql "HTTP/1.1 200 OK"
2026-02-23 13:33:23,809 - root - INFO - Processing 5560727984 (859/4058)
2026-02-23 13:33:24,260 - httpx - INFO - HTTP Request: POST https://api.stratz.com/graphql "HTTP/1.1 200 OK"
2026-02-23 13:33:24,261 - root - INFO - Processing 5560652055 (860/4058)
2026-02-23 13:33:24,732 - httpx - INFO - HTTP Request: POST https://api.stratz.com/graphql "HTTP/1.1 200 OK"
2026-02-23 13:33:24,733 - root - INFO - Processing 5560579925 (861/4058)
2026-02-23 13:33:25,206 - httpx - INFO - HTTP Request: POST https://api.stratz.com/graphql "HTTP/1.1 200 OK"
2026-02-23 13:33:25,207 - root - INFO - Processing 5560490202 (862/4058)
2026-02-23 13:33:25,676 - httpx - INFO - HTTP Request: POST https://api.stratz.com/graphql "HTTP/1.1 200 OK"
2026-02-23 13:33:25,676 - root - INFO - Processing 5560390811 (863/4058)
2026-02-23 13:33:26,139 - httpx - INFO - HTTP Request: POST https://api.stratz.com/graphql "HTTP/1.1 200 OK"
2026-02-23 13:33:26,140 - root - INFO - Processing 5559022802 (864/4058)
2026-02-23 13:33:26,588 - httpx - INFO - HTTP Request: POST https://api.stratz.com/graphql "HTTP/1.1 200 OK"
2026-02-23 13:33:26,589 - root - INFO - Processing 5558977123 (865/4058)
2026-02-23 13:33:27,121 - httpx - INFO - HTTP Request: POST https://api.stratz.com/graphql "HTTP/1.1 200 OK"
2026-02-23 13:33:27,122 - root - INFO - Processing 5558905023 (866/4058)
2026-02-23 13:33:27,571 - httpx - INFO - HTTP Request: POST https://api.stratz.com/graphql "HTTP/1.1 200 OK"
2026-02-23 13:33:27,573 - root - INFO - Processing 5558827310 (867/4058)
2026-02-23 13:33:28,016 - httpx - INFO - HTTP Request: POST https://api.stratz.com/graphql "HTTP/1.1 200 OK"
2026-02-23 13:33:28,017 - root - INFO - Processing 5558753661 (868/4058)
2026-02-23 13:33:28,478 - httpx - INFO - HTTP Request: POST https://api.stratz.com/graphql "HTTP/1.1 200 OK"
2026-02-23 13:33:28,479 - root - INFO - Processing 5558652515 (869/4058)
2026-02-23 13:33:28,962 - httpx - INFO - HTTP Request: POST https://api.stratz.com/graphql "HTTP/1.1 200 OK"
2026-02-23 13:33:28,964 - root - INFO - Processing 5549800427 (870/4058)
2026-02-23 13:33:29,426 - httpx - INFO - HTTP Request: POST https://api.stratz.com/graphql "HTTP/1.1 200 OK"
2026-02-23 13:33:29,427 - root - INFO - Processing 5549756490 (871/4058)
2026-02-23 13:33:29,889 - httpx - INFO - HTTP Request: POST https://api.stratz.com/graphql "HTTP/1.1 200 OK"
2026-02-23 13:33:29,890 - root - INFO - Processing 5549706102 (872/4058)
2026-02-23 13:33:30,333 - httpx - INFO - HTTP Request: POST https://api.stratz.com/graphql "HTTP/1.1 200 OK"
2026-02-23 13:33:30,335 - root - INFO - Processing 5549657431 (873/4058)
2026-02-23 13:33:30,818 - httpx - INFO - HTTP Request: POST https://api.stratz.com/graphql "HTTP/1.1 200 OK"
2026-02-23 13:33:30,819 - root - INFO - Processing 5549588752 (874/4058)
2026-02-23 13:33:31,281 - httpx - INFO - HTTP Request: POST https://api.stratz.com/graphql "HTTP/1.1 200 OK"
2026-02-23 13:33:31,282 - root - INFO - Processing 5547835894 (875/4058)
2026-02-23 13:33:31,733 - httpx - INFO - HTTP Request: POST https://api.stratz.com/graphql "HTTP/1.1 200 OK"
2026-02-23 13:33:31,734 - root - INFO - Processing 5547782002 (876/4058)
2026-02-23 13:33:32,202 - httpx - INFO - HTTP Request: POST https://api.stratz.com/graphql "HTTP/1.1 200 OK"
2026-02-23 13:33:32,203 - root - INFO - Processing 5547712134 (877/4058)
2026-02-23 13:33:32,669 - httpx - INFO - HTTP Request: POST https://api.stratz.com/graphql "HTTP/1.1 200 OK"
2026-02-23 13:33:32,670 - root - INFO - Processing 5547619841 (878/4058)
2026-02-23 13:33:33,108 - httpx - INFO - HTTP Request: POST https://api.stratz.com/graphql "HTTP/1.1 200 OK"
2026-02-23 13:33:33,109 - root - INFO - Processing 5547536845 (879/4058)
2026-02-23 13:33:33,942 - httpx - INFO - HTTP Request: POST https://api.stratz.com/graphql "HTTP/1.1 200 OK"
2026-02-23 13:33:33,943 - root - INFO - Processing 5546160729 (880/4058)
2026-02-23 13:33:34,375 - httpx - INFO - HTTP Request: POST https://api.stratz.com/graphql "HTTP/1.1 200 OK"
2026-02-23 13:33:34,376 - root - INFO - Processing 5546124064 (881/4058)
2026-02-23 13:33:34,824 - httpx - INFO - HTTP Request: POST https://api.stratz.com/graphql "HTTP/1.1 200 OK"
2026-02-23 13:33:34,826 - root - INFO - Processing 5546067675 (882/4058)
2026-02-23 13:33:35,254 - httpx - INFO - HTTP Request: POST https://api.stratz.com/graphql "HTTP/1.1 200 OK"
2026-02-23 13:33:35,255 - root - INFO - Processing 5546020044 (883/4058)
2026-02-23 13:33:35,706 - httpx - INFO - HTTP Request: POST https://api.stratz.com/graphql "HTTP/1.1 200 OK"
2026-02-23 13:33:35,707 - root - INFO - Processing 5545964222 (884/4058)
2026-02-23 13:33:36,140 - httpx - INFO - HTTP Request: POST https://api.stratz.com/graphql "HTTP/1.1 200 OK"
2026-02-23 13:33:36,141 - root - INFO - Processing 5544514525 (885/4058)
2026-02-23 13:33:36,586 - httpx - INFO - HTTP Request: POST https://api.stratz.com/graphql "HTTP/1.1 200 OK"
2026-02-23 13:33:36,588 - root - INFO - Processing 5544511613 (886/4058)
2026-02-23 13:33:37,019 - httpx - INFO - HTTP Request: POST https://api.stratz.com/graphql "HTTP/1.1 200 OK"
2026-02-23 13:33:37,020 - root - INFO - Processing 5544480544 (887/4058)
2026-02-23 13:33:37,462 - httpx - INFO - HTTP Request: POST https://api.stratz.com/graphql "HTTP/1.1 200 OK"
2026-02-23 13:33:37,475 - root - INFO - Processing 5544465018 (888/4058)
2026-02-23 13:33:37,933 - httpx - INFO - HTTP Request: POST https://api.stratz.com/graphql "HTTP/1.1 200 OK"
2026-02-23 13:33:37,934 - root - INFO - Processing 5544426349 (889/4058)
2026-02-23 13:33:38,378 - httpx - INFO - HTTP Request: POST https://api.stratz.com/graphql "HTTP/1.1 200 OK"
2026-02-23 13:33:38,379 - root - INFO - Processing 5544426320 (890/4058)
2026-02-23 13:33:38,970 - httpx - INFO - HTTP Request: POST https://api.stratz.com/graphql "HTTP/1.1 200 OK"
2026-02-23 13:33:38,970 - root - INFO - Processing 5544426055 (891/4058)
2026-02-23 13:33:39,400 - httpx - INFO - HTTP Request: POST https://api.stratz.com/graphql "HTTP/1.1 200 OK"
2026-02-23 13:33:39,400 - root - INFO - Processing 5544420318 (892/4058)
2026-02-23 13:33:39,972 - httpx - INFO - HTTP Request: POST https://api.stratz.com/graphql "HTTP/1.1 200 OK"
2026-02-23 13:33:39,973 - root - INFO - Processing 5544383000 (893/4058)
2026-02-23 13:33:40,480 - httpx - INFO - HTTP Request: POST https://api.stratz.com/graphql "HTTP/1.1 200 OK"
2026-02-23 13:33:40,481 - root - INFO - Processing 5544380386 (894/4058)
2026-02-23 13:33:40,941 - httpx - INFO - HTTP Request: POST https://api.stratz.com/graphql "HTTP/1.1 200 OK"
2026-02-23 13:33:40,943 - root - INFO - Processing 5544379487 (895/4058)
2026-02-23 13:33:41,404 - httpx - INFO - HTTP Request: POST https://api.stratz.com/graphql "HTTP/1.1 200 OK"
2026-02-23 13:33:41,405 - root - INFO - Processing 5542801072 (896/4058)
2026-02-23 13:33:41,861 - httpx - INFO - HTTP Request: POST https://api.stratz.com/graphql "HTTP/1.1 200 OK"
2026-02-23 13:33:41,863 - root - INFO - Processing 5542799510 (897/4058)
2026-02-23 13:33:42,308 - httpx - INFO - HTTP Request: POST https://api.stratz.com/graphql "HTTP/1.1 200 OK"
2026-02-23 13:33:42,309 - root - INFO - Processing 5542799193 (898/4058)
2026-02-23 13:33:42,766 - httpx - INFO - HTTP Request: POST https://api.stratz.com/graphql "HTTP/1.1 200 OK"
2026-02-23 13:33:42,767 - root - INFO - Processing 5542794548 (899/4058)
2026-02-23 13:33:43,212 - httpx - INFO - HTTP Request: POST https://api.stratz.com/graphql "HTTP/1.1 200 OK"
2026-02-23 13:33:43,213 - root - INFO - Processing 5542794456 (900/4058)
2026-02-23 13:33:43,642 - httpx - INFO - HTTP Request: POST https://api.stratz.com/graphql "HTTP/1.1 200 OK"
2026-02-23 13:33:43,644 - root - INFO - Processing 5541254980 (901/4058)
2026-02-23 13:33:44,074 - httpx - INFO - HTTP Request: POST https://api.stratz.com/graphql "HTTP/1.1 200 OK"
2026-02-23 13:33:44,076 - root - INFO - Processing 5541250172 (902/4058)
2026-02-23 13:33:44,509 - httpx - INFO - HTTP Request: POST https://api.stratz.com/graphql "HTTP/1.1 200 OK"
2026-02-23 13:33:44,510 - root - INFO - Processing 5541249677 (903/4058)
2026-02-23 13:33:44,941 - httpx - INFO - HTTP Request: POST https://api.stratz.com/graphql "HTTP/1.1 200 OK"
2026-02-23 13:33:44,943 - root - INFO - Processing 5541246636 (904/4058)
2026-02-23 13:33:45,379 - httpx - INFO - HTTP Request: POST https://api.stratz.com/graphql "HTTP/1.1 200 OK"
2026-02-23 13:33:45,380 - root - INFO - Processing 5541242084 (905/4058)
2026-02-23 13:33:45,825 - httpx - INFO - HTTP Request: POST https://api.stratz.com/graphql "HTTP/1.1 200 OK"
2026-02-23 13:33:45,826 - root - INFO - Processing 5541237928 (906/4058)
2026-02-23 13:33:46,256 - httpx - INFO - HTTP Request: POST https://api.stratz.com/graphql "HTTP/1.1 200 OK"
2026-02-23 13:33:46,258 - root - INFO - Processing 5541228298 (907/4058)
2026-02-23 13:33:46,707 - httpx - INFO - HTTP Request: POST https://api.stratz.com/graphql "HTTP/1.1 200 OK"
2026-02-23 13:33:46,709 - root - INFO - Processing 5541226989 (908/4058)
2026-02-23 13:33:47,133 - httpx - INFO - HTTP Request: POST https://api.stratz.com/graphql "HTTP/1.1 200 OK"
2026-02-23 13:33:47,134 - root - INFO - Processing 5541224513 (909/4058)
2026-02-23 13:33:47,577 - httpx - INFO - HTTP Request: POST https://api.stratz.com/graphql "HTTP/1.1 200 OK"
2026-02-23 13:33:47,578 - root - INFO - Processing 5541209230 (910/4058)
2026-02-23 13:33:48,034 - httpx - INFO - HTTP Request: POST https://api.stratz.com/graphql "HTTP/1.1 200 OK"
2026-02-23 13:33:48,036 - root - INFO - Processing 5541208760 (911/4058)
2026-02-23 13:33:48,480 - httpx - INFO - HTTP Request: POST https://api.stratz.com/graphql "HTTP/1.1 200 OK"
2026-02-23 13:33:48,480 - root - INFO - Processing 5541205766 (912/4058)
2026-02-23 13:33:48,917 - httpx - INFO - HTTP Request: POST https://api.stratz.com/graphql "HTTP/1.1 200 OK"
2026-02-23 13:33:48,918 - root - INFO - Processing 5541204893 (913/4058)
2026-02-23 13:33:49,376 - httpx - INFO - HTTP Request: POST https://api.stratz.com/graphql "HTTP/1.1 200 OK"
2026-02-23 13:33:49,377 - root - INFO - Processing 5541204505 (914/4058)
2026-02-23 13:33:49,796 - httpx - INFO - HTTP Request: POST https://api.stratz.com/graphql "HTTP/1.1 200 OK"
2026-02-23 13:33:49,798 - root - INFO - Processing 5541185431 (915/4058)
2026-02-23 13:33:50,220 - httpx - INFO - HTTP Request: POST https://api.stratz.com/graphql "HTTP/1.1 200 OK"
2026-02-23 13:33:50,221 - root - INFO - Processing 5541183513 (916/4058)
2026-02-23 13:33:50,664 - httpx - INFO - HTTP Request: POST https://api.stratz.com/graphql "HTTP/1.1 200 OK"
2026-02-23 13:33:50,665 - root - INFO - Processing 5541176959 (917/4058)
2026-02-23 13:33:51,239 - httpx - INFO - HTTP Request: POST https://api.stratz.com/graphql "HTTP/1.1 200 OK"
2026-02-23 13:33:51,240 - root - INFO - Processing 5541174594 (918/4058)
2026-02-23 13:33:51,689 - httpx - INFO - HTTP Request: POST https://api.stratz.com/graphql "HTTP/1.1 200 OK"
2026-02-23 13:33:51,690 - root - INFO - Processing 5541170557 (919/4058)
2026-02-23 13:33:52,156 - httpx - INFO - HTTP Request: POST https://api.stratz.com/graphql "HTTP/1.1 200 OK"
2026-02-23 13:33:52,157 - root - INFO - Processing 5541168775 (920/4058)
2026-02-23 13:33:52,612 - httpx - INFO - HTTP Request: POST https://api.stratz.com/graphql "HTTP/1.1 200 OK"
2026-02-23 13:33:52,613 - root - INFO - Processing 5541168078 (921/4058)
2026-02-23 13:33:53,050 - httpx - INFO - HTTP Request: POST https://api.stratz.com/graphql "HTTP/1.1 200 OK"
2026-02-23 13:33:53,052 - root - INFO - Processing 5541166948 (922/4058)
2026-02-23 13:33:53,546 - httpx - INFO - HTTP Request: POST https://api.stratz.com/graphql "HTTP/1.1 200 OK"
2026-02-23 13:33:53,547 - root - INFO - Processing 5541166660 (923/4058)
2026-02-23 13:33:54,136 - httpx - INFO - HTTP Request: POST https://api.stratz.com/graphql "HTTP/1.1 200 OK"
2026-02-23 13:33:54,137 - root - INFO - Processing 5541166164 (924/4058)
2026-02-23 13:33:54,600 - httpx - INFO - HTTP Request: POST https://api.stratz.com/graphql "HTTP/1.1 200 OK"
2026-02-23 13:33:54,601 - root - INFO - Processing 5541166019 (925/4058)
2026-02-23 13:33:55,030 - httpx - INFO - HTTP Request: POST https://api.stratz.com/graphql "HTTP/1.1 200 OK"
2026-02-23 13:33:55,031 - root - INFO - Processing 5541165817 (926/4058)
2026-02-23 13:33:55,476 - httpx - INFO - HTTP Request: POST https://api.stratz.com/graphql "HTTP/1.1 200 OK"
2026-02-23 13:33:55,477 - root - INFO - Processing 5541165010 (927/4058)
2026-02-23 13:33:55,912 - httpx - INFO - HTTP Request: POST https://api.stratz.com/graphql "HTTP/1.1 200 OK"
2026-02-23 13:33:55,913 - root - INFO - Processing 5541164939 (928/4058)
2026-02-23 13:33:56,366 - httpx - INFO - HTTP Request: POST https://api.stratz.com/graphql "HTTP/1.1 200 OK"
2026-02-23 13:33:56,368 - root - INFO - Processing 5541162908 (929/4058)
2026-02-23 13:33:56,790 - httpx - INFO - HTTP Request: POST https://api.stratz.com/graphql "HTTP/1.1 200 OK"
2026-02-23 13:33:56,791 - root - INFO - Processing 5541162460 (930/4058)
2026-02-23 13:33:57,223 - httpx - INFO - HTTP Request: POST https://api.stratz.com/graphql "HTTP/1.1 200 OK"
2026-02-23 13:33:57,224 - root - INFO - Processing 5563064748 (931/4058)
2026-02-23 13:33:57,650 - httpx - INFO - HTTP Request: POST https://api.stratz.com/graphql "HTTP/1.1 200 OK"
2026-02-23 13:33:57,651 - root - INFO - Processing 5562980083 (932/4058)
2026-02-23 13:33:58,120 - httpx - INFO - HTTP Request: POST https://api.stratz.com/graphql "HTTP/1.1 200 OK"
2026-02-23 13:33:58,133 - root - INFO - Processing 5562873833 (933/4058)
2026-02-23 13:33:58,589 - httpx - INFO - HTTP Request: POST https://api.stratz.com/graphql "HTTP/1.1 200 OK"
2026-02-23 13:33:58,590 - root - INFO - Processing 5561555672 (934/4058)
2026-02-23 13:33:59,067 - httpx - INFO - HTTP Request: POST https://api.stratz.com/graphql "HTTP/1.1 200 OK"
2026-02-23 13:33:59,069 - root - INFO - Processing 5561468437 (935/4058)
2026-02-23 13:33:59,510 - httpx - INFO - HTTP Request: POST https://api.stratz.com/graphql "HTTP/1.1 200 OK"
2026-02-23 13:33:59,511 - root - INFO - Processing 5561376440 (936/4058)
2026-02-23 13:33:59,955 - httpx - INFO - HTTP Request: POST https://api.stratz.com/graphql "HTTP/1.1 200 OK"
2026-02-23 13:33:59,956 - root - INFO - Processing 5560253255 (937/4058)
2026-02-23 13:34:00,401 - httpx - INFO - HTTP Request: POST https://api.stratz.com/graphql "HTTP/1.1 200 OK"
2026-02-23 13:34:00,402 - root - INFO - Processing 5560154262 (938/4058)
2026-02-23 13:34:00,834 - httpx - INFO - HTTP Request: POST https://api.stratz.com/graphql "HTTP/1.1 200 OK"
2026-02-23 13:34:00,836 - root - INFO - Processing 5559968388 (939/4058)
2026-02-23 13:34:01,256 - httpx - INFO - HTTP Request: POST https://api.stratz.com/graphql "HTTP/1.1 200 OK"
2026-02-23 13:34:01,257 - root - INFO - Processing 5559850865 (940/4058)
2026-02-23 13:34:01,686 - httpx - INFO - HTTP Request: POST https://api.stratz.com/graphql "HTTP/1.1 200 OK"
2026-02-23 13:34:01,687 - root - INFO - Processing 5559712173 (941/4058)
2026-02-23 13:34:02,128 - httpx - INFO - HTTP Request: POST https://api.stratz.com/graphql "HTTP/1.1 200 OK"
2026-02-23 13:34:02,129 - root - INFO - Processing 5558430025 (942/4058)
2026-02-23 13:34:02,579 - httpx - INFO - HTTP Request: POST https://api.stratz.com/graphql "HTTP/1.1 200 OK"
2026-02-23 13:34:02,580 - root - INFO - Processing 5558361376 (943/4058)
2026-02-23 13:34:03,010 - httpx - INFO - HTTP Request: POST https://api.stratz.com/graphql "HTTP/1.1 200 OK"
2026-02-23 13:34:03,011 - root - INFO - Processing 5558178460 (944/4058)
2026-02-23 13:34:03,470 - httpx - INFO - HTTP Request: POST https://api.stratz.com/graphql "HTTP/1.1 200 OK"
2026-02-23 13:34:03,471 - root - INFO - Processing 5558088189 (945/4058)
2026-02-23 13:34:03,923 - httpx - INFO - HTTP Request: POST https://api.stratz.com/graphql "HTTP/1.1 200 OK"
2026-02-23 13:34:03,925 - root - INFO - Processing 5558011640 (946/4058)
2026-02-23 13:34:04,354 - httpx - INFO - HTTP Request: POST https://api.stratz.com/graphql "HTTP/1.1 200 OK"
2026-02-23 13:34:04,355 - root - INFO - Processing 5556824846 (947/4058)
2026-02-23 13:34:04,801 - httpx - INFO - HTTP Request: POST https://api.stratz.com/graphql "HTTP/1.1 200 OK"
2026-02-23 13:34:04,801 - root - INFO - Processing 5556717611 (948/4058)
2026-02-23 13:34:05,240 - httpx - INFO - HTTP Request: POST https://api.stratz.com/graphql "HTTP/1.1 200 OK"
2026-02-23 13:34:05,241 - root - INFO - Processing 5556530184 (949/4058)
2026-02-23 13:34:05,743 - httpx - INFO - HTTP Request: POST https://api.stratz.com/graphql "HTTP/1.1 200 OK"
2026-02-23 13:34:05,744 - root - INFO - Processing 5556465338 (950/4058)
2026-02-23 13:34:06,183 - httpx - INFO - HTTP Request: POST https://api.stratz.com/graphql "HTTP/1.1 200 OK"
2026-02-23 13:34:06,184 - root - INFO - Processing 5556369660 (951/4058)
2026-02-23 13:34:06,623 - httpx - INFO - HTTP Request: POST https://api.stratz.com/graphql "HTTP/1.1 200 OK"
2026-02-23 13:34:06,624 - root - INFO - Processing 5555289232 (952/4058)
2026-02-23 13:34:07,049 - httpx - INFO - HTTP Request: POST https://api.stratz.com/graphql "HTTP/1.1 200 OK"
2026-02-23 13:34:07,051 - root - INFO - Processing 5555164286 (953/4058)
2026-02-23 13:34:07,497 - httpx - INFO - HTTP Request: POST https://api.stratz.com/graphql "HTTP/1.1 200 OK"
2026-02-23 13:34:07,498 - root - INFO - Processing 5555039587 (954/4058)
2026-02-23 13:34:07,922 - httpx - INFO - HTTP Request: POST https://api.stratz.com/graphql "HTTP/1.1 200 OK"
2026-02-23 13:34:07,923 - root - INFO - Processing 5554948179 (955/4058)
2026-02-23 13:34:08,360 - httpx - INFO - HTTP Request: POST https://api.stratz.com/graphql "HTTP/1.1 200 OK"
2026-02-23 13:34:08,361 - root - INFO - Processing 5554859109 (956/4058)
2026-02-23 13:34:08,819 - httpx - INFO - HTTP Request: POST https://api.stratz.com/graphql "HTTP/1.1 200 OK"
2026-02-23 13:34:08,820 - root - INFO - Processing 5553941123 (957/4058)
2026-02-23 13:34:09,277 - httpx - INFO - HTTP Request: POST https://api.stratz.com/graphql "HTTP/1.1 200 OK"
2026-02-23 13:34:09,278 - root - INFO - Processing 5553831267 (958/4058)
2026-02-23 13:34:09,722 - httpx - INFO - HTTP Request: POST https://api.stratz.com/graphql "HTTP/1.1 200 OK"
2026-02-23 13:34:09,723 - root - INFO - Processing 5553737691 (959/4058)
2026-02-23 13:34:10,168 - httpx - INFO - HTTP Request: POST https://api.stratz.com/graphql "HTTP/1.1 200 OK"
2026-02-23 13:34:10,169 - root - INFO - Processing 5553607797 (960/4058)
2026-02-23 13:34:10,592 - httpx - INFO - HTTP Request: POST https://api.stratz.com/graphql "HTTP/1.1 200 OK"
2026-02-23 13:34:10,593 - root - INFO - Processing 5553507060 (961/4058)
2026-02-23 13:34:11,037 - httpx - INFO - HTTP Request: POST https://api.stratz.com/graphql "HTTP/1.1 200 OK"
2026-02-23 13:34:11,038 - root - INFO - Processing 5553441266 (962/4058)
2026-02-23 13:34:11,488 - httpx - INFO - HTTP Request: POST https://api.stratz.com/graphql "HTTP/1.1 200 OK"
2026-02-23 13:34:11,489 - root - INFO - Processing 5553355312 (963/4058)
2026-02-23 13:34:11,915 - httpx - INFO - HTTP Request: POST https://api.stratz.com/graphql "HTTP/1.1 200 OK"
2026-02-23 13:34:11,916 - root - INFO - Processing 5552322983 (964/4058)
2026-02-23 13:34:12,425 - httpx - INFO - HTTP Request: POST https://api.stratz.com/graphql "HTTP/1.1 200 OK"
2026-02-23 13:34:12,427 - root - INFO - Processing 5552196837 (965/4058)
2026-02-23 13:34:12,866 - httpx - INFO - HTTP Request: POST https://api.stratz.com/graphql "HTTP/1.1 200 OK"
2026-02-23 13:34:12,867 - root - INFO - Processing 5552095146 (966/4058)
2026-02-23 13:34:13,327 - httpx - INFO - HTTP Request: POST https://api.stratz.com/graphql "HTTP/1.1 200 OK"
2026-02-23 13:34:13,328 - root - INFO - Processing 5551987457 (967/4058)
2026-02-23 13:34:13,756 - httpx - INFO - HTTP Request: POST https://api.stratz.com/graphql "HTTP/1.1 200 OK"
2026-02-23 13:34:13,757 - root - INFO - Processing 5550724668 (968/4058)
2026-02-23 13:34:14,178 - httpx - INFO - HTTP Request: POST https://api.stratz.com/graphql "HTTP/1.1 200 OK"
2026-02-23 13:34:14,179 - root - INFO - Processing 5550609739 (969/4058)
2026-02-23 13:34:14,607 - httpx - INFO - HTTP Request: POST https://api.stratz.com/graphql "HTTP/1.1 200 OK"
2026-02-23 13:34:14,609 - root - INFO - Processing 5550505669 (970/4058)
2026-02-23 13:34:15,036 - httpx - INFO - HTTP Request: POST https://api.stratz.com/graphql "HTTP/1.1 200 OK"
2026-02-23 13:34:15,037 - root - INFO - Processing 5550403647 (971/4058)
2026-02-23 13:34:15,471 - httpx - INFO - HTTP Request: POST https://api.stratz.com/graphql "HTTP/1.1 200 OK"
2026-02-23 13:34:15,472 - root - INFO - Processing 5549091010 (972/4058)
2026-02-23 13:34:15,891 - httpx - INFO - HTTP Request: POST https://api.stratz.com/graphql "HTTP/1.1 200 OK"
2026-02-23 13:34:15,892 - root - INFO - Processing 5548971294 (973/4058)
2026-02-23 13:34:16,348 - httpx - INFO - HTTP Request: POST https://api.stratz.com/graphql "HTTP/1.1 200 OK"
2026-02-23 13:34:16,348 - root - INFO - Processing 5548883617 (974/4058)
2026-02-23 13:34:16,810 - httpx - INFO - HTTP Request: POST https://api.stratz.com/graphql "HTTP/1.1 200 OK"
2026-02-23 13:34:16,811 - root - INFO - Processing 5548763238 (975/4058)
2026-02-23 13:34:17,598 - httpx - INFO - HTTP Request: POST https://api.stratz.com/graphql "HTTP/1.1 200 OK"
2026-02-23 13:34:17,599 - root - INFO - Processing 5548654572 (976/4058)
2026-02-23 13:34:18,040 - httpx - INFO - HTTP Request: POST https://api.stratz.com/graphql "HTTP/1.1 200 OK"
2026-02-23 13:34:18,041 - root - INFO - Processing 5548578227 (977/4058)
2026-02-23 13:34:18,471 - httpx - INFO - HTTP Request: POST https://api.stratz.com/graphql "HTTP/1.1 200 OK"
2026-02-23 13:34:18,487 - root - INFO - Processing 5547236639 (978/4058)
2026-02-23 13:34:18,987 - httpx - INFO - HTTP Request: POST https://api.stratz.com/graphql "HTTP/1.1 200 OK"
2026-02-23 13:34:18,988 - root - INFO - Processing 5547117890 (979/4058)
2026-02-23 13:34:19,437 - httpx - INFO - HTTP Request: POST https://api.stratz.com/graphql "HTTP/1.1 200 OK"
2026-02-23 13:34:19,438 - root - INFO - Processing 5547019554 (980/4058)
2026-02-23 13:34:19,861 - httpx - INFO - HTTP Request: POST https://api.stratz.com/graphql "HTTP/1.1 200 OK"
2026-02-23 13:34:19,862 - root - INFO - Processing 5546914867 (981/4058)
2026-02-23 13:34:20,315 - httpx - INFO - HTTP Request: POST https://api.stratz.com/graphql "HTTP/1.1 200 OK"
2026-02-23 13:34:20,316 - root - INFO - Processing 5546848236 (982/4058)
2026-02-23 13:34:20,760 - httpx - INFO - HTTP Request: POST https://api.stratz.com/graphql "HTTP/1.1 200 OK"
2026-02-23 13:34:20,762 - root - INFO - Processing 5546753340 (983/4058)
2026-02-23 13:34:21,196 - httpx - INFO - HTTP Request: POST https://api.stratz.com/graphql "HTTP/1.1 200 OK"
2026-02-23 13:34:21,197 - root - INFO - Processing 5545462953 (984/4058)
2026-02-23 13:34:21,630 - httpx - INFO - HTTP Request: POST https://api.stratz.com/graphql "HTTP/1.1 200 OK"
2026-02-23 13:34:21,631 - root - INFO - Processing 5545358975 (985/4058)
2026-02-23 13:34:22,055 - httpx - INFO - HTTP Request: POST https://api.stratz.com/graphql "HTTP/1.1 200 OK"
2026-02-23 13:34:22,056 - root - INFO - Processing 5545249244 (986/4058)
2026-02-23 13:34:22,500 - httpx - INFO - HTTP Request: POST https://api.stratz.com/graphql "HTTP/1.1 200 OK"
2026-02-23 13:34:22,501 - root - INFO - Processing 5545156525 (987/4058)
2026-02-23 13:34:22,930 - httpx - INFO - HTTP Request: POST https://api.stratz.com/graphql "HTTP/1.1 200 OK"
2026-02-23 13:34:22,931 - root - INFO - Processing 5543937511 (988/4058)
2026-02-23 13:34:23,399 - httpx - INFO - HTTP Request: POST https://api.stratz.com/graphql "HTTP/1.1 200 OK"
2026-02-23 13:34:23,400 - root - INFO - Processing 5543805071 (989/4058)
2026-02-23 13:34:23,872 - httpx - INFO - HTTP Request: POST https://api.stratz.com/graphql "HTTP/1.1 200 OK"
2026-02-23 13:34:23,873 - root - INFO - Processing 5543667345 (990/4058)
2026-02-23 13:34:24,336 - httpx - INFO - HTTP Request: POST https://api.stratz.com/graphql "HTTP/1.1 200 OK"
2026-02-23 13:34:24,337 - root - INFO - Processing 5543536329 (991/4058)
2026-02-23 13:34:24,767 - httpx - INFO - HTTP Request: POST https://api.stratz.com/graphql "HTTP/1.1 200 OK"
2026-02-23 13:34:24,768 - root - INFO - Processing 5543471197 (992/4058)
2026-02-23 13:34:25,226 - httpx - INFO - HTTP Request: POST https://api.stratz.com/graphql "HTTP/1.1 200 OK"
2026-02-23 13:34:25,227 - root - INFO - Processing 5543397001 (993/4058)
2026-02-23 13:34:25,741 - httpx - INFO - HTTP Request: POST https://api.stratz.com/graphql "HTTP/1.1 200 OK"
2026-02-23 13:34:25,742 - root - INFO - Processing 5542354134 (994/4058)
2026-02-23 13:34:26,175 - httpx - INFO - HTTP Request: POST https://api.stratz.com/graphql "HTTP/1.1 200 OK"
2026-02-23 13:34:26,176 - root - INFO - Processing 5542239975 (995/4058)
2026-02-23 13:34:26,618 - httpx - INFO - HTTP Request: POST https://api.stratz.com/graphql "HTTP/1.1 200 OK"
2026-02-23 13:34:26,619 - root - INFO - Processing 5542077267 (996/4058)
2026-02-23 13:34:27,080 - httpx - INFO - HTTP Request: POST https://api.stratz.com/graphql "HTTP/1.1 200 OK"
2026-02-23 13:34:27,081 - root - INFO - Processing 5541972152 (997/4058)
2026-02-23 13:34:27,509 - httpx - INFO - HTTP Request: POST https://api.stratz.com/graphql "HTTP/1.1 200 OK"
2026-02-23 13:34:27,510 - root - INFO - Processing 5540643228 (998/4058)
2026-02-23 13:34:27,998 - httpx - INFO - HTTP Request: POST https://api.stratz.com/graphql "HTTP/1.1 200 OK"
2026-02-23 13:34:27,999 - root - INFO - Processing 5540536673 (999/4058)
2026-02-23 13:34:28,452 - httpx - INFO - HTTP Request: POST https://api.stratz.com/graphql "HTTP/1.1 200 OK"
2026-02-23 13:34:28,464 - root - INFO - Processing 5540445904 (1000/4058)
2026-02-23 13:34:28,909 - httpx - INFO - HTTP Request: POST https://api.stratz.com/graphql "HTTP/1.1 200 OK"
2026-02-23 13:34:28,910 - root - INFO - Processing 5540336455 (1001/4058)
2026-02-23 13:34:29,423 - httpx - INFO - HTTP Request: POST https://api.stratz.com/graphql "HTTP/1.1 200 OK"
2026-02-23 13:34:29,424 - root - INFO - Processing 5540229293 (1002/4058)
2026-02-23 13:34:29,848 - httpx - INFO - HTTP Request: POST https://api.stratz.com/graphql "HTTP/1.1 200 OK"
2026-02-23 13:34:29,849 - root - INFO - Processing 5540155388 (1003/4058)
2026-02-23 13:34:30,275 - httpx - INFO - HTTP Request: POST https://api.stratz.com/graphql "HTTP/1.1 200 OK"
2026-02-23 13:34:30,276 - root - INFO - Processing 5539037514 (1004/4058)
2026-02-23 13:34:30,720 - httpx - INFO - HTTP Request: POST https://api.stratz.com/graphql "HTTP/1.1 200 OK"
2026-02-23 13:34:30,721 - root - INFO - Processing 5538959084 (1005/4058)
2026-02-23 13:34:31,143 - httpx - INFO - HTTP Request: POST https://api.stratz.com/graphql "HTTP/1.1 200 OK"
2026-02-23 13:34:31,144 - root - INFO - Processing 5538910601 (1006/4058)
2026-02-23 13:34:31,579 - httpx - INFO - HTTP Request: POST https://api.stratz.com/graphql "HTTP/1.1 200 OK"
2026-02-23 13:34:31,580 - root - INFO - Processing 5538793685 (1007/4058)
2026-02-23 13:34:32,017 - httpx - INFO - HTTP Request: POST https://api.stratz.com/graphql "HTTP/1.1 200 OK"
2026-02-23 13:34:32,018 - root - INFO - Processing 5538645292 (1008/4058)
2026-02-23 13:34:32,466 - httpx - INFO - HTTP Request: POST https://api.stratz.com/graphql "HTTP/1.1 200 OK"
2026-02-23 13:34:32,466 - root - INFO - Processing 5538539325 (1009/4058)
2026-02-23 13:34:32,947 - httpx - INFO - HTTP Request: POST https://api.stratz.com/graphql "HTTP/1.1 200 OK"
2026-02-23 13:34:32,948 - root - INFO - Processing 5538460434 (1010/4058)
2026-02-23 13:34:33,378 - httpx - INFO - HTTP Request: POST https://api.stratz.com/graphql "HTTP/1.1 200 OK"
2026-02-23 13:34:33,379 - root - INFO - Processing 5537269562 (1011/4058)
2026-02-23 13:34:33,909 - httpx - INFO - HTTP Request: POST https://api.stratz.com/graphql "HTTP/1.1 200 OK"
2026-02-23 13:34:33,910 - root - INFO - Processing 5537158465 (1012/4058)
2026-02-23 13:34:34,353 - httpx - INFO - HTTP Request: POST https://api.stratz.com/graphql "HTTP/1.1 200 OK"
2026-02-23 13:34:34,354 - root - INFO - Processing 5537061460 (1013/4058)
2026-02-23 13:34:34,792 - httpx - INFO - HTTP Request: POST https://api.stratz.com/graphql "HTTP/1.1 200 OK"
2026-02-23 13:34:34,940 - root - INFO - Processing 5536913378 (1014/4058)
2026-02-23 13:34:35,372 - httpx - INFO - HTTP Request: POST https://api.stratz.com/graphql "HTTP/1.1 200 OK"
2026-02-23 13:34:35,373 - root - INFO - Processing 5536815514 (1015/4058)
2026-02-23 13:34:35,838 - httpx - INFO - HTTP Request: POST https://api.stratz.com/graphql "HTTP/1.1 200 OK"
2026-02-23 13:34:35,840 - root - INFO - Processing 5536699615 (1016/4058)
2026-02-23 13:34:36,281 - httpx - INFO - HTTP Request: POST https://api.stratz.com/graphql "HTTP/1.1 200 OK"
2026-02-23 13:34:36,282 - root - INFO - Processing 5535315802 (1017/4058)
2026-02-23 13:34:36,800 - httpx - INFO - HTTP Request: POST https://api.stratz.com/graphql "HTTP/1.1 200 OK"
2026-02-23 13:34:36,801 - root - INFO - Processing 5535180189 (1018/4058)
2026-02-23 13:34:37,272 - httpx - INFO - HTTP Request: POST https://api.stratz.com/graphql "HTTP/1.1 200 OK"
2026-02-23 13:34:37,273 - root - INFO - Processing 5534966947 (1019/4058)
2026-02-23 13:34:37,713 - httpx - INFO - HTTP Request: POST https://api.stratz.com/graphql "HTTP/1.1 200 OK"
2026-02-23 13:34:37,714 - root - INFO - Processing 5534852232 (1020/4058)
2026-02-23 13:34:38,154 - httpx - INFO - HTTP Request: POST https://api.stratz.com/graphql "HTTP/1.1 200 OK"
2026-02-23 13:34:38,155 - root - INFO - Processing 5533474983 (1021/4058)
2026-02-23 13:34:38,620 - httpx - INFO - HTTP Request: POST https://api.stratz.com/graphql "HTTP/1.1 200 OK"
2026-02-23 13:34:38,621 - root - INFO - Processing 5533371658 (1022/4058)
2026-02-23 13:34:39,090 - httpx - INFO - HTTP Request: POST https://api.stratz.com/graphql "HTTP/1.1 200 OK"
2026-02-23 13:34:39,091 - root - INFO - Processing 5533107644 (1023/4058)
2026-02-23 13:34:39,542 - httpx - INFO - HTTP Request: POST https://api.stratz.com/graphql "HTTP/1.1 200 OK"
2026-02-23 13:34:39,544 - root - INFO - Processing 5533013656 (1024/4058)
2026-02-23 13:34:39,967 - httpx - INFO - HTTP Request: POST https://api.stratz.com/graphql "HTTP/1.1 200 OK"
2026-02-23 13:34:39,968 - root - INFO - Processing 5531609721 (1025/4058)
2026-02-23 13:34:40,419 - httpx - INFO - HTTP Request: POST https://api.stratz.com/graphql "HTTP/1.1 200 OK"
2026-02-23 13:34:40,420 - root - INFO - Processing 5531451760 (1026/4058)
2026-02-23 13:34:40,885 - httpx - INFO - HTTP Request: POST https://api.stratz.com/graphql "HTTP/1.1 200 OK"
2026-02-23 13:34:40,887 - root - INFO - Processing 5531336142 (1027/4058)
2026-02-23 13:34:41,481 - httpx - INFO - HTTP Request: POST https://api.stratz.com/graphql "HTTP/1.1 200 OK"
2026-02-23 13:34:41,482 - root - INFO - Processing 5459628585 (1028/4058)
2026-02-23 13:34:41,917 - httpx - INFO - HTTP Request: POST https://api.stratz.com/graphql "HTTP/1.1 200 OK"
2026-02-23 13:34:41,918 - root - INFO - Processing 5459521618 (1029/4058)
2026-02-23 13:34:42,343 - httpx - INFO - HTTP Request: POST https://api.stratz.com/graphql "HTTP/1.1 200 OK"
2026-02-23 13:34:42,344 - root - INFO - Processing 5459430378 (1030/4058)
2026-02-23 13:34:42,787 - httpx - INFO - HTTP Request: POST https://api.stratz.com/graphql "HTTP/1.1 200 OK"
2026-02-23 13:34:42,788 - root - INFO - Processing 5459150298 (1031/4058)
2026-02-23 13:34:43,369 - httpx - INFO - HTTP Request: POST https://api.stratz.com/graphql "HTTP/1.1 200 OK"
2026-02-23 13:34:43,370 - root - INFO - Processing 5459037266 (1032/4058)
2026-02-23 13:34:43,923 - httpx - INFO - HTTP Request: POST https://api.stratz.com/graphql "HTTP/1.1 200 OK"
2026-02-23 13:34:43,924 - root - INFO - Processing 5458912363 (1033/4058)
2026-02-23 13:34:44,381 - httpx - INFO - HTTP Request: POST https://api.stratz.com/graphql "HTTP/1.1 200 OK"
2026-02-23 13:34:44,382 - root - INFO - Processing 5458722594 (1034/4058)
2026-02-23 13:34:44,823 - httpx - INFO - HTTP Request: POST https://api.stratz.com/graphql "HTTP/1.1 200 OK"
2026-02-23 13:34:44,824 - root - INFO - Processing 5458645536 (1035/4058)
2026-02-23 13:34:45,257 - httpx - INFO - HTTP Request: POST https://api.stratz.com/graphql "HTTP/1.1 200 OK"
2026-02-23 13:34:45,258 - root - INFO - Processing 5458554374 (1036/4058)
2026-02-23 13:34:45,702 - httpx - INFO - HTTP Request: POST https://api.stratz.com/graphql "HTTP/1.1 200 OK"
2026-02-23 13:34:45,703 - root - INFO - Processing 5458435103 (1037/4058)
2026-02-23 13:34:46,125 - httpx - INFO - HTTP Request: POST https://api.stratz.com/graphql "HTTP/1.1 200 OK"
2026-02-23 13:34:46,126 - root - INFO - Processing 5457591146 (1038/4058)
2026-02-23 13:34:46,550 - httpx - INFO - HTTP Request: POST https://api.stratz.com/graphql "HTTP/1.1 200 OK"
2026-02-23 13:34:46,551 - root - INFO - Processing 5457427108 (1039/4058)
2026-02-23 13:34:46,995 - httpx - INFO - HTTP Request: POST https://api.stratz.com/graphql "HTTP/1.1 200 OK"
2026-02-23 13:34:46,997 - root - INFO - Processing 5457236188 (1040/4058)
2026-02-23 13:34:47,439 - httpx - INFO - HTTP Request: POST https://api.stratz.com/graphql "HTTP/1.1 200 OK"
2026-02-23 13:34:47,439 - root - INFO - Processing 5457086681 (1041/4058)
2026-02-23 13:34:47,877 - httpx - INFO - HTTP Request: POST https://api.stratz.com/graphql "HTTP/1.1 200 OK"
2026-02-23 13:34:47,878 - root - INFO - Processing 5456888291 (1042/4058)
2026-02-23 13:34:48,431 - httpx - INFO - HTTP Request: POST https://api.stratz.com/graphql "HTTP/1.1 200 OK"
2026-02-23 13:34:48,432 - root - INFO - Processing 5456771252 (1043/4058)
2026-02-23 13:34:48,867 - httpx - INFO - HTTP Request: POST https://api.stratz.com/graphql "HTTP/1.1 200 OK"
2026-02-23 13:34:48,868 - root - INFO - Processing 5455865398 (1044/4058)
2026-02-23 13:34:49,300 - httpx - INFO - HTTP Request: POST https://api.stratz.com/graphql "HTTP/1.1 200 OK"
2026-02-23 13:34:49,301 - root - INFO - Processing 5455783005 (1045/4058)
2026-02-23 13:34:49,772 - httpx - INFO - HTTP Request: POST https://api.stratz.com/graphql "HTTP/1.1 200 OK"
2026-02-23 13:34:49,773 - root - INFO - Processing 5455698933 (1046/4058)
2026-02-23 13:34:50,215 - httpx - INFO - HTTP Request: POST https://api.stratz.com/graphql "HTTP/1.1 200 OK"
2026-02-23 13:34:50,216 - root - INFO - Processing 5455605476 (1047/4058)
2026-02-23 13:34:50,657 - httpx - INFO - HTTP Request: POST https://api.stratz.com/graphql "HTTP/1.1 200 OK"
2026-02-23 13:34:50,658 - root - INFO - Processing 5455503169 (1048/4058)
2026-02-23 13:34:51,095 - httpx - INFO - HTTP Request: POST https://api.stratz.com/graphql "HTTP/1.1 200 OK"
2026-02-23 13:34:51,096 - root - INFO - Processing 5455384177 (1049/4058)
2026-02-23 13:34:51,530 - httpx - INFO - HTTP Request: POST https://api.stratz.com/graphql "HTTP/1.1 200 OK"
2026-02-23 13:34:51,531 - root - INFO - Processing 5455298287 (1050/4058)
2026-02-23 13:34:51,951 - httpx - INFO - HTTP Request: POST https://api.stratz.com/graphql "HTTP/1.1 200 OK"
2026-02-23 13:34:51,952 - root - INFO - Processing 5455029623 (1051/4058)
2026-02-23 13:34:52,388 - httpx - INFO - HTTP Request: POST https://api.stratz.com/graphql "HTTP/1.1 200 OK"
2026-02-23 13:34:52,389 - root - INFO - Processing 5454920829 (1052/4058)
2026-02-23 13:34:52,842 - httpx - INFO - HTTP Request: POST https://api.stratz.com/graphql "HTTP/1.1 200 OK"
2026-02-23 13:34:52,843 - root - INFO - Processing 5454073706 (1053/4058)
2026-02-23 13:34:53,285 - httpx - INFO - HTTP Request: POST https://api.stratz.com/graphql "HTTP/1.1 200 OK"
2026-02-23 13:34:53,286 - root - INFO - Processing 5453970981 (1054/4058)
2026-02-23 13:34:53,748 - httpx - INFO - HTTP Request: POST https://api.stratz.com/graphql "HTTP/1.1 200 OK"
2026-02-23 13:34:53,749 - root - INFO - Processing 5453872903 (1055/4058)
2026-02-23 13:34:54,262 - httpx - INFO - HTTP Request: POST https://api.stratz.com/graphql "HTTP/1.1 200 OK"
2026-02-23 13:34:54,263 - root - INFO - Processing 5453778979 (1056/4058)
2026-02-23 13:34:54,684 - httpx - INFO - HTTP Request: POST https://api.stratz.com/graphql "HTTP/1.1 200 OK"
2026-02-23 13:34:54,686 - root - INFO - Processing 5453670519 (1057/4058)
2026-02-23 13:34:55,100 - httpx - INFO - HTTP Request: POST https://api.stratz.com/graphql "HTTP/1.1 200 OK"
2026-02-23 13:34:55,101 - root - INFO - Processing 5453525551 (1058/4058)
2026-02-23 13:34:55,542 - httpx - INFO - HTTP Request: POST https://api.stratz.com/graphql "HTTP/1.1 200 OK"
2026-02-23 13:34:55,543 - root - INFO - Processing 5453324443 (1059/4058)
2026-02-23 13:34:55,977 - httpx - INFO - HTTP Request: POST https://api.stratz.com/graphql "HTTP/1.1 200 OK"
2026-02-23 13:34:55,978 - root - INFO - Processing 5453224510 (1060/4058)
2026-02-23 13:34:56,420 - httpx - INFO - HTTP Request: POST https://api.stratz.com/graphql "HTTP/1.1 200 OK"
2026-02-23 13:34:56,421 - root - INFO - Processing 5452438801 (1061/4058)
2026-02-23 13:34:56,866 - httpx - INFO - HTTP Request: POST https://api.stratz.com/graphql "HTTP/1.1 200 OK"
2026-02-23 13:34:56,867 - root - INFO - Processing 5452379337 (1062/4058)
2026-02-23 13:34:57,303 - httpx - INFO - HTTP Request: POST https://api.stratz.com/graphql "HTTP/1.1 200 OK"
2026-02-23 13:34:57,305 - root - INFO - Processing 5452166452 (1063/4058)
2026-02-23 13:34:57,751 - httpx - INFO - HTTP Request: POST https://api.stratz.com/graphql "HTTP/1.1 200 OK"
2026-02-23 13:34:57,752 - root - INFO - Processing 5451950420 (1064/4058)
2026-02-23 13:34:58,167 - httpx - INFO - HTTP Request: POST https://api.stratz.com/graphql "HTTP/1.1 200 OK"
2026-02-23 13:34:58,169 - root - INFO - Processing 5451848396 (1065/4058)
2026-02-23 13:34:58,595 - httpx - INFO - HTTP Request: POST https://api.stratz.com/graphql "HTTP/1.1 200 OK"
2026-02-23 13:34:58,596 - root - INFO - Processing 5451755273 (1066/4058)
2026-02-23 13:34:59,033 - httpx - INFO - HTTP Request: POST https://api.stratz.com/graphql "HTTP/1.1 200 OK"
2026-02-23 13:34:59,034 - root - INFO - Processing 5451624988 (1067/4058)
2026-02-23 13:34:59,471 - httpx - INFO - HTTP Request: POST https://api.stratz.com/graphql "HTTP/1.1 200 OK"
2026-02-23 13:34:59,473 - root - INFO - Processing 5451543576 (1068/4058)
2026-02-23 13:35:00,008 - httpx - INFO - HTTP Request: POST https://api.stratz.com/graphql "HTTP/1.1 200 OK"
2026-02-23 13:35:00,009 - root - INFO - Processing 5450581495 (1069/4058)
2026-02-23 13:35:00,461 - httpx - INFO - HTTP Request: POST https://api.stratz.com/graphql "HTTP/1.1 200 OK"
2026-02-23 13:35:00,462 - root - INFO - Processing 5450485396 (1070/4058)
2026-02-23 13:35:00,897 - httpx - INFO - HTTP Request: POST https://api.stratz.com/graphql "HTTP/1.1 200 OK"
2026-02-23 13:35:00,899 - root - INFO - Processing 5450379602 (1071/4058)
2026-02-23 13:35:01,334 - httpx - INFO - HTTP Request: POST https://api.stratz.com/graphql "HTTP/1.1 200 OK"
2026-02-23 13:35:01,335 - root - INFO - Processing 5450245044 (1072/4058)
2026-02-23 13:35:01,810 - httpx - INFO - HTTP Request: POST https://api.stratz.com/graphql "HTTP/1.1 200 OK"
2026-02-23 13:35:01,811 - root - INFO - Processing 5450113195 (1073/4058)
2026-02-23 13:35:02,270 - httpx - INFO - HTTP Request: POST https://api.stratz.com/graphql "HTTP/1.1 200 OK"
2026-02-23 13:35:02,271 - root - INFO - Processing 5449919699 (1074/4058)
2026-02-23 13:35:03,085 - httpx - INFO - HTTP Request: POST https://api.stratz.com/graphql "HTTP/1.1 200 OK"
2026-02-23 13:35:03,086 - root - INFO - Processing 5449806735 (1075/4058)
2026-02-23 13:35:03,526 - httpx - INFO - HTTP Request: POST https://api.stratz.com/graphql "HTTP/1.1 200 OK"
2026-02-23 13:35:03,527 - root - INFO - Processing 5447287781 (1076/4058)
2026-02-23 13:35:03,976 - httpx - INFO - HTTP Request: POST https://api.stratz.com/graphql "HTTP/1.1 200 OK"
2026-02-23 13:35:03,977 - root - INFO - Processing 5447251181 (1077/4058)
2026-02-23 13:35:04,446 - httpx - INFO - HTTP Request: POST https://api.stratz.com/graphql "HTTP/1.1 200 OK"
2026-02-23 13:35:04,448 - root - INFO - Processing 5447229811 (1078/4058)
2026-02-23 13:35:04,906 - httpx - INFO - HTTP Request: POST https://api.stratz.com/graphql "HTTP/1.1 200 OK"
2026-02-23 13:35:04,907 - root - INFO - Processing 5447222283 (1079/4058)
2026-02-23 13:35:05,332 - httpx - INFO - HTTP Request: POST https://api.stratz.com/graphql "HTTP/1.1 200 OK"
2026-02-23 13:35:05,333 - root - INFO - Processing 5447151947 (1080/4058)
2026-02-23 13:35:05,781 - httpx - INFO - HTTP Request: POST https://api.stratz.com/graphql "HTTP/1.1 200 OK"
2026-02-23 13:35:05,782 - root - INFO - Processing 5447147973 (1081/4058)
2026-02-23 13:35:06,197 - httpx - INFO - HTTP Request: POST https://api.stratz.com/graphql "HTTP/1.1 200 OK"
2026-02-23 13:35:06,198 - root - INFO - Processing 5447146779 (1082/4058)
2026-02-23 13:35:06,620 - httpx - INFO - HTTP Request: POST https://api.stratz.com/graphql "HTTP/1.1 200 OK"
2026-02-23 13:35:06,621 - root - INFO - Processing 5447058003 (1083/4058)
2026-02-23 13:35:07,056 - httpx - INFO - HTTP Request: POST https://api.stratz.com/graphql "HTTP/1.1 200 OK"
2026-02-23 13:35:07,057 - root - INFO - Processing 5446982061 (1084/4058)
2026-02-23 13:35:07,482 - httpx - INFO - HTTP Request: POST https://api.stratz.com/graphql "HTTP/1.1 200 OK"
2026-02-23 13:35:07,483 - root - INFO - Processing 5446976415 (1085/4058)
2026-02-23 13:35:07,913 - httpx - INFO - HTTP Request: POST https://api.stratz.com/graphql "HTTP/1.1 200 OK"
2026-02-23 13:35:07,914 - root - INFO - Processing 5446954733 (1086/4058)
2026-02-23 13:35:08,339 - httpx - INFO - HTTP Request: POST https://api.stratz.com/graphql "HTTP/1.1 200 OK"
2026-02-23 13:35:08,340 - root - INFO - Processing 5446939580 (1087/4058)
2026-02-23 13:35:08,764 - httpx - INFO - HTTP Request: POST https://api.stratz.com/graphql "HTTP/1.1 200 OK"
2026-02-23 13:35:08,765 - root - INFO - Processing 5446871351 (1088/4058)
2026-02-23 13:35:09,234 - httpx - INFO - HTTP Request: POST https://api.stratz.com/graphql "HTTP/1.1 200 OK"
2026-02-23 13:35:09,235 - root - INFO - Processing 5446860850 (1089/4058)
2026-02-23 13:35:09,673 - httpx - INFO - HTTP Request: POST https://api.stratz.com/graphql "HTTP/1.1 200 OK"
2026-02-23 13:35:09,674 - root - INFO - Processing 5446857495 (1090/4058)
2026-02-23 13:35:10,118 - httpx - INFO - HTTP Request: POST https://api.stratz.com/graphql "HTTP/1.1 200 OK"
2026-02-23 13:35:10,119 - root - INFO - Processing 5446844913 (1091/4058)
2026-02-23 13:35:10,857 - httpx - INFO - HTTP Request: POST https://api.stratz.com/graphql "HTTP/1.1 200 OK"
2026-02-23 13:35:10,858 - root - INFO - Processing 5446735849 (1092/4058)
2026-02-23 13:35:11,281 - httpx - INFO - HTTP Request: POST https://api.stratz.com/graphql "HTTP/1.1 200 OK"
2026-02-23 13:35:11,282 - root - INFO - Processing 5446677002 (1093/4058)
2026-02-23 13:35:11,700 - httpx - INFO - HTTP Request: POST https://api.stratz.com/graphql "HTTP/1.1 200 OK"
2026-02-23 13:35:11,701 - root - INFO - Processing 5446591849 (1094/4058)
2026-02-23 13:35:12,143 - httpx - INFO - HTTP Request: POST https://api.stratz.com/graphql "HTTP/1.1 200 OK"
2026-02-23 13:35:12,144 - root - INFO - Processing 5446591207 (1095/4058)
2026-02-23 13:35:12,607 - httpx - INFO - HTTP Request: POST https://api.stratz.com/graphql "HTTP/1.1 200 OK"
2026-02-23 13:35:12,608 - root - INFO - Processing 5446579683 (1096/4058)
2026-02-23 13:35:13,037 - httpx - INFO - HTTP Request: POST https://api.stratz.com/graphql "HTTP/1.1 200 OK"
2026-02-23 13:35:13,038 - root - INFO - Processing 5446574023 (1097/4058)
2026-02-23 13:35:13,478 - httpx - INFO - HTTP Request: POST https://api.stratz.com/graphql "HTTP/1.1 200 OK"
2026-02-23 13:35:13,479 - root - INFO - Processing 5446444976 (1098/4058)
2026-02-23 13:35:13,933 - httpx - INFO - HTTP Request: POST https://api.stratz.com/graphql "HTTP/1.1 200 OK"
2026-02-23 13:35:13,934 - root - INFO - Processing 5446441916 (1099/4058)
2026-02-23 13:35:14,477 - httpx - INFO - HTTP Request: POST https://api.stratz.com/graphql "HTTP/1.1 200 OK"
2026-02-23 13:35:14,478 - root - INFO - Processing 5446435570 (1100/4058)
2026-02-23 13:35:14,891 - httpx - INFO - HTTP Request: POST https://api.stratz.com/graphql "HTTP/1.1 200 OK"
2026-02-23 13:35:14,892 - root - INFO - Processing 5446429838 (1101/4058)
2026-02-23 13:35:15,307 - httpx - INFO - HTTP Request: POST https://api.stratz.com/graphql "HTTP/1.1 200 OK"
2026-02-23 13:35:15,308 - root - INFO - Processing 5446262223 (1102/4058)
2026-02-23 13:35:15,739 - httpx - INFO - HTTP Request: POST https://api.stratz.com/graphql "HTTP/1.1 200 OK"
2026-02-23 13:35:15,740 - root - INFO - Processing 5446126296 (1103/4058)
2026-02-23 13:35:16,170 - httpx - INFO - HTTP Request: POST https://api.stratz.com/graphql "HTTP/1.1 200 OK"
2026-02-23 13:35:16,171 - root - INFO - Processing 5446007327 (1104/4058)
2026-02-23 13:35:16,616 - httpx - INFO - HTTP Request: POST https://api.stratz.com/graphql "HTTP/1.1 200 OK"
2026-02-23 13:35:16,618 - root - INFO - Processing 5445892214 (1105/4058)
2026-02-23 13:35:17,052 - httpx - INFO - HTTP Request: POST https://api.stratz.com/graphql "HTTP/1.1 200 OK"
2026-02-23 13:35:17,054 - root - INFO - Processing 5445156415 (1106/4058)
2026-02-23 13:35:17,490 - httpx - INFO - HTTP Request: POST https://api.stratz.com/graphql "HTTP/1.1 200 OK"
2026-02-23 13:35:17,491 - root - INFO - Processing 5445091264 (1107/4058)
2026-02-23 13:35:17,912 - httpx - INFO - HTTP Request: POST https://api.stratz.com/graphql "HTTP/1.1 200 OK"
2026-02-23 13:35:17,913 - root - INFO - Processing 5444993962 (1108/4058)
2026-02-23 13:35:18,343 - httpx - INFO - HTTP Request: POST https://api.stratz.com/graphql "HTTP/1.1 200 OK"
2026-02-23 13:35:18,345 - root - INFO - Processing 5444964245 (1109/4058)
2026-02-23 13:35:18,779 - httpx - INFO - HTTP Request: POST https://api.stratz.com/graphql "HTTP/1.1 200 OK"
2026-02-23 13:35:18,780 - root - INFO - Processing 5444947107 (1110/4058)
2026-02-23 13:35:19,279 - httpx - INFO - HTTP Request: POST https://api.stratz.com/graphql "HTTP/1.1 200 OK"
2026-02-23 13:35:19,280 - root - INFO - Processing 5444912612 (1111/4058)
2026-02-23 13:35:19,730 - httpx - INFO - HTTP Request: POST https://api.stratz.com/graphql "HTTP/1.1 200 OK"
2026-02-23 13:35:19,731 - root - INFO - Processing 5444864295 (1112/4058)
2026-02-23 13:35:20,187 - httpx - INFO - HTTP Request: POST https://api.stratz.com/graphql "HTTP/1.1 200 OK"
2026-02-23 13:35:20,188 - root - INFO - Processing 5444799720 (1113/4058)
2026-02-23 13:35:20,610 - httpx - INFO - HTTP Request: POST https://api.stratz.com/graphql "HTTP/1.1 200 OK"
2026-02-23 13:35:20,612 - root - INFO - Processing 5444792459 (1114/4058)
2026-02-23 13:35:21,047 - httpx - INFO - HTTP Request: POST https://api.stratz.com/graphql "HTTP/1.1 200 OK"
2026-02-23 13:35:21,048 - root - INFO - Processing 5444690645 (1115/4058)
2026-02-23 13:35:21,470 - httpx - INFO - HTTP Request: POST https://api.stratz.com/graphql "HTTP/1.1 200 OK"
2026-02-23 13:35:21,471 - root - INFO - Processing 5444670872 (1116/4058)
2026-02-23 13:35:21,920 - httpx - INFO - HTTP Request: POST https://api.stratz.com/graphql "HTTP/1.1 200 OK"
2026-02-23 13:35:21,921 - root - INFO - Processing 5444494373 (1117/4058)
2026-02-23 13:35:22,357 - httpx - INFO - HTTP Request: POST https://api.stratz.com/graphql "HTTP/1.1 200 OK"
2026-02-23 13:35:22,359 - root - INFO - Processing 5444433286 (1118/4058)
2026-02-23 13:35:22,785 - httpx - INFO - HTTP Request: POST https://api.stratz.com/graphql "HTTP/1.1 200 OK"
2026-02-23 13:35:22,786 - root - INFO - Processing 5444388252 (1119/4058)
2026-02-23 13:35:23,210 - httpx - INFO - HTTP Request: POST https://api.stratz.com/graphql "HTTP/1.1 200 OK"
2026-02-23 13:35:23,211 - root - INFO - Processing 5444346138 (1120/4058)
2026-02-23 13:35:23,660 - httpx - INFO - HTTP Request: POST https://api.stratz.com/graphql "HTTP/1.1 200 OK"
2026-02-23 13:35:23,661 - root - INFO - Processing 5444330823 (1121/4058)
2026-02-23 13:35:24,093 - httpx - INFO - HTTP Request: POST https://api.stratz.com/graphql "HTTP/1.1 200 OK"
2026-02-23 13:35:24,094 - root - INFO - Processing 5444330131 (1122/4058)
2026-02-23 13:35:24,518 - httpx - INFO - HTTP Request: POST https://api.stratz.com/graphql "HTTP/1.1 200 OK"
2026-02-23 13:35:24,519 - root - INFO - Processing 5444195945 (1123/4058)
2026-02-23 13:35:24,948 - httpx - INFO - HTTP Request: POST https://api.stratz.com/graphql "HTTP/1.1 200 OK"
2026-02-23 13:35:24,949 - root - INFO - Processing 5444192037 (1124/4058)
2026-02-23 13:35:25,414 - httpx - INFO - HTTP Request: POST https://api.stratz.com/graphql "HTTP/1.1 200 OK"
2026-02-23 13:35:25,415 - root - INFO - Processing 5444178849 (1125/4058)
2026-02-23 13:35:25,853 - httpx - INFO - HTTP Request: POST https://api.stratz.com/graphql "HTTP/1.1 200 OK"
2026-02-23 13:35:25,854 - root - INFO - Processing 5444175327 (1126/4058)
2026-02-23 13:35:26,318 - httpx - INFO - HTTP Request: POST https://api.stratz.com/graphql "HTTP/1.1 200 OK"
2026-02-23 13:35:26,319 - root - INFO - Processing 5443972315 (1127/4058)
2026-02-23 13:35:26,742 - httpx - INFO - HTTP Request: POST https://api.stratz.com/graphql "HTTP/1.1 200 OK"
2026-02-23 13:35:26,743 - root - INFO - Processing 5443836254 (1128/4058)
2026-02-23 13:35:27,163 - httpx - INFO - HTTP Request: POST https://api.stratz.com/graphql "HTTP/1.1 200 OK"
2026-02-23 13:35:27,164 - root - INFO - Processing 5442927048 (1129/4058)
2026-02-23 13:35:27,639 - httpx - INFO - HTTP Request: POST https://api.stratz.com/graphql "HTTP/1.1 200 OK"
2026-02-23 13:35:27,640 - root - INFO - Processing 5442854241 (1130/4058)
2026-02-23 13:35:28,092 - httpx - INFO - HTTP Request: POST https://api.stratz.com/graphql "HTTP/1.1 200 OK"
2026-02-23 13:35:28,093 - root - INFO - Processing 5442830628 (1131/4058)
2026-02-23 13:35:28,535 - httpx - INFO - HTTP Request: POST https://api.stratz.com/graphql "HTTP/1.1 200 OK"
2026-02-23 13:35:28,536 - root - INFO - Processing 5442820837 (1132/4058)
2026-02-23 13:35:29,012 - httpx - INFO - HTTP Request: POST https://api.stratz.com/graphql "HTTP/1.1 200 OK"
2026-02-23 13:35:29,013 - root - INFO - Processing 5442769161 (1133/4058)
2026-02-23 13:35:29,505 - httpx - INFO - HTTP Request: POST https://api.stratz.com/graphql "HTTP/1.1 200 OK"
2026-02-23 13:35:29,506 - root - INFO - Processing 5442751764 (1134/4058)
2026-02-23 13:35:29,953 - httpx - INFO - HTTP Request: POST https://api.stratz.com/graphql "HTTP/1.1 200 OK"
2026-02-23 13:35:29,954 - root - INFO - Processing 5442749522 (1135/4058)
2026-02-23 13:35:30,482 - httpx - INFO - HTTP Request: POST https://api.stratz.com/graphql "HTTP/1.1 200 OK"
2026-02-23 13:35:30,484 - root - INFO - Processing 5442678857 (1136/4058)
2026-02-23 13:35:31,076 - httpx - INFO - HTTP Request: POST https://api.stratz.com/graphql "HTTP/1.1 200 OK"
2026-02-23 13:35:31,077 - root - INFO - Processing 5442662265 (1137/4058)
2026-02-23 13:35:31,592 - httpx - INFO - HTTP Request: POST https://api.stratz.com/graphql "HTTP/1.1 200 OK"
2026-02-23 13:35:31,593 - root - INFO - Processing 5442657840 (1138/4058)
2026-02-23 13:35:32,099 - httpx - INFO - HTTP Request: POST https://api.stratz.com/graphql "HTTP/1.1 200 OK"
2026-02-23 13:35:32,101 - root - INFO - Processing 5442650443 (1139/4058)
2026-02-23 13:35:32,578 - httpx - INFO - HTTP Request: POST https://api.stratz.com/graphql "HTTP/1.1 200 OK"
2026-02-23 13:35:32,579 - root - INFO - Processing 5442589410 (1140/4058)
2026-02-23 13:35:33,036 - httpx - INFO - HTTP Request: POST https://api.stratz.com/graphql "HTTP/1.1 200 OK"
2026-02-23 13:35:33,042 - root - INFO - Processing 5442577486 (1141/4058)
2026-02-23 13:35:33,546 - httpx - INFO - HTTP Request: POST https://api.stratz.com/graphql "HTTP/1.1 200 OK"
2026-02-23 13:35:33,547 - root - INFO - Processing 5442551884 (1142/4058)
2026-02-23 13:35:34,031 - httpx - INFO - HTTP Request: POST https://api.stratz.com/graphql "HTTP/1.1 200 OK"
2026-02-23 13:35:34,032 - root - INFO - Processing 5442547543 (1143/4058)
2026-02-23 13:35:34,626 - httpx - INFO - HTTP Request: POST https://api.stratz.com/graphql "HTTP/1.1 200 OK"
2026-02-23 13:35:34,627 - root - INFO - Processing 5442469396 (1144/4058)
2026-02-23 13:35:35,146 - httpx - INFO - HTTP Request: POST https://api.stratz.com/graphql "HTTP/1.1 200 OK"
2026-02-23 13:35:35,147 - root - INFO - Processing 5442439473 (1145/4058)
2026-02-23 13:35:35,601 - httpx - INFO - HTTP Request: POST https://api.stratz.com/graphql "HTTP/1.1 200 OK"
2026-02-23 13:35:35,602 - root - INFO - Processing 5442439277 (1146/4058)
2026-02-23 13:35:36,069 - httpx - INFO - HTTP Request: POST https://api.stratz.com/graphql "HTTP/1.1 200 OK"
2026-02-23 13:35:36,070 - root - INFO - Processing 5442431843 (1147/4058)
2026-02-23 13:35:36,546 - httpx - INFO - HTTP Request: POST https://api.stratz.com/graphql "HTTP/1.1 200 OK"
2026-02-23 13:35:36,547 - root - INFO - Processing 5442345688 (1148/4058)
2026-02-23 13:35:36,992 - httpx - INFO - HTTP Request: POST https://api.stratz.com/graphql "HTTP/1.1 200 OK"
2026-02-23 13:35:36,993 - root - INFO - Processing 5442333215 (1149/4058)
2026-02-23 13:35:37,484 - httpx - INFO - HTTP Request: POST https://api.stratz.com/graphql "HTTP/1.1 200 OK"
2026-02-23 13:35:37,485 - root - INFO - Processing 5442316435 (1150/4058)
2026-02-23 13:35:37,983 - httpx - INFO - HTTP Request: POST https://api.stratz.com/graphql "HTTP/1.1 200 OK"
2026-02-23 13:35:37,984 - root - INFO - Processing 5442295638 (1151/4058)
2026-02-23 13:35:38,476 - httpx - INFO - HTTP Request: POST https://api.stratz.com/graphql "HTTP/1.1 200 OK"
2026-02-23 13:35:38,477 - root - INFO - Processing 5442154357 (1152/4058)
2026-02-23 13:35:39,045 - httpx - INFO - HTTP Request: POST https://api.stratz.com/graphql "HTTP/1.1 200 OK"
2026-02-23 13:35:39,047 - root - INFO - Processing 5442139631 (1153/4058)
2026-02-23 13:35:39,497 - httpx - INFO - HTTP Request: POST https://api.stratz.com/graphql "HTTP/1.1 200 OK"
2026-02-23 13:35:39,498 - root - INFO - Processing 5442130802 (1154/4058)
2026-02-23 13:35:40,119 - httpx - INFO - HTTP Request: POST https://api.stratz.com/graphql "HTTP/1.1 200 OK"
2026-02-23 13:35:40,120 - root - INFO - Processing 5442125635 (1155/4058)
2026-02-23 13:35:40,641 - httpx - INFO - HTTP Request: POST https://api.stratz.com/graphql "HTTP/1.1 200 OK"
2026-02-23 13:35:40,642 - root - INFO - Processing 5441962745 (1156/4058)
2026-02-23 13:35:41,101 - httpx - INFO - HTTP Request: POST https://api.stratz.com/graphql "HTTP/1.1 200 OK"
2026-02-23 13:35:41,102 - root - INFO - Processing 5441823282 (1157/4058)
2026-02-23 13:35:41,605 - httpx - INFO - HTTP Request: POST https://api.stratz.com/graphql "HTTP/1.1 200 OK"
2026-02-23 13:35:41,606 - root - INFO - Processing 5441735542 (1158/4058)
2026-02-23 13:35:42,095 - httpx - INFO - HTTP Request: POST https://api.stratz.com/graphql "HTTP/1.1 200 OK"
2026-02-23 13:35:42,096 - root - INFO - Processing 5441648589 (1159/4058)
2026-02-23 13:35:42,733 - httpx - INFO - HTTP Request: POST https://api.stratz.com/graphql "HTTP/1.1 200 OK"
2026-02-23 13:35:42,735 - root - INFO - Processing 5441563456 (1160/4058)
2026-02-23 13:35:43,313 - httpx - INFO - HTTP Request: POST https://api.stratz.com/graphql "HTTP/1.1 200 OK"
2026-02-23 13:35:43,314 - root - INFO - Processing 5441103833 (1161/4058)
2026-02-23 13:35:44,109 - httpx - INFO - HTTP Request: POST https://api.stratz.com/graphql "HTTP/1.1 200 OK"
2026-02-23 13:35:44,110 - root - INFO - Processing 5441066672 (1162/4058)
2026-02-23 13:35:44,737 - httpx - INFO - HTTP Request: POST https://api.stratz.com/graphql "HTTP/1.1 200 OK"
2026-02-23 13:35:44,738 - root - INFO - Processing 5440994373 (1163/4058)
2026-02-23 13:35:45,220 - httpx - INFO - HTTP Request: POST https://api.stratz.com/graphql "HTTP/1.1 200 OK"
2026-02-23 13:35:45,225 - root - INFO - Processing 5440992734 (1164/4058)
2026-02-23 13:35:45,687 - httpx - INFO - HTTP Request: POST https://api.stratz.com/graphql "HTTP/1.1 200 OK"
2026-02-23 13:35:45,689 - root - INFO - Processing 5440939205 (1165/4058)
2026-02-23 13:35:46,190 - httpx - INFO - HTTP Request: POST https://api.stratz.com/graphql "HTTP/1.1 200 OK"
2026-02-23 13:35:46,191 - root - INFO - Processing 5440874841 (1166/4058)
2026-02-23 13:35:46,686 - httpx - INFO - HTTP Request: POST https://api.stratz.com/graphql "HTTP/1.1 200 OK"
2026-02-23 13:35:46,688 - root - INFO - Processing 5440853529 (1167/4058)
2026-02-23 13:35:47,547 - httpx - INFO - HTTP Request: POST https://api.stratz.com/graphql "HTTP/1.1 200 OK"
2026-02-23 13:35:47,548 - root - INFO - Processing 5440795891 (1168/4058)
2026-02-23 13:35:48,050 - httpx - INFO - HTTP Request: POST https://api.stratz.com/graphql "HTTP/1.1 200 OK"
2026-02-23 13:35:48,051 - root - INFO - Processing 5440751046 (1169/4058)
2026-02-23 13:35:48,534 - httpx - INFO - HTTP Request: POST https://api.stratz.com/graphql "HTTP/1.1 200 OK"
2026-02-23 13:35:48,535 - root - INFO - Processing 5440750345 (1170/4058)
2026-02-23 13:35:49,057 - httpx - INFO - HTTP Request: POST https://api.stratz.com/graphql "HTTP/1.1 200 OK"
2026-02-23 13:35:49,059 - root - INFO - Processing 5440675604 (1171/4058)
2026-02-23 13:35:49,688 - httpx - INFO - HTTP Request: POST https://api.stratz.com/graphql "HTTP/1.1 200 OK"
2026-02-23 13:35:49,689 - root - INFO - Processing 5440659407 (1172/4058)
2026-02-23 13:35:50,192 - httpx - INFO - HTTP Request: POST https://api.stratz.com/graphql "HTTP/1.1 200 OK"
2026-02-23 13:35:50,193 - root - INFO - Processing 5440655052 (1173/4058)
2026-02-23 13:35:50,735 - httpx - INFO - HTTP Request: POST https://api.stratz.com/graphql "HTTP/1.1 200 OK"
2026-02-23 13:35:50,736 - root - INFO - Processing 5440582597 (1174/4058)
2026-02-23 13:35:51,266 - httpx - INFO - HTTP Request: POST https://api.stratz.com/graphql "HTTP/1.1 200 OK"
2026-02-23 13:35:51,267 - root - INFO - Processing 5440527837 (1175/4058)
2026-02-23 13:35:51,758 - httpx - INFO - HTTP Request: POST https://api.stratz.com/graphql "HTTP/1.1 200 OK"
2026-02-23 13:35:51,759 - root - INFO - Processing 5440527089 (1176/4058)
2026-02-23 13:35:52,330 - httpx - INFO - HTTP Request: POST https://api.stratz.com/graphql "HTTP/1.1 200 OK"
2026-02-23 13:35:52,331 - root - INFO - Processing 5440437057 (1177/4058)
2026-02-23 13:35:52,791 - httpx - INFO - HTTP Request: POST https://api.stratz.com/graphql "HTTP/1.1 200 OK"
2026-02-23 13:35:52,793 - root - INFO - Processing 5440415563 (1178/4058)
2026-02-23 13:35:53,302 - httpx - INFO - HTTP Request: POST https://api.stratz.com/graphql "HTTP/1.1 200 OK"
2026-02-23 13:35:53,303 - root - INFO - Processing 5440403449 (1179/4058)
2026-02-23 13:35:53,817 - httpx - INFO - HTTP Request: POST https://api.stratz.com/graphql "HTTP/1.1 200 OK"
2026-02-23 13:35:53,819 - root - INFO - Processing 5440276112 (1180/4058)
2026-02-23 13:35:54,278 - httpx - INFO - HTTP Request: POST https://api.stratz.com/graphql "HTTP/1.1 200 OK"
2026-02-23 13:35:54,279 - root - INFO - Processing 5440263095 (1181/4058)
2026-02-23 13:35:54,795 - httpx - INFO - HTTP Request: POST https://api.stratz.com/graphql "HTTP/1.1 200 OK"
2026-02-23 13:35:54,796 - root - INFO - Processing 5440251625 (1182/4058)
2026-02-23 13:35:55,305 - httpx - INFO - HTTP Request: POST https://api.stratz.com/graphql "HTTP/1.1 200 OK"
2026-02-23 13:35:55,306 - root - INFO - Processing 5440083370 (1183/4058)
2026-02-23 13:35:55,806 - httpx - INFO - HTTP Request: POST https://api.stratz.com/graphql "HTTP/1.1 200 OK"
2026-02-23 13:35:55,807 - root - INFO - Processing 5439967758 (1184/4058)
2026-02-23 13:35:56,305 - httpx - INFO - HTTP Request: POST https://api.stratz.com/graphql "HTTP/1.1 200 OK"
2026-02-23 13:35:56,306 - root - INFO - Processing 5439938867 (1185/4058)
2026-02-23 13:35:56,850 - httpx - INFO - HTTP Request: POST https://api.stratz.com/graphql "HTTP/1.1 200 OK"
2026-02-23 13:35:56,853 - root - INFO - Processing 5439854482 (1186/4058)
2026-02-23 13:35:57,369 - httpx - INFO - HTTP Request: POST https://api.stratz.com/graphql "HTTP/1.1 200 OK"
2026-02-23 13:35:57,370 - root - INFO - Processing 5439847114 (1187/4058)
2026-02-23 13:35:57,836 - httpx - INFO - HTTP Request: POST https://api.stratz.com/graphql "HTTP/1.1 200 OK"
2026-02-23 13:35:57,837 - root - INFO - Processing 5439776263 (1188/4058)
2026-02-23 13:35:58,340 - httpx - INFO - HTTP Request: POST https://api.stratz.com/graphql "HTTP/1.1 200 OK"
2026-02-23 13:35:58,341 - root - INFO - Processing 5439776167 (1189/4058)
2026-02-23 13:35:58,861 - httpx - INFO - HTTP Request: POST https://api.stratz.com/graphql "HTTP/1.1 200 OK"
2026-02-23 13:35:58,862 - root - INFO - Processing 5439685642 (1190/4058)
2026-02-23 13:35:59,351 - httpx - INFO - HTTP Request: POST https://api.stratz.com/graphql "HTTP/1.1 200 OK"
2026-02-23 13:35:59,352 - root - INFO - Processing 5439682811 (1191/4058)
2026-02-23 13:35:59,896 - httpx - INFO - HTTP Request: POST https://api.stratz.com/graphql "HTTP/1.1 200 OK"
2026-02-23 13:35:59,897 - root - INFO - Processing 5439143330 (1192/4058)
2026-02-23 13:36:00,416 - httpx - INFO - HTTP Request: POST https://api.stratz.com/graphql "HTTP/1.1 200 OK"
2026-02-23 13:36:00,417 - root - INFO - Processing 5439105884 (1193/4058)
2026-02-23 13:36:00,910 - httpx - INFO - HTTP Request: POST https://api.stratz.com/graphql "HTTP/1.1 200 OK"
2026-02-23 13:36:00,912 - root - INFO - Processing 5439071228 (1194/4058)
2026-02-23 13:36:01,398 - httpx - INFO - HTTP Request: POST https://api.stratz.com/graphql "HTTP/1.1 200 OK"
2026-02-23 13:36:01,399 - root - INFO - Processing 5439033949 (1195/4058)
2026-02-23 13:36:01,861 - httpx - INFO - HTTP Request: POST https://api.stratz.com/graphql "HTTP/1.1 200 OK"
2026-02-23 13:36:01,862 - root - INFO - Processing 5439024143 (1196/4058)
2026-02-23 13:36:02,350 - httpx - INFO - HTTP Request: POST https://api.stratz.com/graphql "HTTP/1.1 200 OK"
2026-02-23 13:36:02,352 - root - INFO - Processing 5438965748 (1197/4058)
2026-02-23 13:36:02,890 - httpx - INFO - HTTP Request: POST https://api.stratz.com/graphql "HTTP/1.1 200 OK"
2026-02-23 13:36:02,891 - root - INFO - Processing 5438941337 (1198/4058)
2026-02-23 13:36:03,400 - httpx - INFO - HTTP Request: POST https://api.stratz.com/graphql "HTTP/1.1 200 OK"
2026-02-23 13:36:03,401 - root - INFO - Processing 5438929879 (1199/4058)
2026-02-23 13:36:04,028 - httpx - INFO - HTTP Request: POST https://api.stratz.com/graphql "HTTP/1.1 200 OK"
2026-02-23 13:36:04,029 - root - INFO - Processing 5438859243 (1200/4058)
2026-02-23 13:36:04,528 - httpx - INFO - HTTP Request: POST https://api.stratz.com/graphql "HTTP/1.1 200 OK"
2026-02-23 13:36:04,530 - root - INFO - Processing 5438836108 (1201/4058)
2026-02-23 13:36:05,001 - httpx - INFO - HTTP Request: POST https://api.stratz.com/graphql "HTTP/1.1 200 OK"
2026-02-23 13:36:05,002 - root - INFO - Processing 5438808594 (1202/4058)
2026-02-23 13:36:05,480 - httpx - INFO - HTTP Request: POST https://api.stratz.com/graphql "HTTP/1.1 200 OK"
2026-02-23 13:36:05,482 - root - INFO - Processing 5438747536 (1203/4058)
2026-02-23 13:36:05,940 - httpx - INFO - HTTP Request: POST https://api.stratz.com/graphql "HTTP/1.1 200 OK"
2026-02-23 13:36:05,941 - root - INFO - Processing 5438717761 (1204/4058)
2026-02-23 13:36:06,389 - httpx - INFO - HTTP Request: POST https://api.stratz.com/graphql "HTTP/1.1 200 OK"
2026-02-23 13:36:06,390 - root - INFO - Processing 5438688347 (1205/4058)
2026-02-23 13:36:06,893 - httpx - INFO - HTTP Request: POST https://api.stratz.com/graphql "HTTP/1.1 200 OK"
2026-02-23 13:36:06,894 - root - INFO - Processing 5438638188 (1206/4058)
2026-02-23 13:36:07,428 - httpx - INFO - HTTP Request: POST https://api.stratz.com/graphql "HTTP/1.1 200 OK"
2026-02-23 13:36:07,429 - root - INFO - Processing 5438582576 (1207/4058)
2026-02-23 13:36:07,958 - httpx - INFO - HTTP Request: POST https://api.stratz.com/graphql "HTTP/1.1 200 OK"
2026-02-23 13:36:07,960 - root - INFO - Processing 5438549024 (1208/4058)
2026-02-23 13:36:08,456 - httpx - INFO - HTTP Request: POST https://api.stratz.com/graphql "HTTP/1.1 200 OK"
2026-02-23 13:36:08,459 - root - INFO - Processing 5438455601 (1209/4058)
2026-02-23 13:36:09,063 - httpx - INFO - HTTP Request: POST https://api.stratz.com/graphql "HTTP/1.1 200 OK"
2026-02-23 13:36:09,115 - root - INFO - Processing 5438453741 (1210/4058)
2026-02-23 13:36:09,587 - httpx - INFO - HTTP Request: POST https://api.stratz.com/graphql "HTTP/1.1 200 OK"
2026-02-23 13:36:09,589 - root - INFO - Processing 5438239857 (1211/4058)
2026-02-23 13:36:10,330 - httpx - INFO - HTTP Request: POST https://api.stratz.com/graphql "HTTP/1.1 200 OK"
2026-02-23 13:36:10,331 - root - INFO - Processing 5438152394 (1212/4058)
2026-02-23 13:36:10,828 - httpx - INFO - HTTP Request: POST https://api.stratz.com/graphql "HTTP/1.1 200 OK"
2026-02-23 13:36:10,829 - root - INFO - Processing 5438124826 (1213/4058)
2026-02-23 13:36:11,315 - httpx - INFO - HTTP Request: POST https://api.stratz.com/graphql "HTTP/1.1 200 OK"
2026-02-23 13:36:11,317 - root - INFO - Processing 5438041204 (1214/4058)
2026-02-23 13:36:11,825 - httpx - INFO - HTTP Request: POST https://api.stratz.com/graphql "HTTP/1.1 200 OK"
2026-02-23 13:36:11,826 - root - INFO - Processing 5438029756 (1215/4058)
2026-02-23 13:36:12,286 - httpx - INFO - HTTP Request: POST https://api.stratz.com/graphql "HTTP/1.1 200 OK"
2026-02-23 13:36:12,287 - root - INFO - Processing 5437954697 (1216/4058)
2026-02-23 13:36:12,787 - httpx - INFO - HTTP Request: POST https://api.stratz.com/graphql "HTTP/1.1 200 OK"
2026-02-23 13:36:12,788 - root - INFO - Processing 5437949346 (1217/4058)
2026-02-23 13:36:13,266 - httpx - INFO - HTTP Request: POST https://api.stratz.com/graphql "HTTP/1.1 200 OK"
2026-02-23 13:36:13,267 - root - INFO - Processing 5437852913 (1218/4058)
2026-02-23 13:36:13,728 - httpx - INFO - HTTP Request: POST https://api.stratz.com/graphql "HTTP/1.1 200 OK"
2026-02-23 13:36:13,729 - root - INFO - Processing 5437852829 (1219/4058)
2026-02-23 13:36:14,198 - httpx - INFO - HTTP Request: POST https://api.stratz.com/graphql "HTTP/1.1 200 OK"
2026-02-23 13:36:14,200 - root - INFO - Processing 5437376750 (1220/4058)
2026-02-23 13:36:14,666 - httpx - INFO - HTTP Request: POST https://api.stratz.com/graphql "HTTP/1.1 200 OK"
2026-02-23 13:36:14,668 - root - INFO - Processing 5437327740 (1221/4058)
2026-02-23 13:36:15,108 - httpx - INFO - HTTP Request: POST https://api.stratz.com/graphql "HTTP/1.1 200 OK"
2026-02-23 13:36:15,109 - root - INFO - Processing 5437289071 (1222/4058)
2026-02-23 13:36:15,900 - httpx - INFO - HTTP Request: POST https://api.stratz.com/graphql "HTTP/1.1 200 OK"
2026-02-23 13:36:15,901 - root - INFO - Processing 5437258388 (1223/4058)
2026-02-23 13:36:16,454 - httpx - INFO - HTTP Request: POST https://api.stratz.com/graphql "HTTP/1.1 200 OK"
2026-02-23 13:36:16,455 - root - INFO - Processing 5437235502 (1224/4058)
2026-02-23 13:36:16,947 - httpx - INFO - HTTP Request: POST https://api.stratz.com/graphql "HTTP/1.1 200 OK"
2026-02-23 13:36:16,949 - root - INFO - Processing 5437214335 (1225/4058)
2026-02-23 13:36:17,401 - httpx - INFO - HTTP Request: POST https://api.stratz.com/graphql "HTTP/1.1 200 OK"
2026-02-23 13:36:17,403 - root - INFO - Processing 5437159785 (1226/4058)
2026-02-23 13:36:17,893 - httpx - INFO - HTTP Request: POST https://api.stratz.com/graphql "HTTP/1.1 200 OK"
2026-02-23 13:36:17,894 - root - INFO - Processing 5437149483 (1227/4058)
2026-02-23 13:36:18,448 - httpx - INFO - HTTP Request: POST https://api.stratz.com/graphql "HTTP/1.1 200 OK"
2026-02-23 13:36:18,453 - root - INFO - Processing 5437132194 (1228/4058)
2026-02-23 13:36:18,987 - httpx - INFO - HTTP Request: POST https://api.stratz.com/graphql "HTTP/1.1 200 OK"
2026-02-23 13:36:18,988 - root - INFO - Processing 5437077030 (1229/4058)
2026-02-23 13:36:19,609 - httpx - INFO - HTTP Request: POST https://api.stratz.com/graphql "HTTP/1.1 200 OK"
2026-02-23 13:36:19,610 - root - INFO - Processing 5437069175 (1230/4058)
2026-02-23 13:36:20,145 - httpx - INFO - HTTP Request: POST https://api.stratz.com/graphql "HTTP/1.1 200 OK"
2026-02-23 13:36:20,146 - root - INFO - Processing 5436990706 (1231/4058)
2026-02-23 13:36:20,685 - httpx - INFO - HTTP Request: POST https://api.stratz.com/graphql "HTTP/1.1 200 OK"
2026-02-23 13:36:20,687 - root - INFO - Processing 5436969533 (1232/4058)
2026-02-23 13:36:21,249 - httpx - INFO - HTTP Request: POST https://api.stratz.com/graphql "HTTP/1.1 200 OK"
2026-02-23 13:36:21,250 - root - INFO - Processing 5436965865 (1233/4058)
2026-02-23 13:36:21,894 - httpx - INFO - HTTP Request: POST https://api.stratz.com/graphql "HTTP/1.1 200 OK"
2026-02-23 13:36:21,895 - root - INFO - Processing 5436900667 (1234/4058)
2026-02-23 13:36:22,375 - httpx - INFO - HTTP Request: POST https://api.stratz.com/graphql "HTTP/1.1 200 OK"
2026-02-23 13:36:22,376 - root - INFO - Processing 5436872195 (1235/4058)
2026-02-23 13:36:22,814 - httpx - INFO - HTTP Request: POST https://api.stratz.com/graphql "HTTP/1.1 200 OK"
2026-02-23 13:36:22,814 - root - INFO - Processing 5436867813 (1236/4058)
2026-02-23 13:36:23,267 - httpx - INFO - HTTP Request: POST https://api.stratz.com/graphql "HTTP/1.1 200 OK"
2026-02-23 13:36:23,268 - root - INFO - Processing 5436796157 (1237/4058)
2026-02-23 13:36:23,785 - httpx - INFO - HTTP Request: POST https://api.stratz.com/graphql "HTTP/1.1 200 OK"
2026-02-23 13:36:23,786 - root - INFO - Processing 5436769744 (1238/4058)
2026-02-23 13:36:24,291 - httpx - INFO - HTTP Request: POST https://api.stratz.com/graphql "HTTP/1.1 200 OK"
2026-02-23 13:36:24,292 - root - INFO - Processing 5436759617 (1239/4058)
2026-02-23 13:36:24,788 - httpx - INFO - HTTP Request: POST https://api.stratz.com/graphql "HTTP/1.1 200 OK"
2026-02-23 13:36:24,790 - root - INFO - Processing 5436687468 (1240/4058)
2026-02-23 13:36:25,307 - httpx - INFO - HTTP Request: POST https://api.stratz.com/graphql "HTTP/1.1 200 OK"
2026-02-23 13:36:25,308 - root - INFO - Processing 5436679814 (1241/4058)
2026-02-23 13:36:26,157 - httpx - INFO - HTTP Request: POST https://api.stratz.com/graphql "HTTP/1.1 200 OK"
2026-02-23 13:36:26,158 - root - INFO - Processing 5436654702 (1242/4058)
2026-02-23 13:36:26,648 - httpx - INFO - HTTP Request: POST https://api.stratz.com/graphql "HTTP/1.1 200 OK"
2026-02-23 13:36:26,649 - root - INFO - Processing 5436623557 (1243/4058)
2026-02-23 13:36:27,216 - httpx - INFO - HTTP Request: POST https://api.stratz.com/graphql "HTTP/1.1 200 OK"
2026-02-23 13:36:27,217 - root - INFO - Processing 5436497351 (1244/4058)
2026-02-23 13:36:27,699 - httpx - INFO - HTTP Request: POST https://api.stratz.com/graphql "HTTP/1.1 200 OK"
2026-02-23 13:36:27,700 - root - INFO - Processing 5436485683 (1245/4058)
2026-02-23 13:36:28,188 - httpx - INFO - HTTP Request: POST https://api.stratz.com/graphql "HTTP/1.1 200 OK"
2026-02-23 13:36:28,188 - root - INFO - Processing 5436382684 (1246/4058)
2026-02-23 13:36:28,710 - httpx - INFO - HTTP Request: POST https://api.stratz.com/graphql "HTTP/1.1 200 OK"
2026-02-23 13:36:28,711 - root - INFO - Processing 5436378703 (1247/4058)
2026-02-23 13:36:29,330 - httpx - INFO - HTTP Request: POST https://api.stratz.com/graphql "HTTP/1.1 200 OK"
2026-02-23 13:36:29,331 - root - INFO - Processing 5436299767 (1248/4058)
2026-02-23 13:36:29,836 - httpx - INFO - HTTP Request: POST https://api.stratz.com/graphql "HTTP/1.1 200 OK"
2026-02-23 13:36:29,837 - root - INFO - Processing 5436277839 (1249/4058)
2026-02-23 13:36:30,342 - httpx - INFO - HTTP Request: POST https://api.stratz.com/graphql "HTTP/1.1 200 OK"
2026-02-23 13:36:30,343 - root - INFO - Processing 5436221702 (1250/4058)
2026-02-23 13:36:30,800 - httpx - INFO - HTTP Request: POST https://api.stratz.com/graphql "HTTP/1.1 200 OK"
2026-02-23 13:36:30,800 - root - INFO - Processing 5436148148 (1251/4058)
2026-02-23 13:36:31,253 - httpx - INFO - HTTP Request: POST https://api.stratz.com/graphql "HTTP/1.1 200 OK"
2026-02-23 13:36:31,254 - root - INFO - Processing 5435786057 (1252/4058)
2026-02-23 13:36:31,790 - httpx - INFO - HTTP Request: POST https://api.stratz.com/graphql "HTTP/1.1 200 OK"
2026-02-23 13:36:31,791 - root - INFO - Processing 5435632733 (1253/4058)
2026-02-23 13:36:32,277 - httpx - INFO - HTTP Request: POST https://api.stratz.com/graphql "HTTP/1.1 200 OK"
2026-02-23 13:36:32,278 - root - INFO - Processing 5435491496 (1254/4058)
2026-02-23 13:36:32,764 - httpx - INFO - HTTP Request: POST https://api.stratz.com/graphql "HTTP/1.1 200 OK"
2026-02-23 13:36:32,765 - root - INFO - Processing 5435437375 (1255/4058)
2026-02-23 13:36:33,301 - httpx - INFO - HTTP Request: POST https://api.stratz.com/graphql "HTTP/1.1 200 OK"
2026-02-23 13:36:33,304 - root - INFO - Processing 5435351983 (1256/4058)
2026-02-23 13:36:33,796 - httpx - INFO - HTTP Request: POST https://api.stratz.com/graphql "HTTP/1.1 200 OK"
2026-02-23 13:36:33,797 - root - INFO - Processing 5435201827 (1257/4058)
2026-02-23 13:36:34,422 - httpx - INFO - HTTP Request: POST https://api.stratz.com/graphql "HTTP/1.1 200 OK"
2026-02-23 13:36:34,424 - root - INFO - Processing 5435186179 (1258/4058)
2026-02-23 13:36:34,905 - httpx - INFO - HTTP Request: POST https://api.stratz.com/graphql "HTTP/1.1 200 OK"
2026-02-23 13:36:34,906 - root - INFO - Processing 5435114223 (1259/4058)
2026-02-23 13:36:35,748 - httpx - INFO - HTTP Request: POST https://api.stratz.com/graphql "HTTP/1.1 200 OK"
2026-02-23 13:36:35,749 - root - INFO - Processing 5435108338 (1260/4058)
2026-02-23 13:36:36,305 - httpx - INFO - HTTP Request: POST https://api.stratz.com/graphql "HTTP/1.1 200 OK"
2026-02-23 13:36:36,306 - root - INFO - Processing 5435088712 (1261/4058)
2026-02-23 13:36:36,819 - httpx - INFO - HTTP Request: POST https://api.stratz.com/graphql "HTTP/1.1 200 OK"
2026-02-23 13:36:36,821 - root - INFO - Processing 5435018954 (1262/4058)
2026-02-23 13:36:37,275 - httpx - INFO - HTTP Request: POST https://api.stratz.com/graphql "HTTP/1.1 200 OK"
2026-02-23 13:36:37,276 - root - INFO - Processing 5435007280 (1263/4058)
2026-02-23 13:36:37,822 - httpx - INFO - HTTP Request: POST https://api.stratz.com/graphql "HTTP/1.1 200 OK"
2026-02-23 13:36:37,823 - root - INFO - Processing 5434992874 (1264/4058)
2026-02-23 13:36:38,432 - httpx - INFO - HTTP Request: POST https://api.stratz.com/graphql "HTTP/1.1 200 OK"
2026-02-23 13:36:38,433 - root - INFO - Processing 5434928866 (1265/4058)
2026-02-23 13:36:38,985 - httpx - INFO - HTTP Request: POST https://api.stratz.com/graphql "HTTP/1.1 200 OK"
2026-02-23 13:36:38,987 - root - INFO - Processing 5434906124 (1266/4058)
2026-02-23 13:36:39,536 - httpx - INFO - HTTP Request: POST https://api.stratz.com/graphql "HTTP/1.1 200 OK"
2026-02-23 13:36:39,537 - root - INFO - Processing 5434865672 (1267/4058)
2026-02-23 13:36:40,054 - httpx - INFO - HTTP Request: POST https://api.stratz.com/graphql "HTTP/1.1 200 OK"
2026-02-23 13:36:40,056 - root - INFO - Processing 5434785580 (1268/4058)
2026-02-23 13:36:40,590 - httpx - INFO - HTTP Request: POST https://api.stratz.com/graphql "HTTP/1.1 200 OK"
2026-02-23 13:36:40,591 - root - INFO - Processing 5434771112 (1269/4058)
2026-02-23 13:36:41,083 - httpx - INFO - HTTP Request: POST https://api.stratz.com/graphql "HTTP/1.1 200 OK"
2026-02-23 13:36:41,084 - root - INFO - Processing 5434709106 (1270/4058)
2026-02-23 13:36:41,540 - httpx - INFO - HTTP Request: POST https://api.stratz.com/graphql "HTTP/1.1 200 OK"
2026-02-23 13:36:41,541 - root - INFO - Processing 5434580626 (1271/4058)
2026-02-23 13:36:42,041 - httpx - INFO - HTTP Request: POST https://api.stratz.com/graphql "HTTP/1.1 200 OK"
2026-02-23 13:36:42,042 - root - INFO - Processing 5434578038 (1272/4058)
2026-02-23 13:36:42,544 - httpx - INFO - HTTP Request: POST https://api.stratz.com/graphql "HTTP/1.1 200 OK"
2026-02-23 13:36:42,545 - root - INFO - Processing 5434576438 (1273/4058)
2026-02-23 13:36:43,048 - httpx - INFO - HTTP Request: POST https://api.stratz.com/graphql "HTTP/1.1 200 OK"
2026-02-23 13:36:43,049 - root - INFO - Processing 5434480392 (1274/4058)
2026-02-23 13:36:43,545 - httpx - INFO - HTTP Request: POST https://api.stratz.com/graphql "HTTP/1.1 200 OK"
2026-02-23 13:36:43,547 - root - INFO - Processing 5434459282 (1275/4058)
2026-02-23 13:36:44,102 - httpx - INFO - HTTP Request: POST https://api.stratz.com/graphql "HTTP/1.1 200 OK"
2026-02-23 13:36:44,104 - root - INFO - Processing 5434459140 (1276/4058)
2026-02-23 13:36:44,587 - httpx - INFO - HTTP Request: POST https://api.stratz.com/graphql "HTTP/1.1 200 OK"
2026-02-23 13:36:44,588 - root - INFO - Processing 5433643476 (1277/4058)
2026-02-23 13:36:45,099 - httpx - INFO - HTTP Request: POST https://api.stratz.com/graphql "HTTP/1.1 200 OK"
2026-02-23 13:36:45,101 - root - INFO - Processing 5433568445 (1278/4058)
2026-02-23 13:36:45,597 - httpx - INFO - HTTP Request: POST https://api.stratz.com/graphql "HTTP/1.1 200 OK"
2026-02-23 13:36:45,599 - root - INFO - Processing 5433512487 (1279/4058)
2026-02-23 13:36:46,197 - httpx - INFO - HTTP Request: POST https://api.stratz.com/graphql "HTTP/1.1 200 OK"
2026-02-23 13:36:46,198 - root - INFO - Processing 5433470676 (1280/4058)
2026-02-23 13:36:46,748 - httpx - INFO - HTTP Request: POST https://api.stratz.com/graphql "HTTP/1.1 200 OK"
2026-02-23 13:36:46,749 - root - INFO - Processing 5433438733 (1281/4058)
2026-02-23 13:36:47,246 - httpx - INFO - HTTP Request: POST https://api.stratz.com/graphql "HTTP/1.1 200 OK"
2026-02-23 13:36:47,247 - root - INFO - Processing 5433397833 (1282/4058)
2026-02-23 13:36:47,713 - httpx - INFO - HTTP Request: POST https://api.stratz.com/graphql "HTTP/1.1 200 OK"
2026-02-23 13:36:47,714 - root - INFO - Processing 5433309024 (1283/4058)
2026-02-23 13:36:48,186 - httpx - INFO - HTTP Request: POST https://api.stratz.com/graphql "HTTP/1.1 200 OK"
2026-02-23 13:36:48,188 - root - INFO - Processing 5433282180 (1284/4058)
2026-02-23 13:36:48,673 - httpx - INFO - HTTP Request: POST https://api.stratz.com/graphql "HTTP/1.1 200 OK"
2026-02-23 13:36:48,674 - root - INFO - Processing 5433217324 (1285/4058)
2026-02-23 13:36:49,180 - httpx - INFO - HTTP Request: POST https://api.stratz.com/graphql "HTTP/1.1 200 OK"
2026-02-23 13:36:49,181 - root - INFO - Processing 5433172390 (1286/4058)
2026-02-23 13:36:49,721 - httpx - INFO - HTTP Request: POST https://api.stratz.com/graphql "HTTP/1.1 200 OK"
2026-02-23 13:36:49,723 - root - INFO - Processing 5433169100 (1287/4058)
2026-02-23 13:36:50,192 - httpx - INFO - HTTP Request: POST https://api.stratz.com/graphql "HTTP/1.1 200 OK"
2026-02-23 13:36:50,193 - root - INFO - Processing 5433051748 (1288/4058)
2026-02-23 13:36:50,774 - httpx - INFO - HTTP Request: POST https://api.stratz.com/graphql "HTTP/1.1 200 OK"
2026-02-23 13:36:50,775 - root - INFO - Processing 5433042042 (1289/4058)
2026-02-23 13:36:51,244 - httpx - INFO - HTTP Request: POST https://api.stratz.com/graphql "HTTP/1.1 200 OK"
2026-02-23 13:36:51,245 - root - INFO - Processing 5433022451 (1290/4058)
2026-02-23 13:36:51,700 - httpx - INFO - HTTP Request: POST https://api.stratz.com/graphql "HTTP/1.1 200 OK"
2026-02-23 13:36:51,702 - root - INFO - Processing 5432910862 (1291/4058)
2026-02-23 13:36:52,182 - httpx - INFO - HTTP Request: POST https://api.stratz.com/graphql "HTTP/1.1 200 OK"
2026-02-23 13:36:52,184 - root - INFO - Processing 5432795886 (1292/4058)
2026-02-23 13:36:52,699 - httpx - INFO - HTTP Request: POST https://api.stratz.com/graphql "HTTP/1.1 200 OK"
2026-02-23 13:36:52,700 - root - INFO - Processing 5432764647 (1293/4058)
2026-02-23 13:36:53,447 - httpx - INFO - HTTP Request: POST https://api.stratz.com/graphql "HTTP/1.1 200 OK"
2026-02-23 13:36:53,448 - root - INFO - Processing 5432690261 (1294/4058)
2026-02-23 13:36:53,992 - httpx - INFO - HTTP Request: POST https://api.stratz.com/graphql "HTTP/1.1 200 OK"
2026-02-23 13:36:53,993 - root - INFO - Processing 5432637610 (1295/4058)
2026-02-23 13:36:54,549 - httpx - INFO - HTTP Request: POST https://api.stratz.com/graphql "HTTP/1.1 200 OK"
2026-02-23 13:36:54,550 - root - INFO - Processing 5432541889 (1296/4058)
2026-02-23 13:36:55,038 - httpx - INFO - HTTP Request: POST https://api.stratz.com/graphql "HTTP/1.1 200 OK"
2026-02-23 13:36:55,039 - root - INFO - Processing 5432442394 (1297/4058)
2026-02-23 13:36:55,526 - httpx - INFO - HTTP Request: POST https://api.stratz.com/graphql "HTTP/1.1 200 OK"
2026-02-23 13:36:55,527 - root - INFO - Processing 5430958227 (1298/4058)
2026-02-23 13:36:56,057 - httpx - INFO - HTTP Request: POST https://api.stratz.com/graphql "HTTP/1.1 200 OK"
2026-02-23 13:36:56,058 - root - INFO - Processing 5430925211 (1299/4058)
2026-02-23 13:36:56,525 - httpx - INFO - HTTP Request: POST https://api.stratz.com/graphql "HTTP/1.1 200 OK"
2026-02-23 13:36:56,526 - root - INFO - Processing 5430823091 (1300/4058)
2026-02-23 13:36:56,998 - httpx - INFO - HTTP Request: POST https://api.stratz.com/graphql "HTTP/1.1 200 OK"
2026-02-23 13:36:56,999 - root - INFO - Processing 5430804276 (1301/4058)
2026-02-23 13:36:57,538 - httpx - INFO - HTTP Request: POST https://api.stratz.com/graphql "HTTP/1.1 200 OK"
2026-02-23 13:36:57,538 - root - INFO - Processing 5430733800 (1302/4058)
2026-02-23 13:36:58,054 - httpx - INFO - HTTP Request: POST https://api.stratz.com/graphql "HTTP/1.1 200 OK"
2026-02-23 13:36:58,055 - root - INFO - Processing 5430661178 (1303/4058)
2026-02-23 13:36:58,532 - httpx - INFO - HTTP Request: POST https://api.stratz.com/graphql "HTTP/1.1 200 OK"
2026-02-23 13:36:58,533 - root - INFO - Processing 5430565636 (1304/4058)
2026-02-23 13:36:59,084 - httpx - INFO - HTTP Request: POST https://api.stratz.com/graphql "HTTP/1.1 200 OK"
2026-02-23 13:36:59,085 - root - INFO - Processing 5429173168 (1305/4058)
2026-02-23 13:36:59,585 - httpx - INFO - HTTP Request: POST https://api.stratz.com/graphql "HTTP/1.1 200 OK"
2026-02-23 13:36:59,586 - root - INFO - Processing 5429159178 (1306/4058)
2026-02-23 13:37:00,253 - httpx - INFO - HTTP Request: POST https://api.stratz.com/graphql "HTTP/1.1 200 OK"
2026-02-23 13:37:00,254 - root - INFO - Processing 5429076270 (1307/4058)
2026-02-23 13:37:00,735 - httpx - INFO - HTTP Request: POST https://api.stratz.com/graphql "HTTP/1.1 200 OK"
2026-02-23 13:37:00,736 - root - INFO - Processing 5429040920 (1308/4058)
2026-02-23 13:37:01,246 - httpx - INFO - HTTP Request: POST https://api.stratz.com/graphql "HTTP/1.1 200 OK"
2026-02-23 13:37:01,247 - root - INFO - Processing 5428980130 (1309/4058)
2026-02-23 13:37:01,744 - httpx - INFO - HTTP Request: POST https://api.stratz.com/graphql "HTTP/1.1 200 OK"
2026-02-23 13:37:01,746 - root - INFO - Processing 5428917076 (1310/4058)
2026-02-23 13:37:02,276 - httpx - INFO - HTTP Request: POST https://api.stratz.com/graphql "HTTP/1.1 200 OK"
2026-02-23 13:37:02,277 - root - INFO - Processing 5428841064 (1311/4058)
2026-02-23 13:37:02,730 - httpx - INFO - HTTP Request: POST https://api.stratz.com/graphql "HTTP/1.1 200 OK"
2026-02-23 13:37:02,732 - root - INFO - Processing 5427618057 (1312/4058)
2026-02-23 13:37:03,272 - httpx - INFO - HTTP Request: POST https://api.stratz.com/graphql "HTTP/1.1 200 OK"
2026-02-23 13:37:03,274 - root - INFO - Processing 5427554230 (1313/4058)
2026-02-23 13:37:03,818 - httpx - INFO - HTTP Request: POST https://api.stratz.com/graphql "HTTP/1.1 200 OK"
2026-02-23 13:37:03,819 - root - INFO - Processing 5427494545 (1314/4058)
2026-02-23 13:37:04,417 - httpx - INFO - HTTP Request: POST https://api.stratz.com/graphql "HTTP/1.1 200 OK"
2026-02-23 13:37:04,418 - root - INFO - Processing 5427429328 (1315/4058)
2026-02-23 13:37:04,880 - httpx - INFO - HTTP Request: POST https://api.stratz.com/graphql "HTTP/1.1 200 OK"
2026-02-23 13:37:04,881 - root - INFO - Processing 5427404828 (1316/4058)
2026-02-23 13:37:05,352 - httpx - INFO - HTTP Request: POST https://api.stratz.com/graphql "HTTP/1.1 200 OK"
2026-02-23 13:37:05,353 - root - INFO - Processing 5427329065 (1317/4058)
2026-02-23 13:37:05,842 - httpx - INFO - HTTP Request: POST https://api.stratz.com/graphql "HTTP/1.1 200 OK"
2026-02-23 13:37:05,843 - root - INFO - Processing 5427240589 (1318/4058)
2026-02-23 13:37:06,309 - httpx - INFO - HTTP Request: POST https://api.stratz.com/graphql "HTTP/1.1 200 OK"
2026-02-23 13:37:06,311 - root - INFO - Processing 5415789978 (1319/4058)
2026-02-23 13:37:06,840 - httpx - INFO - HTTP Request: POST https://api.stratz.com/graphql "HTTP/1.1 200 OK"
2026-02-23 13:37:06,842 - root - INFO - Processing 5415746150 (1320/4058)
2026-02-23 13:37:07,518 - httpx - INFO - HTTP Request: POST https://api.stratz.com/graphql "HTTP/1.1 200 OK"
2026-02-23 13:37:07,519 - root - INFO - Processing 5415707280 (1321/4058)
2026-02-23 13:37:08,041 - httpx - INFO - HTTP Request: POST https://api.stratz.com/graphql "HTTP/1.1 200 OK"
2026-02-23 13:37:08,042 - root - INFO - Processing 5415669597 (1322/4058)
2026-02-23 13:37:08,526 - httpx - INFO - HTTP Request: POST https://api.stratz.com/graphql "HTTP/1.1 200 OK"
2026-02-23 13:37:08,527 - root - INFO - Processing 5415628695 (1323/4058)
2026-02-23 13:37:08,991 - httpx - INFO - HTTP Request: POST https://api.stratz.com/graphql "HTTP/1.1 200 OK"
2026-02-23 13:37:08,992 - root - INFO - Processing 5415580090 (1324/4058)
2026-02-23 13:37:09,480 - httpx - INFO - HTTP Request: POST https://api.stratz.com/graphql "HTTP/1.1 200 OK"
2026-02-23 13:37:09,481 - root - INFO - Processing 5415468966 (1325/4058)
2026-02-23 13:37:09,983 - httpx - INFO - HTTP Request: POST https://api.stratz.com/graphql "HTTP/1.1 200 OK"
2026-02-23 13:37:09,984 - root - INFO - Processing 5415379304 (1326/4058)
2026-02-23 13:37:10,516 - httpx - INFO - HTTP Request: POST https://api.stratz.com/graphql "HTTP/1.1 200 OK"
2026-02-23 13:37:10,517 - root - INFO - Processing 5415262098 (1327/4058)
2026-02-23 13:37:10,985 - httpx - INFO - HTTP Request: POST https://api.stratz.com/graphql "HTTP/1.1 200 OK"
2026-02-23 13:37:10,987 - root - INFO - Processing 5415247614 (1328/4058)
2026-02-23 13:37:11,456 - httpx - INFO - HTTP Request: POST https://api.stratz.com/graphql "HTTP/1.1 200 OK"
2026-02-23 13:37:11,457 - root - INFO - Processing 5415158776 (1329/4058)
2026-02-23 13:37:11,941 - httpx - INFO - HTTP Request: POST https://api.stratz.com/graphql "HTTP/1.1 200 OK"
2026-02-23 13:37:11,942 - root - INFO - Processing 5415112417 (1330/4058)
2026-02-23 13:37:12,478 - httpx - INFO - HTTP Request: POST https://api.stratz.com/graphql "HTTP/1.1 200 OK"
2026-02-23 13:37:12,479 - root - INFO - Processing 5415039111 (1331/4058)
2026-02-23 13:37:12,964 - httpx - INFO - HTTP Request: POST https://api.stratz.com/graphql "HTTP/1.1 200 OK"
2026-02-23 13:37:12,965 - root - INFO - Processing 5414959958 (1332/4058)
2026-02-23 13:37:13,463 - httpx - INFO - HTTP Request: POST https://api.stratz.com/graphql "HTTP/1.1 200 OK"
2026-02-23 13:37:13,464 - root - INFO - Processing 5414840626 (1333/4058)
2026-02-23 13:37:13,936 - httpx - INFO - HTTP Request: POST https://api.stratz.com/graphql "HTTP/1.1 200 OK"
2026-02-23 13:37:13,937 - root - INFO - Processing 5414811556 (1334/4058)
2026-02-23 13:37:14,906 - httpx - INFO - HTTP Request: POST https://api.stratz.com/graphql "HTTP/1.1 200 OK"
2026-02-23 13:37:14,907 - root - INFO - Processing 5414708884 (1335/4058)
2026-02-23 13:37:15,486 - httpx - INFO - HTTP Request: POST https://api.stratz.com/graphql "HTTP/1.1 200 OK"
2026-02-23 13:37:15,490 - root - INFO - Processing 5414700820 (1336/4058)
2026-02-23 13:37:16,166 - httpx - INFO - HTTP Request: POST https://api.stratz.com/graphql "HTTP/1.1 200 OK"
2026-02-23 13:37:16,167 - root - INFO - Processing 5414601674 (1337/4058)
2026-02-23 13:37:16,642 - httpx - INFO - HTTP Request: POST https://api.stratz.com/graphql "HTTP/1.1 200 OK"
2026-02-23 13:37:16,643 - root - INFO - Processing 5414569681 (1338/4058)
2026-02-23 13:37:17,121 - httpx - INFO - HTTP Request: POST https://api.stratz.com/graphql "HTTP/1.1 200 OK"
2026-02-23 13:37:17,123 - root - INFO - Processing 5414540154 (1339/4058)
2026-02-23 13:37:17,583 - httpx - INFO - HTTP Request: POST https://api.stratz.com/graphql "HTTP/1.1 200 OK"
2026-02-23 13:37:17,584 - root - INFO - Processing 5414460749 (1340/4058)
2026-02-23 13:37:18,097 - httpx - INFO - HTTP Request: POST https://api.stratz.com/graphql "HTTP/1.1 200 OK"
2026-02-23 13:37:18,098 - root - INFO - Processing 5414460144 (1341/4058)
2026-02-23 13:37:18,675 - httpx - INFO - HTTP Request: POST https://api.stratz.com/graphql "HTTP/1.1 200 OK"
2026-02-23 13:37:18,675 - root - INFO - Processing 5414014176 (1342/4058)
2026-02-23 13:37:19,203 - httpx - INFO - HTTP Request: POST https://api.stratz.com/graphql "HTTP/1.1 200 OK"
2026-02-23 13:37:19,204 - root - INFO - Processing 5413978646 (1343/4058)
2026-02-23 13:37:19,670 - httpx - INFO - HTTP Request: POST https://api.stratz.com/graphql "HTTP/1.1 200 OK"
2026-02-23 13:37:19,671 - root - INFO - Processing 5413932556 (1344/4058)
2026-02-23 13:37:20,155 - httpx - INFO - HTTP Request: POST https://api.stratz.com/graphql "HTTP/1.1 200 OK"
2026-02-23 13:37:20,156 - root - INFO - Processing 5413880229 (1345/4058)
2026-02-23 13:37:20,616 - httpx - INFO - HTTP Request: POST https://api.stratz.com/graphql "HTTP/1.1 200 OK"
2026-02-23 13:37:20,617 - root - INFO - Processing 5413816762 (1346/4058)
2026-02-23 13:37:21,099 - httpx - INFO - HTTP Request: POST https://api.stratz.com/graphql "HTTP/1.1 200 OK"
2026-02-23 13:37:21,100 - root - INFO - Processing 5413776697 (1347/4058)
2026-02-23 13:37:21,609 - httpx - INFO - HTTP Request: POST https://api.stratz.com/graphql "HTTP/1.1 200 OK"
2026-02-23 13:37:21,610 - root - INFO - Processing 5413714458 (1348/4058)
2026-02-23 13:37:22,097 - httpx - INFO - HTTP Request: POST https://api.stratz.com/graphql "HTTP/1.1 200 OK"
2026-02-23 13:37:22,098 - root - INFO - Processing 5413629529 (1349/4058)
2026-02-23 13:37:22,582 - httpx - INFO - HTTP Request: POST https://api.stratz.com/graphql "HTTP/1.1 200 OK"
2026-02-23 13:37:22,583 - root - INFO - Processing 5413517072 (1350/4058)
2026-02-23 13:37:23,081 - httpx - INFO - HTTP Request: POST https://api.stratz.com/graphql "HTTP/1.1 200 OK"
2026-02-23 13:37:23,082 - root - INFO - Processing 5413406221 (1351/4058)
2026-02-23 13:37:23,590 - httpx - INFO - HTTP Request: POST https://api.stratz.com/graphql "HTTP/1.1 200 OK"
2026-02-23 13:37:23,591 - root - INFO - Processing 5413276892 (1352/4058)
2026-02-23 13:37:24,206 - httpx - INFO - HTTP Request: POST https://api.stratz.com/graphql "HTTP/1.1 200 OK"
2026-02-23 13:37:24,224 - root - INFO - Processing 5413132026 (1353/4058)
2026-02-23 13:37:24,726 - httpx - INFO - HTTP Request: POST https://api.stratz.com/graphql "HTTP/1.1 200 OK"
2026-02-23 13:37:24,727 - root - INFO - Processing 5413006302 (1354/4058)
2026-02-23 13:37:25,167 - httpx - INFO - HTTP Request: POST https://api.stratz.com/graphql "HTTP/1.1 200 OK"
2026-02-23 13:37:25,168 - root - INFO - Processing 5412930786 (1355/4058)
2026-02-23 13:37:25,647 - httpx - INFO - HTTP Request: POST https://api.stratz.com/graphql "HTTP/1.1 200 OK"
2026-02-23 13:37:25,647 - root - INFO - Processing 5412894886 (1356/4058)
2026-02-23 13:37:26,101 - httpx - INFO - HTTP Request: POST https://api.stratz.com/graphql "HTTP/1.1 200 OK"
2026-02-23 13:37:26,103 - root - INFO - Processing 5412883418 (1357/4058)
2026-02-23 13:37:26,577 - httpx - INFO - HTTP Request: POST https://api.stratz.com/graphql "HTTP/1.1 200 OK"
2026-02-23 13:37:26,578 - root - INFO - Processing 5412800059 (1358/4058)
2026-02-23 13:37:27,384 - httpx - INFO - HTTP Request: POST https://api.stratz.com/graphql "HTTP/1.1 200 OK"
2026-02-23 13:37:27,385 - root - INFO - Processing 5412774960 (1359/4058)
2026-02-23 13:37:27,930 - httpx - INFO - HTTP Request: POST https://api.stratz.com/graphql "HTTP/1.1 200 OK"
2026-02-23 13:37:27,931 - root - INFO - Processing 5412734000 (1360/4058)
2026-02-23 13:37:28,416 - httpx - INFO - HTTP Request: POST https://api.stratz.com/graphql "HTTP/1.1 200 OK"
2026-02-23 13:37:28,417 - root - INFO - Processing 5412700403 (1361/4058)
2026-02-23 13:37:28,892 - httpx - INFO - HTTP Request: POST https://api.stratz.com/graphql "HTTP/1.1 200 OK"
2026-02-23 13:37:28,893 - root - INFO - Processing 5412650944 (1362/4058)
2026-02-23 13:37:29,426 - httpx - INFO - HTTP Request: POST https://api.stratz.com/graphql "HTTP/1.1 200 OK"
2026-02-23 13:37:29,427 - root - INFO - Processing 5412569494 (1363/4058)
2026-02-23 13:37:29,917 - httpx - INFO - HTTP Request: POST https://api.stratz.com/graphql "HTTP/1.1 200 OK"
2026-02-23 13:37:29,918 - root - INFO - Processing 5412483487 (1364/4058)
2026-02-23 13:37:30,408 - httpx - INFO - HTTP Request: POST https://api.stratz.com/graphql "HTTP/1.1 200 OK"
2026-02-23 13:37:30,409 - root - INFO - Processing 5412210307 (1365/4058)
2026-02-23 13:37:31,099 - httpx - INFO - HTTP Request: POST https://api.stratz.com/graphql "HTTP/1.1 200 OK"
2026-02-23 13:37:31,100 - root - INFO - Processing 5412182801 (1366/4058)
2026-02-23 13:37:31,584 - httpx - INFO - HTTP Request: POST https://api.stratz.com/graphql "HTTP/1.1 200 OK"
2026-02-23 13:37:31,585 - root - INFO - Processing 5412134573 (1367/4058)
2026-02-23 13:37:32,064 - httpx - INFO - HTTP Request: POST https://api.stratz.com/graphql "HTTP/1.1 200 OK"
2026-02-23 13:37:32,065 - root - INFO - Processing 5412069445 (1368/4058)
2026-02-23 13:37:32,576 - httpx - INFO - HTTP Request: POST https://api.stratz.com/graphql "HTTP/1.1 200 OK"
2026-02-23 13:37:32,578 - root - INFO - Processing 5411945283 (1369/4058)
2026-02-23 13:37:33,061 - httpx - INFO - HTTP Request: POST https://api.stratz.com/graphql "HTTP/1.1 200 OK"
2026-02-23 13:37:33,062 - root - INFO - Processing 5411845785 (1370/4058)
2026-02-23 13:37:33,870 - httpx - INFO - HTTP Request: POST https://api.stratz.com/graphql "HTTP/1.1 200 OK"
2026-02-23 13:37:33,871 - root - INFO - Processing 5411767384 (1371/4058)
2026-02-23 13:37:34,400 - httpx - INFO - HTTP Request: POST https://api.stratz.com/graphql "HTTP/1.1 200 OK"
2026-02-23 13:37:34,401 - root - INFO - Processing 5411670081 (1372/4058)
2026-02-23 13:37:34,886 - httpx - INFO - HTTP Request: POST https://api.stratz.com/graphql "HTTP/1.1 200 OK"
2026-02-23 13:37:34,887 - root - INFO - Processing 5411564412 (1373/4058)
2026-02-23 13:37:35,358 - httpx - INFO - HTTP Request: POST https://api.stratz.com/graphql "HTTP/1.1 200 OK"
2026-02-23 13:37:35,359 - root - INFO - Processing 5411402061 (1374/4058)
2026-02-23 13:37:35,818 - httpx - INFO - HTTP Request: POST https://api.stratz.com/graphql "HTTP/1.1 200 OK"
2026-02-23 13:37:35,819 - root - INFO - Processing 5411364943 (1375/4058)
2026-02-23 13:37:36,306 - httpx - INFO - HTTP Request: POST https://api.stratz.com/graphql "HTTP/1.1 200 OK"
2026-02-23 13:37:36,307 - root - INFO - Processing 5411271667 (1376/4058)
2026-02-23 13:37:36,828 - httpx - INFO - HTTP Request: POST https://api.stratz.com/graphql "HTTP/1.1 200 OK"
2026-02-23 13:37:36,829 - root - INFO - Processing 5411253904 (1377/4058)
2026-02-23 13:37:37,330 - httpx - INFO - HTTP Request: POST https://api.stratz.com/graphql "HTTP/1.1 200 OK"
2026-02-23 13:37:37,331 - root - INFO - Processing 5411166716 (1378/4058)
2026-02-23 13:37:37,799 - httpx - INFO - HTTP Request: POST https://api.stratz.com/graphql "HTTP/1.1 200 OK"
2026-02-23 13:37:37,800 - root - INFO - Processing 5411138328 (1379/4058)
2026-02-23 13:37:38,283 - httpx - INFO - HTTP Request: POST https://api.stratz.com/graphql "HTTP/1.1 200 OK"
2026-02-23 13:37:38,812 - root - INFO - Processing 5411081351 (1380/4058)
2026-02-23 13:37:39,283 - httpx - INFO - HTTP Request: POST https://api.stratz.com/graphql "HTTP/1.1 200 OK"
2026-02-23 13:37:39,284 - root - INFO - Processing 5411043829 (1381/4058)
2026-02-23 13:37:39,728 - httpx - INFO - HTTP Request: POST https://api.stratz.com/graphql "HTTP/1.1 200 OK"
2026-02-23 13:37:39,730 - root - INFO - Processing 5411012910 (1382/4058)
2026-02-23 13:37:40,207 - httpx - INFO - HTTP Request: POST https://api.stratz.com/graphql "HTTP/1.1 200 OK"
2026-02-23 13:37:40,208 - root - INFO - Processing 5410955302 (1383/4058)
2026-02-23 13:37:40,686 - httpx - INFO - HTTP Request: POST https://api.stratz.com/graphql "HTTP/1.1 200 OK"
2026-02-23 13:37:40,687 - root - INFO - Processing 5410945338 (1384/4058)
2026-02-23 13:37:41,194 - httpx - INFO - HTTP Request: POST https://api.stratz.com/graphql "HTTP/1.1 200 OK"
2026-02-23 13:37:41,196 - root - INFO - Processing 5408723168 (1385/4058)
2026-02-23 13:37:41,754 - httpx - INFO - HTTP Request: POST https://api.stratz.com/graphql "HTTP/1.1 200 OK"
2026-02-23 13:37:41,755 - root - INFO - Processing 5408720916 (1386/4058)
2026-02-23 13:37:42,230 - httpx - INFO - HTTP Request: POST https://api.stratz.com/graphql "HTTP/1.1 200 OK"
2026-02-23 13:37:42,231 - root - INFO - Processing 5408682715 (1387/4058)
2026-02-23 13:37:42,698 - httpx - INFO - HTTP Request: POST https://api.stratz.com/graphql "HTTP/1.1 200 OK"
2026-02-23 13:37:42,699 - root - INFO - Processing 5408668042 (1388/4058)
2026-02-23 13:37:43,252 - httpx - INFO - HTTP Request: POST https://api.stratz.com/graphql "HTTP/1.1 200 OK"
2026-02-23 13:37:43,253 - root - INFO - Processing 5408612785 (1389/4058)
2026-02-23 13:37:43,737 - httpx - INFO - HTTP Request: POST https://api.stratz.com/graphql "HTTP/1.1 200 OK"
2026-02-23 13:37:43,738 - root - INFO - Processing 5408607522 (1390/4058)
2026-02-23 13:37:44,187 - httpx - INFO - HTTP Request: POST https://api.stratz.com/graphql "HTTP/1.1 429 Too Many Requests"
2026-02-23 13:37:44,188 - root - WARNING - Retry attempt 1 after error: "No data in result, probably rate limit exceeded: {'message': 'API rate limit exceeded'}"
2026-02-23 13:38:14,593 - httpx - INFO - HTTP Request: POST https://api.stratz.com/graphql "HTTP/1.1 429 Too Many Requests"
2026-02-23 13:38:14,594 - root - WARNING - Retry attempt 2 after error: "No data in result, probably rate limit exceeded: {'message': 'API rate limit exceeded'}"
2026-02-23 13:39:15,011 - httpx - INFO - HTTP Request: POST https://api.stratz.com/graphql "HTTP/1.1 429 Too Many Requests"
2026-02-23 13:39:15,012 - root - WARNING - Retry attempt 3 after error: "No data in result, probably rate limit exceeded: {'message': 'API rate limit exceeded'}"
2026-02-23 13:41:15,529 - httpx - INFO - HTTP Request: POST https://api.stratz.com/graphql "HTTP/1.1 429 Too Many Requests"
2026-02-23 13:41:15,530 - root - WARNING - Retry attempt 4 after error: "No data in result, probably rate limit exceeded: {'message': 'API rate limit exceeded'}"
2026-02-23 13:45:16,016 - httpx - INFO - HTTP Request: POST https://api.stratz.com/graphql "HTTP/1.1 429 Too Many Requests"
2026-02-23 13:45:16,017 - root - WARNING - Retry attempt 5 after error: "No data in result, probably rate limit exceeded: {'message': 'API rate limit exceeded'}"
2026-02-23 13:53:16,431 - httpx - INFO - HTTP Request: POST https://api.stratz.com/graphql "HTTP/1.1 429 Too Many Requests"
2026-02-23 13:53:16,432 - root - WARNING - Retry attempt 6 after error: "No data in result, probably rate limit exceeded: {'message': 'API rate limit exceeded'}"
2026-02-23 14:01:36,901 - httpx - INFO - HTTP Request: POST https://api.stratz.com/graphql "HTTP/1.1 200 OK"
2026-02-23 14:01:36,902 - root - INFO - Processing 5408604461 (1391/4058)
2026-02-23 14:01:37,364 - httpx - INFO - HTTP Request: POST https://api.stratz.com/graphql "HTTP/1.1 200 OK"
2026-02-23 14:01:37,365 - root - INFO - Processing 5408597352 (1392/4058)
2026-02-23 14:01:37,805 - httpx - INFO - HTTP Request: POST https://api.stratz.com/graphql "HTTP/1.1 200 OK"
2026-02-23 14:01:37,806 - root - INFO - Processing 5408318047 (1393/4058)
2026-02-23 14:01:38,263 - httpx - INFO - HTTP Request: POST https://api.stratz.com/graphql "HTTP/1.1 200 OK"
2026-02-23 14:01:38,279 - root - INFO - Processing 5408315699 (1394/4058)
2026-02-23 14:01:38,714 - httpx - INFO - HTTP Request: POST https://api.stratz.com/graphql "HTTP/1.1 200 OK"
2026-02-23 14:01:38,715 - root - INFO - Processing 5408217646 (1395/4058)
2026-02-23 14:01:39,165 - httpx - INFO - HTTP Request: POST https://api.stratz.com/graphql "HTTP/1.1 200 OK"
2026-02-23 14:01:39,166 - root - INFO - Processing 5408213175 (1396/4058)
2026-02-23 14:01:39,622 - httpx - INFO - HTTP Request: POST https://api.stratz.com/graphql "HTTP/1.1 200 OK"
2026-02-23 14:01:39,623 - root - INFO - Processing 5408112422 (1397/4058)
2026-02-23 14:01:40,095 - httpx - INFO - HTTP Request: POST https://api.stratz.com/graphql "HTTP/1.1 200 OK"
2026-02-23 14:01:40,096 - root - INFO - Processing 5408092021 (1398/4058)
2026-02-23 14:01:40,534 - httpx - INFO - HTTP Request: POST https://api.stratz.com/graphql "HTTP/1.1 200 OK"
2026-02-23 14:01:40,535 - root - INFO - Processing 5408088409 (1399/4058)
2026-02-23 14:01:40,976 - httpx - INFO - HTTP Request: POST https://api.stratz.com/graphql "HTTP/1.1 200 OK"
2026-02-23 14:01:40,977 - root - INFO - Processing 5408086179 (1400/4058)
2026-02-23 14:01:41,419 - httpx - INFO - HTTP Request: POST https://api.stratz.com/graphql "HTTP/1.1 200 OK"
2026-02-23 14:01:41,420 - root - INFO - Processing 5407886233 (1401/4058)
2026-02-23 14:01:41,859 - httpx - INFO - HTTP Request: POST https://api.stratz.com/graphql "HTTP/1.1 200 OK"
2026-02-23 14:01:41,860 - root - INFO - Processing 5407736020 (1402/4058)
2026-02-23 14:01:42,299 - httpx - INFO - HTTP Request: POST https://api.stratz.com/graphql "HTTP/1.1 200 OK"
2026-02-23 14:01:42,301 - root - INFO - Processing 5407671331 (1403/4058)
2026-02-23 14:01:42,721 - httpx - INFO - HTTP Request: POST https://api.stratz.com/graphql "HTTP/1.1 200 OK"
2026-02-23 14:01:42,722 - root - INFO - Processing 5407556561 (1404/4058)
2026-02-23 14:01:43,151 - httpx - INFO - HTTP Request: POST https://api.stratz.com/graphql "HTTP/1.1 200 OK"
2026-02-23 14:01:43,152 - root - INFO - Processing 5407523348 (1405/4058)
2026-02-23 14:01:43,609 - httpx - INFO - HTTP Request: POST https://api.stratz.com/graphql "HTTP/1.1 200 OK"
2026-02-23 14:01:43,610 - root - INFO - Processing 5407412594 (1406/4058)
2026-02-23 14:01:44,031 - httpx - INFO - HTTP Request: POST https://api.stratz.com/graphql "HTTP/1.1 200 OK"
2026-02-23 14:01:44,032 - root - INFO - Processing 5407411913 (1407/4058)
2026-02-23 14:01:44,486 - httpx - INFO - HTTP Request: POST https://api.stratz.com/graphql "HTTP/1.1 200 OK"
2026-02-23 14:01:44,487 - root - INFO - Processing 5407411616 (1408/4058)
2026-02-23 14:01:44,936 - httpx - INFO - HTTP Request: POST https://api.stratz.com/graphql "HTTP/1.1 200 OK"
2026-02-23 14:01:44,938 - root - INFO - Processing 5407411011 (1409/4058)
2026-02-23 14:01:45,372 - httpx - INFO - HTTP Request: POST https://api.stratz.com/graphql "HTTP/1.1 200 OK"
2026-02-23 14:01:45,374 - root - INFO - Processing 5406653543 (1410/4058)
2026-02-23 14:01:45,815 - httpx - INFO - HTTP Request: POST https://api.stratz.com/graphql "HTTP/1.1 200 OK"
2026-02-23 14:01:45,817 - root - INFO - Processing 5406642440 (1411/4058)
2026-02-23 14:01:46,231 - httpx - INFO - HTTP Request: POST https://api.stratz.com/graphql "HTTP/1.1 200 OK"
2026-02-23 14:01:46,232 - root - INFO - Processing 5406640814 (1412/4058)
2026-02-23 14:01:46,737 - httpx - INFO - HTTP Request: POST https://api.stratz.com/graphql "HTTP/1.1 200 OK"
2026-02-23 14:01:46,738 - root - INFO - Processing 5406639878 (1413/4058)
2026-02-23 14:01:47,162 - httpx - INFO - HTTP Request: POST https://api.stratz.com/graphql "HTTP/1.1 200 OK"
2026-02-23 14:01:47,163 - root - INFO - Processing 5406639842 (1414/4058)
2026-02-23 14:01:47,619 - httpx - INFO - HTTP Request: POST https://api.stratz.com/graphql "HTTP/1.1 200 OK"
2026-02-23 14:01:47,620 - root - INFO - Processing 5406638747 (1415/4058)
2026-02-23 14:01:48,140 - httpx - INFO - HTTP Request: POST https://api.stratz.com/graphql "HTTP/1.1 200 OK"
2026-02-23 14:01:48,141 - root - INFO - Processing 5406638420 (1416/4058)
2026-02-23 14:01:48,591 - httpx - INFO - HTTP Request: POST https://api.stratz.com/graphql "HTTP/1.1 200 OK"
2026-02-23 14:01:48,594 - root - INFO - Processing 5406638283 (1417/4058)
2026-02-23 14:01:49,060 - httpx - INFO - HTTP Request: POST https://api.stratz.com/graphql "HTTP/1.1 200 OK"
2026-02-23 14:01:49,061 - root - INFO - Processing 5406588751 (1418/4058)
2026-02-23 14:01:49,517 - httpx - INFO - HTTP Request: POST https://api.stratz.com/graphql "HTTP/1.1 200 OK"
2026-02-23 14:01:49,517 - root - INFO - Processing 5406588556 (1419/4058)
2026-02-23 14:01:50,186 - httpx - INFO - HTTP Request: POST https://api.stratz.com/graphql "HTTP/1.1 200 OK"
2026-02-23 14:01:50,186 - root - INFO - Processing 5406588410 (1420/4058)
2026-02-23 14:01:50,627 - httpx - INFO - HTTP Request: POST https://api.stratz.com/graphql "HTTP/1.1 200 OK"
2026-02-23 14:01:50,628 - root - INFO - Processing 5406587170 (1421/4058)
2026-02-23 14:01:51,078 - httpx - INFO - HTTP Request: POST https://api.stratz.com/graphql "HTTP/1.1 200 OK"
2026-02-23 14:01:51,079 - root - INFO - Processing 5406586371 (1422/4058)
2026-02-23 14:01:51,513 - httpx - INFO - HTTP Request: POST https://api.stratz.com/graphql "HTTP/1.1 200 OK"
2026-02-23 14:01:51,514 - root - INFO - Processing 5406585578 (1423/4058)
2026-02-23 14:01:51,962 - httpx - INFO - HTTP Request: POST https://api.stratz.com/graphql "HTTP/1.1 200 OK"
2026-02-23 14:01:51,962 - root - INFO - Processing 5406584259 (1424/4058)
2026-02-23 14:01:52,406 - httpx - INFO - HTTP Request: POST https://api.stratz.com/graphql "HTTP/1.1 200 OK"
2026-02-23 14:01:52,407 - root - INFO - Processing 5406584077 (1425/4058)
2026-02-23 14:01:52,841 - httpx - INFO - HTTP Request: POST https://api.stratz.com/graphql "HTTP/1.1 200 OK"
2026-02-23 14:01:52,842 - root - INFO - Processing 5406583854 (1426/4058)
2026-02-23 14:01:53,283 - httpx - INFO - HTTP Request: POST https://api.stratz.com/graphql "HTTP/1.1 200 OK"
2026-02-23 14:01:53,285 - root - INFO - Processing 5406582923 (1427/4058)
2026-02-23 14:01:53,867 - httpx - INFO - HTTP Request: POST https://api.stratz.com/graphql "HTTP/1.1 200 OK"
2026-02-23 14:01:53,868 - root - INFO - Processing 5406581962 (1428/4058)
2026-02-23 14:01:54,290 - httpx - INFO - HTTP Request: POST https://api.stratz.com/graphql "HTTP/1.1 200 OK"
2026-02-23 14:01:54,291 - root - INFO - Processing 5406581496 (1429/4058)
2026-02-23 14:01:54,715 - httpx - INFO - HTTP Request: POST https://api.stratz.com/graphql "HTTP/1.1 200 OK"
2026-02-23 14:01:54,716 - root - INFO - Processing 5406579273 (1430/4058)
2026-02-23 14:01:55,154 - httpx - INFO - HTTP Request: POST https://api.stratz.com/graphql "HTTP/1.1 200 OK"
2026-02-23 14:01:55,155 - root - INFO - Processing 5406207970 (1431/4058)
2026-02-23 14:01:55,596 - httpx - INFO - HTTP Request: POST https://api.stratz.com/graphql "HTTP/1.1 200 OK"
2026-02-23 14:01:55,598 - root - INFO - Processing 5406199236 (1432/4058)
2026-02-23 14:01:56,042 - httpx - INFO - HTTP Request: POST https://api.stratz.com/graphql "HTTP/1.1 200 OK"
2026-02-23 14:01:56,044 - root - INFO - Processing 5406191139 (1433/4058)
2026-02-23 14:01:56,500 - httpx - INFO - HTTP Request: POST https://api.stratz.com/graphql "HTTP/1.1 200 OK"
2026-02-23 14:01:56,501 - root - INFO - Processing 5406185958 (1434/4058)
2026-02-23 14:01:56,973 - httpx - INFO - HTTP Request: POST https://api.stratz.com/graphql "HTTP/1.1 200 OK"
2026-02-23 14:01:56,974 - root - INFO - Processing 5406151225 (1435/4058)
2026-02-23 14:01:57,411 - httpx - INFO - HTTP Request: POST https://api.stratz.com/graphql "HTTP/1.1 200 OK"
2026-02-23 14:01:57,412 - root - INFO - Processing 5406140396 (1436/4058)
2026-02-23 14:01:57,900 - httpx - INFO - HTTP Request: POST https://api.stratz.com/graphql "HTTP/1.1 200 OK"
2026-02-23 14:01:57,901 - root - INFO - Processing 5406137789 (1437/4058)
2026-02-23 14:01:58,419 - httpx - INFO - HTTP Request: POST https://api.stratz.com/graphql "HTTP/1.1 200 OK"
2026-02-23 14:01:58,421 - root - INFO - Processing 5406118899 (1438/4058)
2026-02-23 14:01:58,900 - httpx - INFO - HTTP Request: POST https://api.stratz.com/graphql "HTTP/1.1 200 OK"
2026-02-23 14:01:58,901 - root - INFO - Processing 5406054175 (1439/4058)
2026-02-23 14:01:59,383 - httpx - INFO - HTTP Request: POST https://api.stratz.com/graphql "HTTP/1.1 200 OK"
2026-02-23 14:01:59,384 - root - INFO - Processing 5406051532 (1440/4058)
2026-02-23 14:01:59,861 - httpx - INFO - HTTP Request: POST https://api.stratz.com/graphql "HTTP/1.1 200 OK"
2026-02-23 14:01:59,861 - root - INFO - Processing 5406046669 (1441/4058)
2026-02-23 14:02:00,313 - httpx - INFO - HTTP Request: POST https://api.stratz.com/graphql "HTTP/1.1 200 OK"
2026-02-23 14:02:00,314 - root - INFO - Processing 5406042154 (1442/4058)
2026-02-23 14:02:00,771 - httpx - INFO - HTTP Request: POST https://api.stratz.com/graphql "HTTP/1.1 200 OK"
2026-02-23 14:02:00,771 - root - INFO - Processing 5406041467 (1443/4058)
2026-02-23 14:02:01,217 - httpx - INFO - HTTP Request: POST https://api.stratz.com/graphql "HTTP/1.1 200 OK"
2026-02-23 14:02:01,219 - root - INFO - Processing 5406040938 (1444/4058)
2026-02-23 14:02:01,777 - httpx - INFO - HTTP Request: POST https://api.stratz.com/graphql "HTTP/1.1 200 OK"
2026-02-23 14:02:01,778 - root - INFO - Processing 5406039958 (1445/4058)
2026-02-23 14:02:02,244 - httpx - INFO - HTTP Request: POST https://api.stratz.com/graphql "HTTP/1.1 200 OK"
2026-02-23 14:02:02,245 - root - INFO - Processing 5406039027 (1446/4058)
2026-02-23 14:02:02,719 - httpx - INFO - HTTP Request: POST https://api.stratz.com/graphql "HTTP/1.1 200 OK"
2026-02-23 14:02:02,720 - root - INFO - Processing 5406038895 (1447/4058)
2026-02-23 14:02:03,162 - httpx - INFO - HTTP Request: POST https://api.stratz.com/graphql "HTTP/1.1 200 OK"
2026-02-23 14:02:03,163 - root - INFO - Processing 5406035042 (1448/4058)
2026-02-23 14:02:03,660 - httpx - INFO - HTTP Request: POST https://api.stratz.com/graphql "HTTP/1.1 200 OK"
2026-02-23 14:02:03,661 - root - INFO - Processing 5406034050 (1449/4058)
2026-02-23 14:02:04,124 - httpx - INFO - HTTP Request: POST https://api.stratz.com/graphql "HTTP/1.1 200 OK"
2026-02-23 14:02:04,125 - root - INFO - Processing 5406032839 (1450/4058)
2026-02-23 14:02:04,570 - httpx - INFO - HTTP Request: POST https://api.stratz.com/graphql "HTTP/1.1 200 OK"
2026-02-23 14:02:04,571 - root - INFO - Processing 5405506038 (1451/4058)
2026-02-23 14:02:05,016 - httpx - INFO - HTTP Request: POST https://api.stratz.com/graphql "HTTP/1.1 200 OK"
2026-02-23 14:02:05,017 - root - INFO - Processing 5405485029 (1452/4058)
2026-02-23 14:02:05,469 - httpx - INFO - HTTP Request: POST https://api.stratz.com/graphql "HTTP/1.1 200 OK"
2026-02-23 14:02:05,470 - root - INFO - Processing 5405480085 (1453/4058)
2026-02-23 14:02:06,046 - httpx - INFO - HTTP Request: POST https://api.stratz.com/graphql "HTTP/1.1 200 OK"
2026-02-23 14:02:06,047 - root - INFO - Processing 5405462280 (1454/4058)
2026-02-23 14:02:06,478 - httpx - INFO - HTTP Request: POST https://api.stratz.com/graphql "HTTP/1.1 200 OK"
2026-02-23 14:02:06,479 - root - INFO - Processing 5405461984 (1455/4058)
2026-02-23 14:02:06,948 - httpx - INFO - HTTP Request: POST https://api.stratz.com/graphql "HTTP/1.1 200 OK"
2026-02-23 14:02:06,950 - root - INFO - Processing 5405461050 (1456/4058)
2026-02-23 14:02:07,388 - httpx - INFO - HTTP Request: POST https://api.stratz.com/graphql "HTTP/1.1 200 OK"
2026-02-23 14:02:07,389 - root - INFO - Processing 5405455494 (1457/4058)
2026-02-23 14:02:07,855 - httpx - INFO - HTTP Request: POST https://api.stratz.com/graphql "HTTP/1.1 200 OK"
2026-02-23 14:02:07,856 - root - INFO - Processing 5405450825 (1458/4058)
2026-02-23 14:02:08,282 - httpx - INFO - HTTP Request: POST https://api.stratz.com/graphql "HTTP/1.1 200 OK"
2026-02-23 14:02:08,283 - root - INFO - Processing 5405380226 (1459/4058)
2026-02-23 14:02:08,728 - httpx - INFO - HTTP Request: POST https://api.stratz.com/graphql "HTTP/1.1 200 OK"
2026-02-23 14:02:08,729 - root - INFO - Processing 5405377771 (1460/4058)
2026-02-23 14:02:09,217 - httpx - INFO - HTTP Request: POST https://api.stratz.com/graphql "HTTP/1.1 200 OK"
2026-02-23 14:02:09,218 - root - INFO - Processing 5405377679 (1461/4058)
2026-02-23 14:02:09,655 - httpx - INFO - HTTP Request: POST https://api.stratz.com/graphql "HTTP/1.1 200 OK"
2026-02-23 14:02:09,656 - root - INFO - Processing 5405377079 (1462/4058)
2026-02-23 14:02:10,122 - httpx - INFO - HTTP Request: POST https://api.stratz.com/graphql "HTTP/1.1 200 OK"
2026-02-23 14:02:10,123 - root - INFO - Processing 5405376879 (1463/4058)
2026-02-23 14:02:10,562 - httpx - INFO - HTTP Request: POST https://api.stratz.com/graphql "HTTP/1.1 200 OK"
2026-02-23 14:02:10,563 - root - INFO - Processing 5405376846 (1464/4058)
2026-02-23 14:02:10,996 - httpx - INFO - HTTP Request: POST https://api.stratz.com/graphql "HTTP/1.1 200 OK"
2026-02-23 14:02:10,997 - root - INFO - Processing 5405374894 (1465/4058)
2026-02-23 14:02:11,439 - httpx - INFO - HTTP Request: POST https://api.stratz.com/graphql "HTTP/1.1 200 OK"
2026-02-23 14:02:11,440 - root - INFO - Processing 5405373450 (1466/4058)
2026-02-23 14:02:11,913 - httpx - INFO - HTTP Request: POST https://api.stratz.com/graphql "HTTP/1.1 200 OK"
2026-02-23 14:02:11,914 - root - INFO - Processing 5405373111 (1467/4058)
2026-02-23 14:02:12,349 - httpx - INFO - HTTP Request: POST https://api.stratz.com/graphql "HTTP/1.1 200 OK"
2026-02-23 14:02:12,350 - root - INFO - Processing 5405372303 (1468/4058)
2026-02-23 14:02:12,776 - httpx - INFO - HTTP Request: POST https://api.stratz.com/graphql "HTTP/1.1 200 OK"
2026-02-23 14:02:12,777 - root - INFO - Processing 5405368055 (1469/4058)
2026-02-23 14:02:13,227 - httpx - INFO - HTTP Request: POST https://api.stratz.com/graphql "HTTP/1.1 200 OK"
2026-02-23 14:02:13,228 - root - INFO - Processing 5405367923 (1470/4058)
2026-02-23 14:02:13,670 - httpx - INFO - HTTP Request: POST https://api.stratz.com/graphql "HTTP/1.1 200 OK"
2026-02-23 14:02:13,671 - root - INFO - Processing 5405367164 (1471/4058)
2026-02-23 14:02:14,175 - httpx - INFO - HTTP Request: POST https://api.stratz.com/graphql "HTTP/1.1 200 OK"
2026-02-23 14:02:14,176 - root - INFO - Processing 5405365274 (1472/4058)
2026-02-23 14:02:14,640 - httpx - INFO - HTTP Request: POST https://api.stratz.com/graphql "HTTP/1.1 200 OK"
2026-02-23 14:02:14,641 - root - INFO - Processing 5405364504 (1473/4058)
2026-02-23 14:02:15,082 - httpx - INFO - HTTP Request: POST https://api.stratz.com/graphql "HTTP/1.1 200 OK"
2026-02-23 14:02:15,083 - root - INFO - Processing 5404655237 (1474/4058)
2026-02-23 14:02:15,710 - httpx - INFO - HTTP Request: POST https://api.stratz.com/graphql "HTTP/1.1 200 OK"
2026-02-23 14:02:15,712 - root - INFO - Processing 5404644027 (1475/4058)
2026-02-23 14:02:16,226 - httpx - INFO - HTTP Request: POST https://api.stratz.com/graphql "HTTP/1.1 200 OK"
2026-02-23 14:02:16,227 - root - INFO - Processing 5404642673 (1476/4058)
2026-02-23 14:02:16,655 - httpx - INFO - HTTP Request: POST https://api.stratz.com/graphql "HTTP/1.1 200 OK"
2026-02-23 14:02:16,656 - root - INFO - Processing 5404642337 (1477/4058)
2026-02-23 14:02:17,143 - httpx - INFO - HTTP Request: POST https://api.stratz.com/graphql "HTTP/1.1 200 OK"
2026-02-23 14:02:17,145 - root - INFO - Processing 5404641925 (1478/4058)
2026-02-23 14:02:17,566 - httpx - INFO - HTTP Request: POST https://api.stratz.com/graphql "HTTP/1.1 200 OK"
2026-02-23 14:02:17,567 - root - INFO - Processing 5404640479 (1479/4058)
2026-02-23 14:02:17,998 - httpx - INFO - HTTP Request: POST https://api.stratz.com/graphql "HTTP/1.1 200 OK"
2026-02-23 14:02:17,999 - root - INFO - Processing 5404638252 (1480/4058)
2026-02-23 14:02:18,768 - httpx - INFO - HTTP Request: POST https://api.stratz.com/graphql "HTTP/1.1 200 OK"
2026-02-23 14:02:18,769 - root - INFO - Processing 5404637720 (1481/4058)
2026-02-23 14:02:19,209 - httpx - INFO - HTTP Request: POST https://api.stratz.com/graphql "HTTP/1.1 200 OK"
2026-02-23 14:02:19,210 - root - INFO - Processing 5404637370 (1482/4058)
2026-02-23 14:02:19,637 - httpx - INFO - HTTP Request: POST https://api.stratz.com/graphql "HTTP/1.1 200 OK"
2026-02-23 14:02:19,638 - root - INFO - Processing 5404636554 (1483/4058)
2026-02-23 14:02:20,088 - httpx - INFO - HTTP Request: POST https://api.stratz.com/graphql "HTTP/1.1 200 OK"
2026-02-23 14:02:20,094 - root - INFO - Processing 5404635933 (1484/4058)
2026-02-23 14:02:20,547 - httpx - INFO - HTTP Request: POST https://api.stratz.com/graphql "HTTP/1.1 200 OK"
2026-02-23 14:02:20,548 - root - INFO - Processing 5404634736 (1485/4058)
2026-02-23 14:02:21,016 - httpx - INFO - HTTP Request: POST https://api.stratz.com/graphql "HTTP/1.1 200 OK"
2026-02-23 14:02:21,017 - root - INFO - Processing 5404634706 (1486/4058)
2026-02-23 14:02:21,468 - httpx - INFO - HTTP Request: POST https://api.stratz.com/graphql "HTTP/1.1 200 OK"
2026-02-23 14:02:21,469 - root - INFO - Processing 5404634290 (1487/4058)
2026-02-23 14:02:21,905 - httpx - INFO - HTTP Request: POST https://api.stratz.com/graphql "HTTP/1.1 200 OK"
2026-02-23 14:02:21,906 - root - INFO - Processing 5404633342 (1488/4058)
2026-02-23 14:02:22,385 - httpx - INFO - HTTP Request: POST https://api.stratz.com/graphql "HTTP/1.1 200 OK"
2026-02-23 14:02:22,386 - root - INFO - Processing 5404633303 (1489/4058)
2026-02-23 14:02:22,806 - httpx - INFO - HTTP Request: POST https://api.stratz.com/graphql "HTTP/1.1 200 OK"
2026-02-23 14:02:22,808 - root - INFO - Processing 5404632862 (1490/4058)
2026-02-23 14:02:23,307 - httpx - INFO - HTTP Request: POST https://api.stratz.com/graphql "HTTP/1.1 200 OK"
2026-02-23 14:02:23,308 - root - INFO - Processing 5404632691 (1491/4058)
2026-02-23 14:02:23,782 - httpx - INFO - HTTP Request: POST https://api.stratz.com/graphql "HTTP/1.1 200 OK"
2026-02-23 14:02:23,784 - root - INFO - Processing 5404632648 (1492/4058)
2026-02-23 14:02:24,208 - httpx - INFO - HTTP Request: POST https://api.stratz.com/graphql "HTTP/1.1 200 OK"
2026-02-23 14:02:24,209 - root - INFO - Processing 5404632474 (1493/4058)
2026-02-23 14:02:24,634 - httpx - INFO - HTTP Request: POST https://api.stratz.com/graphql "HTTP/1.1 200 OK"
2026-02-23 14:02:24,635 - root - INFO - Processing 5404631259 (1494/4058)
2026-02-23 14:02:25,083 - httpx - INFO - HTTP Request: POST https://api.stratz.com/graphql "HTTP/1.1 200 OK"
2026-02-23 14:02:25,084 - root - INFO - Processing 5404631100 (1495/4058)
2026-02-23 14:02:25,522 - httpx - INFO - HTTP Request: POST https://api.stratz.com/graphql "HTTP/1.1 200 OK"
2026-02-23 14:02:25,523 - root - INFO - Processing 5404630078 (1496/4058)
2026-02-23 14:02:25,978 - httpx - INFO - HTTP Request: POST https://api.stratz.com/graphql "HTTP/1.1 200 OK"
2026-02-23 14:02:25,979 - root - INFO - Processing 5404629884 (1497/4058)
2026-02-23 14:02:26,401 - httpx - INFO - HTTP Request: POST https://api.stratz.com/graphql "HTTP/1.1 200 OK"
2026-02-23 14:02:26,402 - root - INFO - Processing 5404629446 (1498/4058)
2026-02-23 14:02:26,938 - httpx - INFO - HTTP Request: POST https://api.stratz.com/graphql "HTTP/1.1 200 OK"
2026-02-23 14:02:26,940 - root - INFO - Processing 5404164313 (1499/4058)
2026-02-23 14:02:27,383 - httpx - INFO - HTTP Request: POST https://api.stratz.com/graphql "HTTP/1.1 200 OK"
2026-02-23 14:02:27,385 - root - INFO - Processing 5404153830 (1500/4058)
2026-02-23 14:02:27,839 - httpx - INFO - HTTP Request: POST https://api.stratz.com/graphql "HTTP/1.1 200 OK"
2026-02-23 14:02:27,840 - root - INFO - Processing 5404147182 (1501/4058)
2026-02-23 14:02:28,290 - httpx - INFO - HTTP Request: POST https://api.stratz.com/graphql "HTTP/1.1 200 OK"
2026-02-23 14:02:28,292 - root - INFO - Processing 5404140307 (1502/4058)
2026-02-23 14:02:28,737 - httpx - INFO - HTTP Request: POST https://api.stratz.com/graphql "HTTP/1.1 200 OK"
2026-02-23 14:02:28,738 - root - INFO - Processing 5404134140 (1503/4058)
2026-02-23 14:02:29,183 - httpx - INFO - HTTP Request: POST https://api.stratz.com/graphql "HTTP/1.1 200 OK"
2026-02-23 14:02:29,184 - root - INFO - Processing 5404131413 (1504/4058)
2026-02-23 14:02:29,634 - httpx - INFO - HTTP Request: POST https://api.stratz.com/graphql "HTTP/1.1 200 OK"
2026-02-23 14:02:29,635 - root - INFO - Processing 5404127278 (1505/4058)
2026-02-23 14:02:30,094 - httpx - INFO - HTTP Request: POST https://api.stratz.com/graphql "HTTP/1.1 200 OK"
2026-02-23 14:02:30,095 - root - INFO - Processing 5404127047 (1506/4058)
2026-02-23 14:02:30,555 - httpx - INFO - HTTP Request: POST https://api.stratz.com/graphql "HTTP/1.1 200 OK"
2026-02-23 14:02:30,556 - root - INFO - Processing 5404126626 (1507/4058)
2026-02-23 14:02:31,028 - httpx - INFO - HTTP Request: POST https://api.stratz.com/graphql "HTTP/1.1 200 OK"
2026-02-23 14:02:31,029 - root - INFO - Processing 5404125954 (1508/4058)
2026-02-23 14:02:31,649 - httpx - INFO - HTTP Request: POST https://api.stratz.com/graphql "HTTP/1.1 200 OK"
2026-02-23 14:02:31,650 - root - INFO - Processing 5404125716 (1509/4058)
2026-02-23 14:02:32,088 - httpx - INFO - HTTP Request: POST https://api.stratz.com/graphql "HTTP/1.1 200 OK"
2026-02-23 14:02:32,090 - root - INFO - Processing 5404125419 (1510/4058)
2026-02-23 14:02:32,540 - httpx - INFO - HTTP Request: POST https://api.stratz.com/graphql "HTTP/1.1 200 OK"
2026-02-23 14:02:32,541 - root - INFO - Processing 5404124958 (1511/4058)
2026-02-23 14:02:32,979 - httpx - INFO - HTTP Request: POST https://api.stratz.com/graphql "HTTP/1.1 200 OK"
2026-02-23 14:02:32,981 - root - INFO - Processing 5404124855 (1512/4058)
2026-02-23 14:02:33,415 - httpx - INFO - HTTP Request: POST https://api.stratz.com/graphql "HTTP/1.1 200 OK"
2026-02-23 14:02:33,417 - root - INFO - Processing 5404124745 (1513/4058)
2026-02-23 14:02:33,858 - httpx - INFO - HTTP Request: POST https://api.stratz.com/graphql "HTTP/1.1 200 OK"
2026-02-23 14:02:33,859 - root - INFO - Processing 5404124513 (1514/4058)
2026-02-23 14:02:34,299 - httpx - INFO - HTTP Request: POST https://api.stratz.com/graphql "HTTP/1.1 200 OK"
2026-02-23 14:02:34,301 - root - INFO - Processing 5404123637 (1515/4058)
2026-02-23 14:02:34,776 - httpx - INFO - HTTP Request: POST https://api.stratz.com/graphql "HTTP/1.1 200 OK"
2026-02-23 14:02:34,776 - root - INFO - Processing 5404123293 (1516/4058)
2026-02-23 14:02:35,226 - httpx - INFO - HTTP Request: POST https://api.stratz.com/graphql "HTTP/1.1 200 OK"
2026-02-23 14:02:35,227 - root - INFO - Processing 5404122824 (1517/4058)
2026-02-23 14:02:35,748 - httpx - INFO - HTTP Request: POST https://api.stratz.com/graphql "HTTP/1.1 200 OK"
2026-02-23 14:02:35,749 - root - INFO - Processing 5404121718 (1518/4058)
2026-02-23 14:02:36,184 - httpx - INFO - HTTP Request: POST https://api.stratz.com/graphql "HTTP/1.1 200 OK"
2026-02-23 14:02:36,186 - root - INFO - Processing 5404121612 (1519/4058)
2026-02-23 14:02:36,617 - httpx - INFO - HTTP Request: POST https://api.stratz.com/graphql "HTTP/1.1 200 OK"
2026-02-23 14:02:36,619 - root - INFO - Processing 5404121603 (1520/4058)
2026-02-23 14:02:37,045 - httpx - INFO - HTTP Request: POST https://api.stratz.com/graphql "HTTP/1.1 200 OK"
2026-02-23 14:02:37,046 - root - INFO - Processing 5404120629 (1521/4058)
2026-02-23 14:02:37,479 - httpx - INFO - HTTP Request: POST https://api.stratz.com/graphql "HTTP/1.1 200 OK"
2026-02-23 14:02:37,480 - root - INFO - Processing 5404120523 (1522/4058)
2026-02-23 14:02:37,918 - httpx - INFO - HTTP Request: POST https://api.stratz.com/graphql "HTTP/1.1 200 OK"
2026-02-23 14:02:37,920 - root - INFO - Processing 5404119306 (1523/4058)
2026-02-23 14:02:38,368 - httpx - INFO - HTTP Request: POST https://api.stratz.com/graphql "HTTP/1.1 200 OK"
2026-02-23 14:02:38,370 - root - INFO - Processing 5404119199 (1524/4058)
2026-02-23 14:02:38,812 - httpx - INFO - HTTP Request: POST https://api.stratz.com/graphql "HTTP/1.1 200 OK"
2026-02-23 14:02:38,813 - root - INFO - Processing 5404118501 (1525/4058)
2026-02-23 14:02:39,248 - httpx - INFO - HTTP Request: POST https://api.stratz.com/graphql "HTTP/1.1 200 OK"
2026-02-23 14:02:39,249 - root - INFO - Processing 5404118416 (1526/4058)
2026-02-23 14:02:39,680 - httpx - INFO - HTTP Request: POST https://api.stratz.com/graphql "HTTP/1.1 200 OK"
2026-02-23 14:02:39,681 - root - INFO - Processing 5403498209 (1527/4058)
2026-02-23 14:02:40,100 - httpx - INFO - HTTP Request: POST https://api.stratz.com/graphql "HTTP/1.1 200 OK"
2026-02-23 14:02:40,101 - root - INFO - Processing 5403497383 (1528/4058)
2026-02-23 14:02:40,658 - httpx - INFO - HTTP Request: POST https://api.stratz.com/graphql "HTTP/1.1 200 OK"
2026-02-23 14:02:40,660 - root - INFO - Processing 5403494509 (1529/4058)
2026-02-23 14:02:41,111 - httpx - INFO - HTTP Request: POST https://api.stratz.com/graphql "HTTP/1.1 200 OK"
2026-02-23 14:02:41,112 - root - INFO - Processing 5403492354 (1530/4058)
2026-02-23 14:02:41,583 - httpx - INFO - HTTP Request: POST https://api.stratz.com/graphql "HTTP/1.1 200 OK"
2026-02-23 14:02:41,584 - root - INFO - Processing 5403490468 (1531/4058)
2026-02-23 14:02:42,011 - httpx - INFO - HTTP Request: POST https://api.stratz.com/graphql "HTTP/1.1 200 OK"
2026-02-23 14:02:42,013 - root - INFO - Processing 5403488131 (1532/4058)
2026-02-23 14:02:42,552 - httpx - INFO - HTTP Request: POST https://api.stratz.com/graphql "HTTP/1.1 200 OK"
2026-02-23 14:02:42,554 - root - INFO - Processing 5403485662 (1533/4058)
2026-02-23 14:02:42,967 - httpx - INFO - HTTP Request: POST https://api.stratz.com/graphql "HTTP/1.1 200 OK"
2026-02-23 14:02:42,969 - root - INFO - Processing 5403482495 (1534/4058)
2026-02-23 14:02:43,465 - httpx - INFO - HTTP Request: POST https://api.stratz.com/graphql "HTTP/1.1 200 OK"
2026-02-23 14:02:43,466 - root - INFO - Processing 5366730303 (1535/4058)
2026-02-23 14:02:43,882 - httpx - INFO - HTTP Request: POST https://api.stratz.com/graphql "HTTP/1.1 200 OK"
2026-02-23 14:02:43,883 - root - INFO - Processing 5366642401 (1536/4058)
2026-02-23 14:02:44,335 - httpx - INFO - HTTP Request: POST https://api.stratz.com/graphql "HTTP/1.1 200 OK"
2026-02-23 14:02:44,336 - root - INFO - Processing 5366530659 (1537/4058)
2026-02-23 14:02:44,759 - httpx - INFO - HTTP Request: POST https://api.stratz.com/graphql "HTTP/1.1 200 OK"
2026-02-23 14:02:44,760 - root - INFO - Processing 5366398445 (1538/4058)
2026-02-23 14:02:45,190 - httpx - INFO - HTTP Request: POST https://api.stratz.com/graphql "HTTP/1.1 200 OK"
2026-02-23 14:02:45,192 - root - INFO - Processing 5366238649 (1539/4058)
2026-02-23 14:02:45,615 - httpx - INFO - HTTP Request: POST https://api.stratz.com/graphql "HTTP/1.1 200 OK"
2026-02-23 14:02:45,616 - root - INFO - Processing 5366056148 (1540/4058)
2026-02-23 14:02:46,033 - httpx - INFO - HTTP Request: POST https://api.stratz.com/graphql "HTTP/1.1 200 OK"
2026-02-23 14:02:46,034 - root - INFO - Processing 5365921884 (1541/4058)
2026-02-23 14:02:46,470 - httpx - INFO - HTTP Request: POST https://api.stratz.com/graphql "HTTP/1.1 200 OK"
2026-02-23 14:02:46,472 - root - INFO - Processing 5364479269 (1542/4058)
2026-02-23 14:02:46,906 - httpx - INFO - HTTP Request: POST https://api.stratz.com/graphql "HTTP/1.1 200 OK"
2026-02-23 14:02:46,907 - root - INFO - Processing 5364400355 (1543/4058)
2026-02-23 14:02:47,335 - httpx - INFO - HTTP Request: POST https://api.stratz.com/graphql "HTTP/1.1 200 OK"
2026-02-23 14:02:47,336 - root - INFO - Processing 5364275489 (1544/4058)
2026-02-23 14:02:47,767 - httpx - INFO - HTTP Request: POST https://api.stratz.com/graphql "HTTP/1.1 200 OK"
2026-02-23 14:02:47,768 - root - INFO - Processing 5364099824 (1545/4058)
2026-02-23 14:02:48,186 - httpx - INFO - HTTP Request: POST https://api.stratz.com/graphql "HTTP/1.1 200 OK"
2026-02-23 14:02:48,187 - root - INFO - Processing 5363920750 (1546/4058)
2026-02-23 14:02:48,615 - httpx - INFO - HTTP Request: POST https://api.stratz.com/graphql "HTTP/1.1 200 OK"
2026-02-23 14:02:48,616 - root - INFO - Processing 5363699929 (1547/4058)
2026-02-23 14:02:49,046 - httpx - INFO - HTTP Request: POST https://api.stratz.com/graphql "HTTP/1.1 200 OK"
2026-02-23 14:02:49,047 - root - INFO - Processing 5363530019 (1548/4058)
2026-02-23 14:02:49,623 - httpx - INFO - HTTP Request: POST https://api.stratz.com/graphql "HTTP/1.1 200 OK"
2026-02-23 14:02:49,625 - root - INFO - Processing 5363327942 (1549/4058)
2026-02-23 14:02:50,058 - httpx - INFO - HTTP Request: POST https://api.stratz.com/graphql "HTTP/1.1 200 OK"
2026-02-23 14:02:50,059 - root - INFO - Processing 5363208087 (1550/4058)
2026-02-23 14:02:50,501 - httpx - INFO - HTTP Request: POST https://api.stratz.com/graphql "HTTP/1.1 200 OK"
2026-02-23 14:02:50,503 - root - INFO - Processing 5362184212 (1551/4058)
2026-02-23 14:02:50,926 - httpx - INFO - HTTP Request: POST https://api.stratz.com/graphql "HTTP/1.1 200 OK"
2026-02-23 14:02:50,927 - root - INFO - Processing 5362089196 (1552/4058)
2026-02-23 14:02:51,341 - httpx - INFO - HTTP Request: POST https://api.stratz.com/graphql "HTTP/1.1 200 OK"
2026-02-23 14:02:51,342 - root - INFO - Processing 5361989853 (1553/4058)
2026-02-23 14:02:51,789 - httpx - INFO - HTTP Request: POST https://api.stratz.com/graphql "HTTP/1.1 200 OK"
2026-02-23 14:02:51,790 - root - INFO - Processing 5361850243 (1554/4058)
2026-02-23 14:02:52,238 - httpx - INFO - HTTP Request: POST https://api.stratz.com/graphql "HTTP/1.1 200 OK"
2026-02-23 14:02:52,239 - root - INFO - Processing 5361617322 (1555/4058)
2026-02-23 14:02:52,650 - httpx - INFO - HTTP Request: POST https://api.stratz.com/graphql "HTTP/1.1 200 OK"
2026-02-23 14:02:52,652 - root - INFO - Processing 5361474721 (1556/4058)
2026-02-23 14:02:53,074 - httpx - INFO - HTTP Request: POST https://api.stratz.com/graphql "HTTP/1.1 200 OK"
2026-02-23 14:02:53,075 - root - INFO - Processing 5361309644 (1557/4058)
2026-02-23 14:02:53,495 - httpx - INFO - HTTP Request: POST https://api.stratz.com/graphql "HTTP/1.1 200 OK"
2026-02-23 14:02:53,496 - root - INFO - Processing 5361200829 (1558/4058)
2026-02-23 14:02:53,916 - httpx - INFO - HTTP Request: POST https://api.stratz.com/graphql "HTTP/1.1 200 OK"
2026-02-23 14:02:53,916 - root - INFO - Processing 5361088216 (1559/4058)
2026-02-23 14:02:54,366 - httpx - INFO - HTTP Request: POST https://api.stratz.com/graphql "HTTP/1.1 200 OK"
2026-02-23 14:02:54,367 - root - INFO - Processing 5360987052 (1560/4058)
2026-02-23 14:02:54,805 - httpx - INFO - HTTP Request: POST https://api.stratz.com/graphql "HTTP/1.1 200 OK"
2026-02-23 14:02:54,807 - root - INFO - Processing 5360216714 (1561/4058)
2026-02-23 14:02:55,514 - httpx - INFO - HTTP Request: POST https://api.stratz.com/graphql "HTTP/1.1 200 OK"
2026-02-23 14:02:55,515 - root - INFO - Processing 5360130320 (1562/4058)
2026-02-23 14:02:55,968 - httpx - INFO - HTTP Request: POST https://api.stratz.com/graphql "HTTP/1.1 200 OK"
2026-02-23 14:02:55,969 - root - INFO - Processing 5360122797 (1563/4058)
2026-02-23 14:02:56,494 - httpx - INFO - HTTP Request: POST https://api.stratz.com/graphql "HTTP/1.1 200 OK"
2026-02-23 14:02:56,495 - root - INFO - Processing 5360111328 (1564/4058)
2026-02-23 14:02:56,934 - httpx - INFO - HTTP Request: POST https://api.stratz.com/graphql "HTTP/1.1 200 OK"
2026-02-23 14:02:56,936 - root - INFO - Processing 5360104823 (1565/4058)
2026-02-23 14:02:57,375 - httpx - INFO - HTTP Request: POST https://api.stratz.com/graphql "HTTP/1.1 200 OK"
2026-02-23 14:02:57,376 - root - INFO - Processing 5360001941 (1566/4058)
2026-02-23 14:02:57,795 - httpx - INFO - HTTP Request: POST https://api.stratz.com/graphql "HTTP/1.1 200 OK"
2026-02-23 14:02:57,796 - root - INFO - Processing 5359992382 (1567/4058)
2026-02-23 14:02:58,227 - httpx - INFO - HTTP Request: POST https://api.stratz.com/graphql "HTTP/1.1 200 OK"
2026-02-23 14:02:58,229 - root - INFO - Processing 5359991931 (1568/4058)
2026-02-23 14:02:58,647 - httpx - INFO - HTTP Request: POST https://api.stratz.com/graphql "HTTP/1.1 200 OK"
2026-02-23 14:02:58,648 - root - INFO - Processing 5359983148 (1569/4058)
2026-02-23 14:02:59,090 - httpx - INFO - HTTP Request: POST https://api.stratz.com/graphql "HTTP/1.1 200 OK"
2026-02-23 14:02:59,091 - root - INFO - Processing 5359888009 (1570/4058)
2026-02-23 14:02:59,546 - httpx - INFO - HTTP Request: POST https://api.stratz.com/graphql "HTTP/1.1 200 OK"
2026-02-23 14:02:59,547 - root - INFO - Processing 5359792954 (1571/4058)
2026-02-23 14:02:59,964 - httpx - INFO - HTTP Request: POST https://api.stratz.com/graphql "HTTP/1.1 200 OK"
2026-02-23 14:02:59,965 - root - INFO - Processing 5359775851 (1572/4058)
2026-02-23 14:03:00,381 - httpx - INFO - HTTP Request: POST https://api.stratz.com/graphql "HTTP/1.1 200 OK"
2026-02-23 14:03:00,382 - root - INFO - Processing 5359757001 (1573/4058)
2026-02-23 14:03:00,793 - httpx - INFO - HTTP Request: POST https://api.stratz.com/graphql "HTTP/1.1 200 OK"
2026-02-23 14:03:00,794 - root - INFO - Processing 5359744697 (1574/4058)
2026-02-23 14:03:01,228 - httpx - INFO - HTTP Request: POST https://api.stratz.com/graphql "HTTP/1.1 200 OK"
2026-02-23 14:03:01,230 - root - INFO - Processing 5359643800 (1575/4058)
2026-02-23 14:03:01,668 - httpx - INFO - HTTP Request: POST https://api.stratz.com/graphql "HTTP/1.1 200 OK"
2026-02-23 14:03:01,669 - root - INFO - Processing 5359637778 (1576/4058)
2026-02-23 14:03:02,134 - httpx - INFO - HTTP Request: POST https://api.stratz.com/graphql "HTTP/1.1 200 OK"
2026-02-23 14:03:02,134 - root - INFO - Processing 5359624135 (1577/4058)
2026-02-23 14:03:02,590 - httpx - INFO - HTTP Request: POST https://api.stratz.com/graphql "HTTP/1.1 200 OK"
2026-02-23 14:03:02,592 - root - INFO - Processing 5359617501 (1578/4058)
2026-02-23 14:03:03,040 - httpx - INFO - HTTP Request: POST https://api.stratz.com/graphql "HTTP/1.1 200 OK"
2026-02-23 14:03:03,042 - root - INFO - Processing 5357895815 (1579/4058)
2026-02-23 14:03:03,501 - httpx - INFO - HTTP Request: POST https://api.stratz.com/graphql "HTTP/1.1 200 OK"
2026-02-23 14:03:03,504 - root - INFO - Processing 5357767106 (1580/4058)
2026-02-23 14:03:04,269 - httpx - INFO - HTTP Request: POST https://api.stratz.com/graphql "HTTP/1.1 200 OK"
2026-02-23 14:03:04,271 - root - INFO - Processing 5357649455 (1581/4058)
2026-02-23 14:03:04,699 - httpx - INFO - HTTP Request: POST https://api.stratz.com/graphql "HTTP/1.1 200 OK"
2026-02-23 14:03:04,700 - root - INFO - Processing 5357510393 (1582/4058)
2026-02-23 14:03:05,122 - httpx - INFO - HTTP Request: POST https://api.stratz.com/graphql "HTTP/1.1 200 OK"
2026-02-23 14:03:05,123 - root - INFO - Processing 5357346528 (1583/4058)
2026-02-23 14:03:05,591 - httpx - INFO - HTTP Request: POST https://api.stratz.com/graphql "HTTP/1.1 200 OK"
2026-02-23 14:03:05,592 - root - INFO - Processing 5357190838 (1584/4058)
2026-02-23 14:03:06,004 - httpx - INFO - HTTP Request: POST https://api.stratz.com/graphql "HTTP/1.1 200 OK"
2026-02-23 14:03:06,006 - root - INFO - Processing 5357071844 (1585/4058)
2026-02-23 14:03:06,443 - httpx - INFO - HTTP Request: POST https://api.stratz.com/graphql "HTTP/1.1 200 OK"
2026-02-23 14:03:06,445 - root - INFO - Processing 5356992658 (1586/4058)
2026-02-23 14:03:06,892 - httpx - INFO - HTTP Request: POST https://api.stratz.com/graphql "HTTP/1.1 200 OK"
2026-02-23 14:03:06,894 - root - INFO - Processing 5356897254 (1587/4058)
2026-02-23 14:03:07,308 - httpx - INFO - HTTP Request: POST https://api.stratz.com/graphql "HTTP/1.1 200 OK"
2026-02-23 14:03:07,309 - root - INFO - Processing 5355917097 (1588/4058)
2026-02-23 14:03:07,732 - httpx - INFO - HTTP Request: POST https://api.stratz.com/graphql "HTTP/1.1 200 OK"
2026-02-23 14:03:07,733 - root - INFO - Processing 5355776914 (1589/4058)
2026-02-23 14:03:08,150 - httpx - INFO - HTTP Request: POST https://api.stratz.com/graphql "HTTP/1.1 200 OK"
2026-02-23 14:03:08,151 - root - INFO - Processing 5355661463 (1590/4058)
2026-02-23 14:03:08,593 - httpx - INFO - HTTP Request: POST https://api.stratz.com/graphql "HTTP/1.1 200 OK"
2026-02-23 14:03:08,594 - root - INFO - Processing 5355508135 (1591/4058)
2026-02-23 14:03:09,024 - httpx - INFO - HTTP Request: POST https://api.stratz.com/graphql "HTTP/1.1 200 OK"
2026-02-23 14:03:09,025 - root - INFO - Processing 5355374772 (1592/4058)
2026-02-23 14:03:09,443 - httpx - INFO - HTTP Request: POST https://api.stratz.com/graphql "HTTP/1.1 200 OK"
2026-02-23 14:03:09,445 - root - INFO - Processing 5355196423 (1593/4058)
2026-02-23 14:03:09,890 - httpx - INFO - HTTP Request: POST https://api.stratz.com/graphql "HTTP/1.1 200 OK"
2026-02-23 14:03:09,891 - root - INFO - Processing 5355057127 (1594/4058)
2026-02-23 14:03:10,329 - httpx - INFO - HTTP Request: POST https://api.stratz.com/graphql "HTTP/1.1 200 OK"
2026-02-23 14:03:10,330 - root - INFO - Processing 5354968280 (1595/4058)
2026-02-23 14:03:10,756 - httpx - INFO - HTTP Request: POST https://api.stratz.com/graphql "HTTP/1.1 200 OK"
2026-02-23 14:03:10,757 - root - INFO - Processing 5354840392 (1596/4058)
2026-02-23 14:03:11,219 - httpx - INFO - HTTP Request: POST https://api.stratz.com/graphql "HTTP/1.1 200 OK"
2026-02-23 14:03:11,220 - root - INFO - Processing 5354172843 (1597/4058)
2026-02-23 14:03:11,664 - httpx - INFO - HTTP Request: POST https://api.stratz.com/graphql "HTTP/1.1 200 OK"
2026-02-23 14:03:11,665 - root - INFO - Processing 5354067496 (1598/4058)
2026-02-23 14:03:12,110 - httpx - INFO - HTTP Request: POST https://api.stratz.com/graphql "HTTP/1.1 200 OK"
2026-02-23 14:03:12,112 - root - INFO - Processing 5353953606 (1599/4058)
2026-02-23 14:03:12,526 - httpx - INFO - HTTP Request: POST https://api.stratz.com/graphql "HTTP/1.1 200 OK"
2026-02-23 14:03:12,527 - root - INFO - Processing 5353854894 (1600/4058)
2026-02-23 14:03:12,979 - httpx - INFO - HTTP Request: POST https://api.stratz.com/graphql "HTTP/1.1 200 OK"
2026-02-23 14:03:12,981 - root - INFO - Processing 5353698356 (1601/4058)
2026-02-23 14:03:13,416 - httpx - INFO - HTTP Request: POST https://api.stratz.com/graphql "HTTP/1.1 200 OK"
2026-02-23 14:03:13,417 - root - INFO - Processing 5353581788 (1602/4058)
2026-02-23 14:03:13,837 - httpx - INFO - HTTP Request: POST https://api.stratz.com/graphql "HTTP/1.1 200 OK"
2026-02-23 14:03:13,839 - root - INFO - Processing 5353398840 (1603/4058)
2026-02-23 14:03:14,260 - httpx - INFO - HTTP Request: POST https://api.stratz.com/graphql "HTTP/1.1 200 OK"
2026-02-23 14:03:14,261 - root - INFO - Processing 5353198743 (1604/4058)
2026-02-23 14:03:14,681 - httpx - INFO - HTTP Request: POST https://api.stratz.com/graphql "HTTP/1.1 200 OK"
2026-02-23 14:03:14,682 - root - INFO - Processing 5353054308 (1605/4058)
2026-02-23 14:03:15,109 - httpx - INFO - HTTP Request: POST https://api.stratz.com/graphql "HTTP/1.1 200 OK"
2026-02-23 14:03:15,111 - root - INFO - Processing 5352936058 (1606/4058)
2026-02-23 14:03:15,550 - httpx - INFO - HTTP Request: POST https://api.stratz.com/graphql "HTTP/1.1 200 OK"
2026-02-23 14:03:15,552 - root - INFO - Processing 5352797582 (1607/4058)
2026-02-23 14:03:16,071 - httpx - INFO - HTTP Request: POST https://api.stratz.com/graphql "HTTP/1.1 200 OK"
2026-02-23 14:03:16,072 - root - INFO - Processing 5351875124 (1608/4058)
2026-02-23 14:03:16,564 - httpx - INFO - HTTP Request: POST https://api.stratz.com/graphql "HTTP/1.1 200 OK"
2026-02-23 14:03:16,565 - root - INFO - Processing 5351739658 (1609/4058)
2026-02-23 14:03:16,990 - httpx - INFO - HTTP Request: POST https://api.stratz.com/graphql "HTTP/1.1 200 OK"
2026-02-23 14:03:16,991 - root - INFO - Processing 5351581161 (1610/4058)
2026-02-23 14:03:17,452 - httpx - INFO - HTTP Request: POST https://api.stratz.com/graphql "HTTP/1.1 200 OK"
2026-02-23 14:03:17,453 - root - INFO - Processing 5351444824 (1611/4058)
2026-02-23 14:03:17,984 - httpx - INFO - HTTP Request: POST https://api.stratz.com/graphql "HTTP/1.1 200 OK"
2026-02-23 14:03:17,985 - root - INFO - Processing 5351299150 (1612/4058)
2026-02-23 14:03:18,421 - httpx - INFO - HTTP Request: POST https://api.stratz.com/graphql "HTTP/1.1 200 OK"
2026-02-23 14:03:18,422 - root - INFO - Processing 5351122681 (1613/4058)
2026-02-23 14:03:18,840 - httpx - INFO - HTTP Request: POST https://api.stratz.com/graphql "HTTP/1.1 200 OK"
2026-02-23 14:03:18,842 - root - INFO - Processing 5350965128 (1614/4058)
2026-02-23 14:03:19,264 - httpx - INFO - HTTP Request: POST https://api.stratz.com/graphql "HTTP/1.1 200 OK"
2026-02-23 14:03:19,265 - root - INFO - Processing 5350770907 (1615/4058)
2026-02-23 14:03:19,700 - httpx - INFO - HTTP Request: POST https://api.stratz.com/graphql "HTTP/1.1 200 OK"
2026-02-23 14:03:19,701 - root - INFO - Processing 5350617246 (1616/4058)
2026-02-23 14:03:20,132 - httpx - INFO - HTTP Request: POST https://api.stratz.com/graphql "HTTP/1.1 200 OK"
2026-02-23 14:03:20,134 - root - INFO - Processing 5349875927 (1617/4058)
2026-02-23 14:03:20,544 - httpx - INFO - HTTP Request: POST https://api.stratz.com/graphql "HTTP/1.1 200 OK"
2026-02-23 14:03:20,545 - root - INFO - Processing 5349803303 (1618/4058)
2026-02-23 14:03:20,955 - httpx - INFO - HTTP Request: POST https://api.stratz.com/graphql "HTTP/1.1 200 OK"
2026-02-23 14:03:20,956 - root - INFO - Processing 5349666500 (1619/4058)
2026-02-23 14:03:21,409 - httpx - INFO - HTTP Request: POST https://api.stratz.com/graphql "HTTP/1.1 200 OK"
2026-02-23 14:03:21,410 - root - INFO - Processing 5349553778 (1620/4058)
2026-02-23 14:03:21,851 - httpx - INFO - HTTP Request: POST https://api.stratz.com/graphql "HTTP/1.1 200 OK"
2026-02-23 14:03:21,852 - root - INFO - Processing 5349317466 (1621/4058)
2026-02-23 14:03:22,273 - httpx - INFO - HTTP Request: POST https://api.stratz.com/graphql "HTTP/1.1 200 OK"
2026-02-23 14:03:22,274 - root - INFO - Processing 5349156233 (1622/4058)
2026-02-23 14:03:22,719 - httpx - INFO - HTTP Request: POST https://api.stratz.com/graphql "HTTP/1.1 200 OK"
2026-02-23 14:03:22,720 - root - INFO - Processing 5348965919 (1623/4058)
2026-02-23 14:03:23,148 - httpx - INFO - HTTP Request: POST https://api.stratz.com/graphql "HTTP/1.1 200 OK"
2026-02-23 14:03:23,150 - root - INFO - Processing 5348811459 (1624/4058)
2026-02-23 14:03:23,568 - httpx - INFO - HTTP Request: POST https://api.stratz.com/graphql "HTTP/1.1 200 OK"
2026-02-23 14:03:23,569 - root - INFO - Processing 5348603073 (1625/4058)
2026-02-23 14:03:23,977 - httpx - INFO - HTTP Request: POST https://api.stratz.com/graphql "HTTP/1.1 200 OK"
2026-02-23 14:03:23,978 - root - INFO - Processing 5348459531 (1626/4058)
2026-02-23 14:03:24,391 - httpx - INFO - HTTP Request: POST https://api.stratz.com/graphql "HTTP/1.1 200 OK"
2026-02-23 14:03:24,393 - root - INFO - Processing 5348344157 (1627/4058)
2026-02-23 14:03:24,813 - httpx - INFO - HTTP Request: POST https://api.stratz.com/graphql "HTTP/1.1 200 OK"
2026-02-23 14:03:24,814 - root - INFO - Processing 5348204788 (1628/4058)
2026-02-23 14:03:25,247 - httpx - INFO - HTTP Request: POST https://api.stratz.com/graphql "HTTP/1.1 200 OK"
2026-02-23 14:03:25,248 - root - INFO - Processing 5347107497 (1629/4058)
2026-02-23 14:03:25,685 - httpx - INFO - HTTP Request: POST https://api.stratz.com/graphql "HTTP/1.1 200 OK"
2026-02-23 14:03:25,686 - root - INFO - Processing 5346979478 (1630/4058)
2026-02-23 14:03:26,115 - httpx - INFO - HTTP Request: POST https://api.stratz.com/graphql "HTTP/1.1 200 OK"
2026-02-23 14:03:26,116 - root - INFO - Processing 5346830064 (1631/4058)
2026-02-23 14:03:26,534 - httpx - INFO - HTTP Request: POST https://api.stratz.com/graphql "HTTP/1.1 200 OK"
2026-02-23 14:03:26,535 - root - INFO - Processing 5346623894 (1632/4058)
2026-02-23 14:03:26,999 - httpx - INFO - HTTP Request: POST https://api.stratz.com/graphql "HTTP/1.1 200 OK"
2026-02-23 14:03:27,000 - root - INFO - Processing 5346454846 (1633/4058)
2026-02-23 14:03:27,440 - httpx - INFO - HTTP Request: POST https://api.stratz.com/graphql "HTTP/1.1 200 OK"
2026-02-23 14:03:27,441 - root - INFO - Processing 5346333596 (1634/4058)
2026-02-23 14:03:27,874 - httpx - INFO - HTTP Request: POST https://api.stratz.com/graphql "HTTP/1.1 200 OK"
2026-02-23 14:03:27,876 - root - INFO - Processing 5346190575 (1635/4058)
2026-02-23 14:03:28,309 - httpx - INFO - HTTP Request: POST https://api.stratz.com/graphql "HTTP/1.1 200 OK"
2026-02-23 14:03:28,310 - root - INFO - Processing 5345966446 (1636/4058)
2026-02-23 14:03:28,732 - httpx - INFO - HTTP Request: POST https://api.stratz.com/graphql "HTTP/1.1 200 OK"
2026-02-23 14:03:28,733 - root - INFO - Processing 5345886189 (1637/4058)
2026-02-23 14:03:29,147 - httpx - INFO - HTTP Request: POST https://api.stratz.com/graphql "HTTP/1.1 200 OK"
2026-02-23 14:03:29,149 - root - INFO - Processing 5345093970 (1638/4058)
2026-02-23 14:03:29,731 - httpx - INFO - HTTP Request: POST https://api.stratz.com/graphql "HTTP/1.1 200 OK"
2026-02-23 14:03:29,732 - root - INFO - Processing 5345007978 (1639/4058)
2026-02-23 14:03:30,153 - httpx - INFO - HTTP Request: POST https://api.stratz.com/graphql "HTTP/1.1 200 OK"
2026-02-23 14:03:30,155 - root - INFO - Processing 5344902228 (1640/4058)
2026-02-23 14:03:30,577 - httpx - INFO - HTTP Request: POST https://api.stratz.com/graphql "HTTP/1.1 200 OK"
2026-02-23 14:03:30,578 - root - INFO - Processing 5344757422 (1641/4058)
2026-02-23 14:03:30,997 - httpx - INFO - HTTP Request: POST https://api.stratz.com/graphql "HTTP/1.1 200 OK"
2026-02-23 14:03:30,997 - root - INFO - Processing 5344617985 (1642/4058)
2026-02-23 14:03:31,443 - httpx - INFO - HTTP Request: POST https://api.stratz.com/graphql "HTTP/1.1 200 OK"
2026-02-23 14:03:31,444 - root - INFO - Processing 5344398255 (1643/4058)
2026-02-23 14:03:31,872 - httpx - INFO - HTTP Request: POST https://api.stratz.com/graphql "HTTP/1.1 200 OK"
2026-02-23 14:03:31,873 - root - INFO - Processing 5344259298 (1644/4058)
2026-02-23 14:03:32,307 - httpx - INFO - HTTP Request: POST https://api.stratz.com/graphql "HTTP/1.1 200 OK"
2026-02-23 14:03:32,309 - root - INFO - Processing 5344079738 (1645/4058)
2026-02-23 14:03:32,728 - httpx - INFO - HTTP Request: POST https://api.stratz.com/graphql "HTTP/1.1 200 OK"
2026-02-23 14:03:32,729 - root - INFO - Processing 5343945840 (1646/4058)
2026-02-23 14:03:33,157 - httpx - INFO - HTTP Request: POST https://api.stratz.com/graphql "HTTP/1.1 200 OK"
2026-02-23 14:03:33,159 - root - INFO - Processing 5343874735 (1647/4058)
2026-02-23 14:03:33,578 - httpx - INFO - HTTP Request: POST https://api.stratz.com/graphql "HTTP/1.1 200 OK"
2026-02-23 14:03:33,579 - root - INFO - Processing 5343778616 (1648/4058)
2026-02-23 14:03:34,008 - httpx - INFO - HTTP Request: POST https://api.stratz.com/graphql "HTTP/1.1 200 OK"
2026-02-23 14:03:34,009 - root - INFO - Processing 5342890570 (1649/4058)
2026-02-23 14:03:34,447 - httpx - INFO - HTTP Request: POST https://api.stratz.com/graphql "HTTP/1.1 200 OK"
2026-02-23 14:03:34,448 - root - INFO - Processing 5342795688 (1650/4058)
2026-02-23 14:03:34,869 - httpx - INFO - HTTP Request: POST https://api.stratz.com/graphql "HTTP/1.1 200 OK"
2026-02-23 14:03:34,870 - root - INFO - Processing 5342679232 (1651/4058)
2026-02-23 14:03:35,304 - httpx - INFO - HTTP Request: POST https://api.stratz.com/graphql "HTTP/1.1 200 OK"
2026-02-23 14:03:35,305 - root - INFO - Processing 5342526644 (1652/4058)
2026-02-23 14:03:35,722 - httpx - INFO - HTTP Request: POST https://api.stratz.com/graphql "HTTP/1.1 200 OK"
2026-02-23 14:03:35,723 - root - INFO - Processing 5342351344 (1653/4058)
2026-02-23 14:03:36,157 - httpx - INFO - HTTP Request: POST https://api.stratz.com/graphql "HTTP/1.1 200 OK"
2026-02-23 14:03:36,158 - root - INFO - Processing 5342198357 (1654/4058)
2026-02-23 14:03:36,566 - httpx - INFO - HTTP Request: POST https://api.stratz.com/graphql "HTTP/1.1 200 OK"
2026-02-23 14:03:36,567 - root - INFO - Processing 5342000214 (1655/4058)
2026-02-23 14:03:37,022 - httpx - INFO - HTTP Request: POST https://api.stratz.com/graphql "HTTP/1.1 200 OK"
2026-02-23 14:03:37,023 - root - INFO - Processing 5341861879 (1656/4058)
2026-02-23 14:03:37,464 - httpx - INFO - HTTP Request: POST https://api.stratz.com/graphql "HTTP/1.1 200 OK"
2026-02-23 14:03:37,466 - root - INFO - Processing 5341774062 (1657/4058)
2026-02-23 14:03:37,924 - httpx - INFO - HTTP Request: POST https://api.stratz.com/graphql "HTTP/1.1 200 OK"
2026-02-23 14:03:37,925 - root - INFO - Processing 5341675670 (1658/4058)
2026-02-23 14:03:38,335 - httpx - INFO - HTTP Request: POST https://api.stratz.com/graphql "HTTP/1.1 200 OK"
2026-02-23 14:03:38,337 - root - INFO - Processing 5340879400 (1659/4058)
2026-02-23 14:03:38,778 - httpx - INFO - HTTP Request: POST https://api.stratz.com/graphql "HTTP/1.1 200 OK"
2026-02-23 14:03:38,779 - root - INFO - Processing 5340787520 (1660/4058)
2026-02-23 14:03:39,203 - httpx - INFO - HTTP Request: POST https://api.stratz.com/graphql "HTTP/1.1 200 OK"
2026-02-23 14:03:39,205 - root - INFO - Processing 5340682781 (1661/4058)
2026-02-23 14:03:39,625 - httpx - INFO - HTTP Request: POST https://api.stratz.com/graphql "HTTP/1.1 200 OK"
2026-02-23 14:03:39,626 - root - INFO - Processing 5340611024 (1662/4058)
2026-02-23 14:03:40,045 - httpx - INFO - HTTP Request: POST https://api.stratz.com/graphql "HTTP/1.1 200 OK"
2026-02-23 14:03:40,047 - root - INFO - Processing 5340491283 (1663/4058)
2026-02-23 14:03:40,481 - httpx - INFO - HTTP Request: POST https://api.stratz.com/graphql "HTTP/1.1 200 OK"
2026-02-23 14:03:40,482 - root - INFO - Processing 5340325523 (1664/4058)
2026-02-23 14:03:40,917 - httpx - INFO - HTTP Request: POST https://api.stratz.com/graphql "HTTP/1.1 200 OK"
2026-02-23 14:03:40,919 - root - INFO - Processing 5340174076 (1665/4058)
2026-02-23 14:03:41,332 - httpx - INFO - HTTP Request: POST https://api.stratz.com/graphql "HTTP/1.1 200 OK"
2026-02-23 14:03:41,333 - root - INFO - Processing 5340033433 (1666/4058)
2026-02-23 14:03:41,773 - httpx - INFO - HTTP Request: POST https://api.stratz.com/graphql "HTTP/1.1 200 OK"
2026-02-23 14:03:41,774 - root - INFO - Processing 5339890118 (1667/4058)
2026-02-23 14:03:42,191 - httpx - INFO - HTTP Request: POST https://api.stratz.com/graphql "HTTP/1.1 200 OK"
2026-02-23 14:03:42,192 - root - INFO - Processing 5339809147 (1668/4058)
2026-02-23 14:03:42,603 - httpx - INFO - HTTP Request: POST https://api.stratz.com/graphql "HTTP/1.1 200 OK"
2026-02-23 14:03:42,604 - root - INFO - Processing 5339732530 (1669/4058)
2026-02-23 14:03:43,038 - httpx - INFO - HTTP Request: POST https://api.stratz.com/graphql "HTTP/1.1 200 OK"
2026-02-23 14:03:43,040 - root - INFO - Processing 5339086575 (1670/4058)
2026-02-23 14:03:43,474 - httpx - INFO - HTTP Request: POST https://api.stratz.com/graphql "HTTP/1.1 200 OK"
2026-02-23 14:03:43,476 - root - INFO - Processing 5339010383 (1671/4058)
2026-02-23 14:03:43,894 - httpx - INFO - HTTP Request: POST https://api.stratz.com/graphql "HTTP/1.1 200 OK"
2026-02-23 14:03:43,896 - root - INFO - Processing 5338890874 (1672/4058)
2026-02-23 14:03:44,353 - httpx - INFO - HTTP Request: POST https://api.stratz.com/graphql "HTTP/1.1 200 OK"
2026-02-23 14:03:44,354 - root - INFO - Processing 5338796108 (1673/4058)
2026-02-23 14:03:44,771 - httpx - INFO - HTTP Request: POST https://api.stratz.com/graphql "HTTP/1.1 200 OK"
2026-02-23 14:03:44,772 - root - INFO - Processing 5338709100 (1674/4058)
2026-02-23 14:03:45,184 - httpx - INFO - HTTP Request: POST https://api.stratz.com/graphql "HTTP/1.1 200 OK"
2026-02-23 14:03:45,185 - root - INFO - Processing 5338549449 (1675/4058)
2026-02-23 14:03:45,623 - httpx - INFO - HTTP Request: POST https://api.stratz.com/graphql "HTTP/1.1 200 OK"
2026-02-23 14:03:45,624 - root - INFO - Processing 5338337197 (1676/4058)
2026-02-23 14:03:46,199 - httpx - INFO - HTTP Request: POST https://api.stratz.com/graphql "HTTP/1.1 200 OK"
2026-02-23 14:03:46,200 - root - INFO - Processing 5338177332 (1677/4058)
2026-02-23 14:03:46,866 - httpx - INFO - HTTP Request: POST https://api.stratz.com/graphql "HTTP/1.1 200 OK"
2026-02-23 14:03:46,867 - root - INFO - Processing 5338037487 (1678/4058)
2026-02-23 14:03:47,418 - httpx - INFO - HTTP Request: POST https://api.stratz.com/graphql "HTTP/1.1 200 OK"
2026-02-23 14:03:47,419 - root - INFO - Processing 5337846591 (1679/4058)
2026-02-23 14:03:48,011 - httpx - INFO - HTTP Request: POST https://api.stratz.com/graphql "HTTP/1.1 200 OK"
2026-02-23 14:03:48,012 - root - INFO - Processing 5337727789 (1680/4058)
2026-02-23 14:03:48,917 - httpx - INFO - HTTP Request: POST https://api.stratz.com/graphql "HTTP/1.1 200 OK"
2026-02-23 14:03:48,919 - root - INFO - Processing 5336875395 (1681/4058)
2026-02-23 14:03:49,379 - httpx - INFO - HTTP Request: POST https://api.stratz.com/graphql "HTTP/1.1 200 OK"
2026-02-23 14:03:49,386 - root - INFO - Processing 5336759838 (1682/4058)
2026-02-23 14:03:49,865 - httpx - INFO - HTTP Request: POST https://api.stratz.com/graphql "HTTP/1.1 200 OK"
2026-02-23 14:03:49,866 - root - INFO - Processing 5336641830 (1683/4058)
2026-02-23 14:03:50,316 - httpx - INFO - HTTP Request: POST https://api.stratz.com/graphql "HTTP/1.1 200 OK"
2026-02-23 14:03:50,317 - root - INFO - Processing 5336486461 (1684/4058)
2026-02-23 14:03:50,858 - httpx - INFO - HTTP Request: POST https://api.stratz.com/graphql "HTTP/1.1 200 OK"
2026-02-23 14:03:50,861 - root - INFO - Processing 5336326109 (1685/4058)
2026-02-23 14:03:51,342 - httpx - INFO - HTTP Request: POST https://api.stratz.com/graphql "HTTP/1.1 200 OK"
2026-02-23 14:03:51,344 - root - INFO - Processing 5336232326 (1686/4058)
2026-02-23 14:03:51,813 - httpx - INFO - HTTP Request: POST https://api.stratz.com/graphql "HTTP/1.1 200 OK"
2026-02-23 14:03:51,814 - root - INFO - Processing 5336164839 (1687/4058)
2026-02-23 14:03:52,293 - httpx - INFO - HTTP Request: POST https://api.stratz.com/graphql "HTTP/1.1 200 OK"
2026-02-23 14:03:52,294 - root - INFO - Processing 5336029801 (1688/4058)
2026-02-23 14:03:52,784 - httpx - INFO - HTTP Request: POST https://api.stratz.com/graphql "HTTP/1.1 200 OK"
2026-02-23 14:03:52,785 - root - INFO - Processing 5335808067 (1689/4058)
2026-02-23 14:03:53,224 - httpx - INFO - HTTP Request: POST https://api.stratz.com/graphql "HTTP/1.1 200 OK"
2026-02-23 14:03:53,225 - root - INFO - Processing 5335701853 (1690/4058)
2026-02-23 14:03:53,685 - httpx - INFO - HTTP Request: POST https://api.stratz.com/graphql "HTTP/1.1 200 OK"
2026-02-23 14:03:53,686 - root - INFO - Processing 5335659941 (1691/4058)
2026-02-23 14:03:54,200 - httpx - INFO - HTTP Request: POST https://api.stratz.com/graphql "HTTP/1.1 200 OK"
2026-02-23 14:03:54,201 - root - INFO - Processing 5335604240 (1692/4058)
2026-02-23 14:03:54,666 - httpx - INFO - HTTP Request: POST https://api.stratz.com/graphql "HTTP/1.1 200 OK"
2026-02-23 14:03:54,681 - root - INFO - Processing 5335563278 (1693/4058)
2026-02-23 14:03:55,221 - httpx - INFO - HTTP Request: POST https://api.stratz.com/graphql "HTTP/1.1 200 OK"
2026-02-23 14:03:55,222 - root - INFO - Processing 5335458276 (1694/4058)
2026-02-23 14:03:55,757 - httpx - INFO - HTTP Request: POST https://api.stratz.com/graphql "HTTP/1.1 200 OK"
2026-02-23 14:03:55,758 - root - INFO - Processing 5335436611 (1695/4058)
2026-02-23 14:03:56,265 - httpx - INFO - HTTP Request: POST https://api.stratz.com/graphql "HTTP/1.1 200 OK"
2026-02-23 14:03:56,267 - root - INFO - Processing 5335364592 (1696/4058)
2026-02-23 14:03:56,761 - httpx - INFO - HTTP Request: POST https://api.stratz.com/graphql "HTTP/1.1 200 OK"
2026-02-23 14:03:56,762 - root - INFO - Processing 5335225706 (1697/4058)
2026-02-23 14:03:57,327 - httpx - INFO - HTTP Request: POST https://api.stratz.com/graphql "HTTP/1.1 200 OK"
2026-02-23 14:03:57,328 - root - INFO - Processing 5335160285 (1698/4058)
2026-02-23 14:03:57,819 - httpx - INFO - HTTP Request: POST https://api.stratz.com/graphql "HTTP/1.1 200 OK"
2026-02-23 14:03:57,820 - root - INFO - Processing 5335070340 (1699/4058)
2026-02-23 14:03:58,365 - httpx - INFO - HTTP Request: POST https://api.stratz.com/graphql "HTTP/1.1 200 OK"
2026-02-23 14:03:58,368 - root - INFO - Processing 5334428840 (1700/4058)
2026-02-23 14:03:58,936 - httpx - INFO - HTTP Request: POST https://api.stratz.com/graphql "HTTP/1.1 200 OK"
2026-02-23 14:03:58,937 - root - INFO - Processing 5334321470 (1701/4058)
2026-02-23 14:03:59,409 - httpx - INFO - HTTP Request: POST https://api.stratz.com/graphql "HTTP/1.1 200 OK"
2026-02-23 14:03:59,410 - root - INFO - Processing 5334214753 (1702/4058)
2026-02-23 14:03:59,903 - httpx - INFO - HTTP Request: POST https://api.stratz.com/graphql "HTTP/1.1 200 OK"
2026-02-23 14:03:59,904 - root - INFO - Processing 5334102819 (1703/4058)
2026-02-23 14:04:00,444 - httpx - INFO - HTTP Request: POST https://api.stratz.com/graphql "HTTP/1.1 200 OK"
2026-02-23 14:04:00,445 - root - INFO - Processing 5333955186 (1704/4058)
2026-02-23 14:04:00,897 - httpx - INFO - HTTP Request: POST https://api.stratz.com/graphql "HTTP/1.1 200 OK"
2026-02-23 14:04:00,898 - root - INFO - Processing 5333812210 (1705/4058)
2026-02-23 14:04:01,373 - httpx - INFO - HTTP Request: POST https://api.stratz.com/graphql "HTTP/1.1 200 OK"
2026-02-23 14:04:01,374 - root - INFO - Processing 5333657942 (1706/4058)
2026-02-23 14:04:01,895 - httpx - INFO - HTTP Request: POST https://api.stratz.com/graphql "HTTP/1.1 200 OK"
2026-02-23 14:04:01,897 - root - INFO - Processing 5333524810 (1707/4058)
2026-02-23 14:04:02,457 - httpx - INFO - HTTP Request: POST https://api.stratz.com/graphql "HTTP/1.1 200 OK"
2026-02-23 14:04:02,457 - root - INFO - Processing 5333332431 (1708/4058)
2026-02-23 14:04:02,957 - httpx - INFO - HTTP Request: POST https://api.stratz.com/graphql "HTTP/1.1 200 OK"
2026-02-23 14:04:02,958 - root - INFO - Processing 5333250856 (1709/4058)
2026-02-23 14:04:03,460 - httpx - INFO - HTTP Request: POST https://api.stratz.com/graphql "HTTP/1.1 200 OK"
2026-02-23 14:04:03,461 - root - INFO - Processing 5332590850 (1710/4058)
2026-02-23 14:04:03,987 - httpx - INFO - HTTP Request: POST https://api.stratz.com/graphql "HTTP/1.1 200 OK"
2026-02-23 14:04:03,989 - root - INFO - Processing 5332488968 (1711/4058)
2026-02-23 14:04:04,453 - httpx - INFO - HTTP Request: POST https://api.stratz.com/graphql "HTTP/1.1 200 OK"
2026-02-23 14:04:04,454 - root - INFO - Processing 5332282182 (1712/4058)
2026-02-23 14:04:04,972 - httpx - INFO - HTTP Request: POST https://api.stratz.com/graphql "HTTP/1.1 200 OK"
2026-02-23 14:04:04,973 - root - INFO - Processing 5332258082 (1713/4058)
2026-02-23 14:04:05,503 - httpx - INFO - HTTP Request: POST https://api.stratz.com/graphql "HTTP/1.1 200 OK"
2026-02-23 14:04:05,504 - root - INFO - Processing 5332125712 (1714/4058)
2026-02-23 14:04:05,966 - httpx - INFO - HTTP Request: POST https://api.stratz.com/graphql "HTTP/1.1 200 OK"
2026-02-23 14:04:05,969 - root - INFO - Processing 5332121294 (1715/4058)
2026-02-23 14:04:06,496 - httpx - INFO - HTTP Request: POST https://api.stratz.com/graphql "HTTP/1.1 200 OK"
2026-02-23 14:04:06,498 - root - INFO - Processing 5332021171 (1716/4058)
2026-02-23 14:04:07,046 - httpx - INFO - HTTP Request: POST https://api.stratz.com/graphql "HTTP/1.1 200 OK"
2026-02-23 14:04:07,047 - root - INFO - Processing 5331972819 (1717/4058)
2026-02-23 14:04:07,534 - httpx - INFO - HTTP Request: POST https://api.stratz.com/graphql "HTTP/1.1 200 OK"
2026-02-23 14:04:07,534 - root - INFO - Processing 5331856026 (1718/4058)
2026-02-23 14:04:08,066 - httpx - INFO - HTTP Request: POST https://api.stratz.com/graphql "HTTP/1.1 200 OK"
2026-02-23 14:04:08,067 - root - INFO - Processing 5331803958 (1719/4058)
2026-02-23 14:04:08,580 - httpx - INFO - HTTP Request: POST https://api.stratz.com/graphql "HTTP/1.1 200 OK"
2026-02-23 14:04:08,581 - root - INFO - Processing 5331617919 (1720/4058)
2026-02-23 14:04:09,098 - httpx - INFO - HTTP Request: POST https://api.stratz.com/graphql "HTTP/1.1 200 OK"
2026-02-23 14:04:09,099 - root - INFO - Processing 5331590865 (1721/4058)
2026-02-23 14:04:09,611 - httpx - INFO - HTTP Request: POST https://api.stratz.com/graphql "HTTP/1.1 200 OK"
2026-02-23 14:04:09,612 - root - INFO - Processing 5331496009 (1722/4058)
2026-02-23 14:04:10,129 - httpx - INFO - HTTP Request: POST https://api.stratz.com/graphql "HTTP/1.1 200 OK"
2026-02-23 14:04:10,130 - root - INFO - Processing 5331489823 (1723/4058)
2026-02-23 14:04:10,673 - httpx - INFO - HTTP Request: POST https://api.stratz.com/graphql "HTTP/1.1 200 OK"
2026-02-23 14:04:10,674 - root - INFO - Processing 5331378358 (1724/4058)
2026-02-23 14:04:11,187 - httpx - INFO - HTTP Request: POST https://api.stratz.com/graphql "HTTP/1.1 200 OK"
2026-02-23 14:04:11,188 - root - INFO - Processing 5331371094 (1725/4058)
2026-02-23 14:04:11,628 - httpx - INFO - HTTP Request: POST https://api.stratz.com/graphql "HTTP/1.1 200 OK"
2026-02-23 14:04:11,629 - root - INFO - Processing 5330512608 (1726/4058)
2026-02-23 14:04:12,172 - httpx - INFO - HTTP Request: POST https://api.stratz.com/graphql "HTTP/1.1 200 OK"
2026-02-23 14:04:12,173 - root - INFO - Processing 5330456521 (1727/4058)
2026-02-23 14:04:12,701 - httpx - INFO - HTTP Request: POST https://api.stratz.com/graphql "HTTP/1.1 200 OK"
2026-02-23 14:04:12,702 - root - INFO - Processing 5330375241 (1728/4058)
2026-02-23 14:04:13,222 - httpx - INFO - HTTP Request: POST https://api.stratz.com/graphql "HTTP/1.1 200 OK"
2026-02-23 14:04:13,223 - root - INFO - Processing 5330292462 (1729/4058)
2026-02-23 14:04:13,677 - httpx - INFO - HTTP Request: POST https://api.stratz.com/graphql "HTTP/1.1 200 OK"
2026-02-23 14:04:13,678 - root - INFO - Processing 5330181103 (1730/4058)
2026-02-23 14:04:14,207 - httpx - INFO - HTTP Request: POST https://api.stratz.com/graphql "HTTP/1.1 200 OK"
2026-02-23 14:04:14,209 - root - INFO - Processing 5330051064 (1731/4058)
2026-02-23 14:04:14,674 - httpx - INFO - HTTP Request: POST https://api.stratz.com/graphql "HTTP/1.1 200 OK"
2026-02-23 14:04:14,674 - root - INFO - Processing 5330021492 (1732/4058)
2026-02-23 14:04:15,151 - httpx - INFO - HTTP Request: POST https://api.stratz.com/graphql "HTTP/1.1 200 OK"
2026-02-23 14:04:15,153 - root - INFO - Processing 5330001237 (1733/4058)
2026-02-23 14:04:15,748 - httpx - INFO - HTTP Request: POST https://api.stratz.com/graphql "HTTP/1.1 200 OK"
2026-02-23 14:04:15,749 - root - INFO - Processing 5329928897 (1734/4058)
2026-02-23 14:04:16,221 - httpx - INFO - HTTP Request: POST https://api.stratz.com/graphql "HTTP/1.1 200 OK"
2026-02-23 14:04:16,222 - root - INFO - Processing 5329908879 (1735/4058)
2026-02-23 14:04:16,685 - httpx - INFO - HTTP Request: POST https://api.stratz.com/graphql "HTTP/1.1 200 OK"
2026-02-23 14:04:16,686 - root - INFO - Processing 5329887858 (1736/4058)
2026-02-23 14:04:17,195 - httpx - INFO - HTTP Request: POST https://api.stratz.com/graphql "HTTP/1.1 200 OK"
2026-02-23 14:04:17,197 - root - INFO - Processing 5329807147 (1737/4058)
2026-02-23 14:04:17,663 - httpx - INFO - HTTP Request: POST https://api.stratz.com/graphql "HTTP/1.1 200 OK"
2026-02-23 14:04:17,664 - root - INFO - Processing 5329770691 (1738/4058)
2026-02-23 14:04:18,259 - httpx - INFO - HTTP Request: POST https://api.stratz.com/graphql "HTTP/1.1 200 OK"
2026-02-23 14:04:18,291 - root - INFO - Processing 5329633939 (1739/4058)
2026-02-23 14:04:18,784 - httpx - INFO - HTTP Request: POST https://api.stratz.com/graphql "HTTP/1.1 200 OK"
2026-02-23 14:04:18,785 - root - INFO - Processing 5329606676 (1740/4058)
2026-02-23 14:04:19,285 - httpx - INFO - HTTP Request: POST https://api.stratz.com/graphql "HTTP/1.1 200 OK"
2026-02-23 14:04:19,286 - root - INFO - Processing 5329511744 (1741/4058)
2026-02-23 14:04:19,764 - httpx - INFO - HTTP Request: POST https://api.stratz.com/graphql "HTTP/1.1 200 OK"
2026-02-23 14:04:19,765 - root - INFO - Processing 5329494695 (1742/4058)
2026-02-23 14:04:20,297 - httpx - INFO - HTTP Request: POST https://api.stratz.com/graphql "HTTP/1.1 200 OK"
2026-02-23 14:04:20,299 - root - INFO - Processing 5329479559 (1743/4058)
2026-02-23 14:04:20,801 - httpx - INFO - HTTP Request: POST https://api.stratz.com/graphql "HTTP/1.1 200 OK"
2026-02-23 14:04:20,803 - root - INFO - Processing 5329361227 (1744/4058)
2026-02-23 14:04:21,323 - httpx - INFO - HTTP Request: POST https://api.stratz.com/graphql "HTTP/1.1 200 OK"
2026-02-23 14:04:21,324 - root - INFO - Processing 5329355709 (1745/4058)
2026-02-23 14:04:21,867 - httpx - INFO - HTTP Request: POST https://api.stratz.com/graphql "HTTP/1.1 200 OK"
2026-02-23 14:04:21,868 - root - INFO - Processing 5329349946 (1746/4058)
2026-02-23 14:04:22,342 - httpx - INFO - HTTP Request: POST https://api.stratz.com/graphql "HTTP/1.1 200 OK"
2026-02-23 14:04:22,343 - root - INFO - Processing 5329184972 (1747/4058)
2026-02-23 14:04:22,847 - httpx - INFO - HTTP Request: POST https://api.stratz.com/graphql "HTTP/1.1 200 OK"
2026-02-23 14:04:22,848 - root - INFO - Processing 5329103354 (1748/4058)
2026-02-23 14:04:23,494 - httpx - INFO - HTTP Request: POST https://api.stratz.com/graphql "HTTP/1.1 200 OK"
2026-02-23 14:04:23,495 - root - INFO - Processing 5328996176 (1749/4058)
2026-02-23 14:04:24,370 - httpx - INFO - HTTP Request: POST https://api.stratz.com/graphql "HTTP/1.1 200 OK"
2026-02-23 14:04:24,371 - root - INFO - Processing 5328885378 (1750/4058)
2026-02-23 14:04:24,892 - httpx - INFO - HTTP Request: POST https://api.stratz.com/graphql "HTTP/1.1 200 OK"
2026-02-23 14:04:24,893 - root - INFO - Processing 5328812011 (1751/4058)
2026-02-23 14:04:25,447 - httpx - INFO - HTTP Request: POST https://api.stratz.com/graphql "HTTP/1.1 200 OK"
2026-02-23 14:04:25,448 - root - INFO - Processing 5328735382 (1752/4058)
2026-02-23 14:04:25,952 - httpx - INFO - HTTP Request: POST https://api.stratz.com/graphql "HTTP/1.1 200 OK"
2026-02-23 14:04:25,953 - root - INFO - Processing 5328146152 (1753/4058)
2026-02-23 14:04:26,458 - httpx - INFO - HTTP Request: POST https://api.stratz.com/graphql "HTTP/1.1 200 OK"
2026-02-23 14:04:26,459 - root - INFO - Processing 5328053787 (1754/4058)
2026-02-23 14:04:26,891 - httpx - INFO - HTTP Request: POST https://api.stratz.com/graphql "HTTP/1.1 200 OK"
2026-02-23 14:04:26,894 - root - INFO - Processing 5328019406 (1755/4058)
2026-02-23 14:04:27,428 - httpx - INFO - HTTP Request: POST https://api.stratz.com/graphql "HTTP/1.1 200 OK"
2026-02-23 14:04:27,429 - root - INFO - Processing 5327943075 (1756/4058)
2026-02-23 14:04:27,950 - httpx - INFO - HTTP Request: POST https://api.stratz.com/graphql "HTTP/1.1 200 OK"
2026-02-23 14:04:27,951 - root - INFO - Processing 5327907705 (1757/4058)
2026-02-23 14:04:28,423 - httpx - INFO - HTTP Request: POST https://api.stratz.com/graphql "HTTP/1.1 200 OK"
2026-02-23 14:04:28,424 - root - INFO - Processing 5327753116 (1758/4058)
2026-02-23 14:04:28,903 - httpx - INFO - HTTP Request: POST https://api.stratz.com/graphql "HTTP/1.1 200 OK"
2026-02-23 14:04:28,904 - root - INFO - Processing 5327656480 (1759/4058)
2026-02-23 14:04:29,361 - httpx - INFO - HTTP Request: POST https://api.stratz.com/graphql "HTTP/1.1 200 OK"
2026-02-23 14:04:29,362 - root - INFO - Processing 5327598071 (1760/4058)
2026-02-23 14:04:29,789 - httpx - INFO - HTTP Request: POST https://api.stratz.com/graphql "HTTP/1.1 200 OK"
2026-02-23 14:04:29,790 - root - INFO - Processing 5327562787 (1761/4058)
2026-02-23 14:04:30,352 - httpx - INFO - HTTP Request: POST https://api.stratz.com/graphql "HTTP/1.1 200 OK"
2026-02-23 14:04:30,353 - root - INFO - Processing 5327512693 (1762/4058)
2026-02-23 14:04:30,960 - httpx - INFO - HTTP Request: POST https://api.stratz.com/graphql "HTTP/1.1 200 OK"
2026-02-23 14:04:30,961 - root - INFO - Processing 5327412516 (1763/4058)
2026-02-23 14:04:31,528 - httpx - INFO - HTTP Request: POST https://api.stratz.com/graphql "HTTP/1.1 200 OK"
2026-02-23 14:04:31,529 - root - INFO - Processing 5327403277 (1764/4058)
2026-02-23 14:04:32,053 - httpx - INFO - HTTP Request: POST https://api.stratz.com/graphql "HTTP/1.1 200 OK"
2026-02-23 14:04:32,054 - root - INFO - Processing 5327295768 (1765/4058)
2026-02-23 14:04:32,595 - httpx - INFO - HTTP Request: POST https://api.stratz.com/graphql "HTTP/1.1 200 OK"
2026-02-23 14:04:32,596 - root - INFO - Processing 5327289604 (1766/4058)
2026-02-23 14:04:33,078 - httpx - INFO - HTTP Request: POST https://api.stratz.com/graphql "HTTP/1.1 200 OK"
2026-02-23 14:04:33,078 - root - INFO - Processing 5327208853 (1767/4058)
2026-02-23 14:04:33,571 - httpx - INFO - HTTP Request: POST https://api.stratz.com/graphql "HTTP/1.1 200 OK"
2026-02-23 14:04:33,572 - root - INFO - Processing 5327179526 (1768/4058)
2026-02-23 14:04:34,073 - httpx - INFO - HTTP Request: POST https://api.stratz.com/graphql "HTTP/1.1 200 OK"
2026-02-23 14:04:34,074 - root - INFO - Processing 5327179428 (1769/4058)
2026-02-23 14:04:34,543 - httpx - INFO - HTTP Request: POST https://api.stratz.com/graphql "HTTP/1.1 200 OK"
2026-02-23 14:04:34,544 - root - INFO - Processing 5327101371 (1770/4058)
2026-02-23 14:04:35,033 - httpx - INFO - HTTP Request: POST https://api.stratz.com/graphql "HTTP/1.1 200 OK"
2026-02-23 14:04:35,035 - root - INFO - Processing 5327066095 (1771/4058)
2026-02-23 14:04:35,643 - httpx - INFO - HTTP Request: POST https://api.stratz.com/graphql "HTTP/1.1 200 OK"
2026-02-23 14:04:35,644 - root - INFO - Processing 5326975281 (1772/4058)
2026-02-23 14:04:36,164 - httpx - INFO - HTTP Request: POST https://api.stratz.com/graphql "HTTP/1.1 200 OK"
2026-02-23 14:04:36,165 - root - INFO - Processing 5326872901 (1773/4058)
2026-02-23 14:04:37,203 - httpx - INFO - HTTP Request: POST https://api.stratz.com/graphql "HTTP/1.1 200 OK"
2026-02-23 14:04:37,204 - root - INFO - Processing 5326033555 (1774/4058)
2026-02-23 14:04:37,673 - httpx - INFO - HTTP Request: POST https://api.stratz.com/graphql "HTTP/1.1 200 OK"
2026-02-23 14:04:37,675 - root - INFO - Processing 5325908471 (1775/4058)
2026-02-23 14:04:38,151 - httpx - INFO - HTTP Request: POST https://api.stratz.com/graphql "HTTP/1.1 200 OK"
2026-02-23 14:04:38,152 - root - INFO - Processing 5325731400 (1776/4058)
2026-02-23 14:04:38,686 - httpx - INFO - HTTP Request: POST https://api.stratz.com/graphql "HTTP/1.1 200 OK"
2026-02-23 14:04:38,687 - root - INFO - Processing 5325668658 (1777/4058)
2026-02-23 14:04:39,227 - httpx - INFO - HTTP Request: POST https://api.stratz.com/graphql "HTTP/1.1 200 OK"
2026-02-23 14:04:39,228 - root - INFO - Processing 5325562649 (1778/4058)
2026-02-23 14:04:40,037 - httpx - INFO - HTTP Request: POST https://api.stratz.com/graphql "HTTP/1.1 200 OK"
2026-02-23 14:04:40,038 - root - INFO - Processing 5325525485 (1779/4058)
2026-02-23 14:04:40,482 - httpx - INFO - HTTP Request: POST https://api.stratz.com/graphql "HTTP/1.1 200 OK"
2026-02-23 14:04:40,483 - root - INFO - Processing 5325520915 (1780/4058)
2026-02-23 14:04:41,035 - httpx - INFO - HTTP Request: POST https://api.stratz.com/graphql "HTTP/1.1 200 OK"
2026-02-23 14:04:41,037 - root - INFO - Processing 5325384926 (1781/4058)
2026-02-23 14:04:41,513 - httpx - INFO - HTTP Request: POST https://api.stratz.com/graphql "HTTP/1.1 200 OK"
2026-02-23 14:04:41,515 - root - INFO - Processing 5325363851 (1782/4058)
2026-02-23 14:04:42,028 - httpx - INFO - HTTP Request: POST https://api.stratz.com/graphql "HTTP/1.1 200 OK"
2026-02-23 14:04:42,029 - root - INFO - Processing 5325344141 (1783/4058)
2026-02-23 14:04:42,517 - httpx - INFO - HTTP Request: POST https://api.stratz.com/graphql "HTTP/1.1 200 OK"
2026-02-23 14:04:42,518 - root - INFO - Processing 5325270010 (1784/4058)
2026-02-23 14:04:43,056 - httpx - INFO - HTTP Request: POST https://api.stratz.com/graphql "HTTP/1.1 200 OK"
2026-02-23 14:04:43,057 - root - INFO - Processing 5325174678 (1785/4058)
2026-02-23 14:04:43,521 - httpx - INFO - HTTP Request: POST https://api.stratz.com/graphql "HTTP/1.1 200 OK"
2026-02-23 14:04:43,522 - root - INFO - Processing 5324187904 (1786/4058)
2026-02-23 14:04:44,016 - httpx - INFO - HTTP Request: POST https://api.stratz.com/graphql "HTTP/1.1 200 OK"
2026-02-23 14:04:44,017 - root - INFO - Processing 5324082619 (1787/4058)
2026-02-23 14:04:44,464 - httpx - INFO - HTTP Request: POST https://api.stratz.com/graphql "HTTP/1.1 200 OK"
2026-02-23 14:04:44,466 - root - INFO - Processing 5323928389 (1788/4058)
2026-02-23 14:04:44,928 - httpx - INFO - HTTP Request: POST https://api.stratz.com/graphql "HTTP/1.1 200 OK"
2026-02-23 14:04:44,929 - root - INFO - Processing 5323715583 (1789/4058)
2026-02-23 14:04:45,451 - httpx - INFO - HTTP Request: POST https://api.stratz.com/graphql "HTTP/1.1 200 OK"
2026-02-23 14:04:45,452 - root - INFO - Processing 5323601277 (1790/4058)
2026-02-23 14:04:45,934 - httpx - INFO - HTTP Request: POST https://api.stratz.com/graphql "HTTP/1.1 200 OK"
2026-02-23 14:04:45,935 - root - INFO - Processing 5323496555 (1791/4058)
2026-02-23 14:04:46,438 - httpx - INFO - HTTP Request: POST https://api.stratz.com/graphql "HTTP/1.1 200 OK"
2026-02-23 14:04:46,439 - root - INFO - Processing 5323469227 (1792/4058)
2026-02-23 14:04:46,935 - httpx - INFO - HTTP Request: POST https://api.stratz.com/graphql "HTTP/1.1 200 OK"
2026-02-23 14:04:46,935 - root - INFO - Processing 5323448219 (1793/4058)
2026-02-23 14:04:47,446 - httpx - INFO - HTTP Request: POST https://api.stratz.com/graphql "HTTP/1.1 200 OK"
2026-02-23 14:04:47,447 - root - INFO - Processing 5323370748 (1794/4058)
2026-02-23 14:04:47,911 - httpx - INFO - HTTP Request: POST https://api.stratz.com/graphql "HTTP/1.1 200 OK"
2026-02-23 14:04:47,912 - root - INFO - Processing 5323365593 (1795/4058)
2026-02-23 14:04:48,411 - httpx - INFO - HTTP Request: POST https://api.stratz.com/graphql "HTTP/1.1 200 OK"
2026-02-23 14:04:48,412 - root - INFO - Processing 5323288326 (1796/4058)
2026-02-23 14:04:48,917 - httpx - INFO - HTTP Request: POST https://api.stratz.com/graphql "HTTP/1.1 200 OK"
2026-02-23 14:04:48,920 - root - INFO - Processing 5323212549 (1797/4058)
2026-02-23 14:04:49,408 - httpx - INFO - HTTP Request: POST https://api.stratz.com/graphql "HTTP/1.1 200 OK"
2026-02-23 14:04:49,409 - root - INFO - Processing 5323187929 (1798/4058)
2026-02-23 14:04:49,885 - httpx - INFO - HTTP Request: POST https://api.stratz.com/graphql "HTTP/1.1 200 OK"
2026-02-23 14:04:49,886 - root - INFO - Processing 5323177702 (1799/4058)
2026-02-23 14:04:50,377 - httpx - INFO - HTTP Request: POST https://api.stratz.com/graphql "HTTP/1.1 200 OK"
2026-02-23 14:04:50,378 - root - INFO - Processing 5323150636 (1800/4058)
2026-02-23 14:04:50,905 - httpx - INFO - HTTP Request: POST https://api.stratz.com/graphql "HTTP/1.1 200 OK"
2026-02-23 14:04:50,906 - root - INFO - Processing 5323081497 (1801/4058)
2026-02-23 14:04:51,461 - httpx - INFO - HTTP Request: POST https://api.stratz.com/graphql "HTTP/1.1 200 OK"
2026-02-23 14:04:51,462 - root - INFO - Processing 5323051771 (1802/4058)
2026-02-23 14:04:51,976 - httpx - INFO - HTTP Request: POST https://api.stratz.com/graphql "HTTP/1.1 200 OK"
2026-02-23 14:04:51,977 - root - INFO - Processing 5322103115 (1803/4058)
2026-02-23 14:04:52,465 - httpx - INFO - HTTP Request: POST https://api.stratz.com/graphql "HTTP/1.1 200 OK"
2026-02-23 14:04:52,466 - root - INFO - Processing 5321908721 (1804/4058)
2026-02-23 14:04:52,923 - httpx - INFO - HTTP Request: POST https://api.stratz.com/graphql "HTTP/1.1 200 OK"
2026-02-23 14:04:52,924 - root - INFO - Processing 5321857994 (1805/4058)
2026-02-23 14:04:53,380 - httpx - INFO - HTTP Request: POST https://api.stratz.com/graphql "HTTP/1.1 200 OK"
2026-02-23 14:04:53,381 - root - INFO - Processing 5321783299 (1806/4058)
2026-02-23 14:04:53,876 - httpx - INFO - HTTP Request: POST https://api.stratz.com/graphql "HTTP/1.1 200 OK"
2026-02-23 14:04:53,877 - root - INFO - Processing 5321726686 (1807/4058)
2026-02-23 14:04:54,379 - httpx - INFO - HTTP Request: POST https://api.stratz.com/graphql "HTTP/1.1 200 OK"
2026-02-23 14:04:54,380 - root - INFO - Processing 5321687525 (1808/4058)
2026-02-23 14:04:54,831 - httpx - INFO - HTTP Request: POST https://api.stratz.com/graphql "HTTP/1.1 200 OK"
2026-02-23 14:04:54,832 - root - INFO - Processing 5321619888 (1809/4058)
2026-02-23 14:04:55,364 - httpx - INFO - HTTP Request: POST https://api.stratz.com/graphql "HTTP/1.1 200 OK"
2026-02-23 14:04:55,365 - root - INFO - Processing 5321589899 (1810/4058)
2026-02-23 14:04:55,832 - httpx - INFO - HTTP Request: POST https://api.stratz.com/graphql "HTTP/1.1 200 OK"
2026-02-23 14:04:55,833 - root - INFO - Processing 5321495314 (1811/4058)
2026-02-23 14:04:56,310 - httpx - INFO - HTTP Request: POST https://api.stratz.com/graphql "HTTP/1.1 200 OK"
2026-02-23 14:04:56,312 - root - INFO - Processing 5321327214 (1812/4058)
2026-02-23 14:04:56,905 - httpx - INFO - HTTP Request: POST https://api.stratz.com/graphql "HTTP/1.1 200 OK"
2026-02-23 14:04:56,906 - root - INFO - Processing 5321202930 (1813/4058)
2026-02-23 14:04:57,414 - httpx - INFO - HTTP Request: POST https://api.stratz.com/graphql "HTTP/1.1 200 OK"
2026-02-23 14:04:57,415 - root - INFO - Processing 5321100364 (1814/4058)
2026-02-23 14:04:57,862 - httpx - INFO - HTTP Request: POST https://api.stratz.com/graphql "HTTP/1.1 200 OK"
2026-02-23 14:04:57,863 - root - INFO - Processing 5321093000 (1815/4058)
2026-02-23 14:04:58,393 - httpx - INFO - HTTP Request: POST https://api.stratz.com/graphql "HTTP/1.1 200 OK"
2026-02-23 14:04:58,394 - root - INFO - Processing 5320982536 (1816/4058)
2026-02-23 14:04:58,855 - httpx - INFO - HTTP Request: POST https://api.stratz.com/graphql "HTTP/1.1 200 OK"
2026-02-23 14:04:58,856 - root - INFO - Processing 5319914506 (1817/4058)
2026-02-23 14:04:59,354 - httpx - INFO - HTTP Request: POST https://api.stratz.com/graphql "HTTP/1.1 200 OK"
2026-02-23 14:04:59,356 - root - INFO - Processing 5319816216 (1818/4058)
2026-02-23 14:04:59,885 - httpx - INFO - HTTP Request: POST https://api.stratz.com/graphql "HTTP/1.1 200 OK"
2026-02-23 14:04:59,886 - root - INFO - Processing 5319700729 (1819/4058)
2026-02-23 14:05:00,405 - httpx - INFO - HTTP Request: POST https://api.stratz.com/graphql "HTTP/1.1 200 OK"
2026-02-23 14:05:00,406 - root - INFO - Processing 5319531687 (1820/4058)
2026-02-23 14:05:00,981 - httpx - INFO - HTTP Request: POST https://api.stratz.com/graphql "HTTP/1.1 200 OK"
2026-02-23 14:05:00,983 - root - INFO - Processing 5319383215 (1821/4058)
2026-02-23 14:05:01,510 - httpx - INFO - HTTP Request: POST https://api.stratz.com/graphql "HTTP/1.1 200 OK"
2026-02-23 14:05:01,511 - root - INFO - Processing 5319348689 (1822/4058)
2026-02-23 14:05:01,985 - httpx - INFO - HTTP Request: POST https://api.stratz.com/graphql "HTTP/1.1 200 OK"
2026-02-23 14:05:01,986 - root - INFO - Processing 5319205461 (1823/4058)
2026-02-23 14:05:02,430 - httpx - INFO - HTTP Request: POST https://api.stratz.com/graphql "HTTP/1.1 200 OK"
2026-02-23 14:05:02,431 - root - INFO - Processing 5319196368 (1824/4058)
2026-02-23 14:05:02,955 - httpx - INFO - HTTP Request: POST https://api.stratz.com/graphql "HTTP/1.1 200 OK"
2026-02-23 14:05:02,956 - root - INFO - Processing 5319183859 (1825/4058)
2026-02-23 14:05:03,395 - httpx - INFO - HTTP Request: POST https://api.stratz.com/graphql "HTTP/1.1 200 OK"
2026-02-23 14:05:03,396 - root - INFO - Processing 5319037356 (1826/4058)
2026-02-23 14:05:03,904 - httpx - INFO - HTTP Request: POST https://api.stratz.com/graphql "HTTP/1.1 200 OK"
2026-02-23 14:05:03,905 - root - INFO - Processing 5319027603 (1827/4058)
2026-02-23 14:05:04,400 - httpx - INFO - HTTP Request: POST https://api.stratz.com/graphql "HTTP/1.1 200 OK"
2026-02-23 14:05:04,401 - root - INFO - Processing 5318962607 (1828/4058)
2026-02-23 14:05:04,890 - httpx - INFO - HTTP Request: POST https://api.stratz.com/graphql "HTTP/1.1 200 OK"
2026-02-23 14:05:04,891 - root - INFO - Processing 5318902568 (1829/4058)
2026-02-23 14:05:05,380 - httpx - INFO - HTTP Request: POST https://api.stratz.com/graphql "HTTP/1.1 200 OK"
2026-02-23 14:05:05,381 - root - INFO - Processing 5318850700 (1830/4058)
2026-02-23 14:05:05,882 - httpx - INFO - HTTP Request: POST https://api.stratz.com/graphql "HTTP/1.1 200 OK"
2026-02-23 14:05:05,883 - root - INFO - Processing 5318829006 (1831/4058)
2026-02-23 14:05:06,399 - httpx - INFO - HTTP Request: POST https://api.stratz.com/graphql "HTTP/1.1 200 OK"
2026-02-23 14:05:06,400 - root - INFO - Processing 5318732790 (1832/4058)
2026-02-23 14:05:06,859 - httpx - INFO - HTTP Request: POST https://api.stratz.com/graphql "HTTP/1.1 200 OK"
2026-02-23 14:05:06,861 - root - INFO - Processing 5366448681 (1833/4058)
2026-02-23 14:05:07,300 - httpx - INFO - HTTP Request: POST https://api.stratz.com/graphql "HTTP/1.1 200 OK"
2026-02-23 14:05:07,301 - root - INFO - Processing 5366306949 (1834/4058)
2026-02-23 14:05:07,755 - httpx - INFO - HTTP Request: POST https://api.stratz.com/graphql "HTTP/1.1 200 OK"
2026-02-23 14:05:07,756 - root - INFO - Processing 5366144770 (1835/4058)
2026-02-23 14:05:08,205 - httpx - INFO - HTTP Request: POST https://api.stratz.com/graphql "HTTP/1.1 200 OK"
2026-02-23 14:05:08,206 - root - INFO - Processing 5365845524 (1836/4058)
2026-02-23 14:05:08,710 - httpx - INFO - HTTP Request: POST https://api.stratz.com/graphql "HTTP/1.1 200 OK"
2026-02-23 14:05:08,711 - root - INFO - Processing 5365677821 (1837/4058)
2026-02-23 14:05:09,166 - httpx - INFO - HTTP Request: POST https://api.stratz.com/graphql "HTTP/1.1 200 OK"
2026-02-23 14:05:09,167 - root - INFO - Processing 5363928023 (1838/4058)
2026-02-23 14:05:09,620 - httpx - INFO - HTTP Request: POST https://api.stratz.com/graphql "HTTP/1.1 200 OK"
2026-02-23 14:05:09,621 - root - INFO - Processing 5363768997 (1839/4058)
2026-02-23 14:05:10,156 - httpx - INFO - HTTP Request: POST https://api.stratz.com/graphql "HTTP/1.1 200 OK"
2026-02-23 14:05:10,158 - root - INFO - Processing 5363565740 (1840/4058)
2026-02-23 14:05:10,642 - httpx - INFO - HTTP Request: POST https://api.stratz.com/graphql "HTTP/1.1 200 OK"
2026-02-23 14:05:10,643 - root - INFO - Processing 5363423936 (1841/4058)
2026-02-23 14:05:11,115 - httpx - INFO - HTTP Request: POST https://api.stratz.com/graphql "HTTP/1.1 200 OK"
2026-02-23 14:05:11,116 - root - INFO - Processing 5363322436 (1842/4058)
2026-02-23 14:05:11,595 - httpx - INFO - HTTP Request: POST https://api.stratz.com/graphql "HTTP/1.1 200 OK"
2026-02-23 14:05:11,597 - root - INFO - Processing 5333564102 (1843/4058)
2026-02-23 14:05:12,318 - httpx - INFO - HTTP Request: POST https://api.stratz.com/graphql "HTTP/1.1 200 OK"
2026-02-23 14:05:12,319 - root - INFO - Processing 5333445855 (1844/4058)
2026-02-23 14:05:12,885 - httpx - INFO - HTTP Request: POST https://api.stratz.com/graphql "HTTP/1.1 200 OK"
2026-02-23 14:05:12,885 - root - INFO - Processing 5333337770 (1845/4058)
2026-02-23 14:05:13,338 - httpx - INFO - HTTP Request: POST https://api.stratz.com/graphql "HTTP/1.1 200 OK"
2026-02-23 14:05:13,340 - root - INFO - Processing 5333253700 (1846/4058)
2026-02-23 14:05:13,820 - httpx - INFO - HTTP Request: POST https://api.stratz.com/graphql "HTTP/1.1 200 OK"
2026-02-23 14:05:13,821 - root - INFO - Processing 5333172135 (1847/4058)
2026-02-23 14:05:14,389 - httpx - INFO - HTTP Request: POST https://api.stratz.com/graphql "HTTP/1.1 200 OK"
2026-02-23 14:05:14,390 - root - INFO - Processing 5333096468 (1848/4058)
2026-02-23 14:05:14,873 - httpx - INFO - HTTP Request: POST https://api.stratz.com/graphql "HTTP/1.1 200 OK"
2026-02-23 14:05:14,876 - root - INFO - Processing 5331625045 (1849/4058)
2026-02-23 14:05:15,341 - httpx - INFO - HTTP Request: POST https://api.stratz.com/graphql "HTTP/1.1 200 OK"
2026-02-23 14:05:15,347 - root - INFO - Processing 5331532048 (1850/4058)
2026-02-23 14:05:15,816 - httpx - INFO - HTTP Request: POST https://api.stratz.com/graphql "HTTP/1.1 200 OK"
2026-02-23 14:05:15,817 - root - INFO - Processing 5331369548 (1851/4058)
2026-02-23 14:05:16,297 - httpx - INFO - HTTP Request: POST https://api.stratz.com/graphql "HTTP/1.1 200 OK"
2026-02-23 14:05:16,298 - root - INFO - Processing 5331249501 (1852/4058)
2026-02-23 14:05:16,834 - httpx - INFO - HTTP Request: POST https://api.stratz.com/graphql "HTTP/1.1 200 OK"
2026-02-23 14:05:16,835 - root - INFO - Processing 5331169704 (1853/4058)
2026-02-23 14:05:17,324 - httpx - INFO - HTTP Request: POST https://api.stratz.com/graphql "HTTP/1.1 200 OK"
2026-02-23 14:05:17,345 - root - INFO - Processing 5285310104 (1854/4058)
2026-02-23 14:05:17,815 - httpx - INFO - HTTP Request: POST https://api.stratz.com/graphql "HTTP/1.1 200 OK"
2026-02-23 14:05:17,816 - root - INFO - Processing 5285176108 (1855/4058)
2026-02-23 14:05:18,340 - httpx - INFO - HTTP Request: POST https://api.stratz.com/graphql "HTTP/1.1 200 OK"
2026-02-23 14:05:18,341 - root - INFO - Processing 5285009230 (1856/4058)
2026-02-23 14:05:18,812 - httpx - INFO - HTTP Request: POST https://api.stratz.com/graphql "HTTP/1.1 200 OK"
2026-02-23 14:05:18,813 - root - INFO - Processing 5284886273 (1857/4058)
2026-02-23 14:05:19,329 - httpx - INFO - HTTP Request: POST https://api.stratz.com/graphql "HTTP/1.1 200 OK"
2026-02-23 14:05:19,331 - root - INFO - Processing 5284793706 (1858/4058)
2026-02-23 14:05:19,840 - httpx - INFO - HTTP Request: POST https://api.stratz.com/graphql "HTTP/1.1 200 OK"
2026-02-23 14:05:19,841 - root - INFO - Processing 5284734757 (1859/4058)
2026-02-23 14:05:20,321 - httpx - INFO - HTTP Request: POST https://api.stratz.com/graphql "HTTP/1.1 200 OK"
2026-02-23 14:05:20,322 - root - INFO - Processing 5284666108 (1860/4058)
2026-02-23 14:05:20,814 - httpx - INFO - HTTP Request: POST https://api.stratz.com/graphql "HTTP/1.1 200 OK"
2026-02-23 14:05:20,815 - root - INFO - Processing 5284590031 (1861/4058)
2026-02-23 14:05:21,372 - httpx - INFO - HTTP Request: POST https://api.stratz.com/graphql "HTTP/1.1 200 OK"
2026-02-23 14:05:21,373 - root - INFO - Processing 5283794685 (1862/4058)
2026-02-23 14:05:21,857 - httpx - INFO - HTTP Request: POST https://api.stratz.com/graphql "HTTP/1.1 200 OK"
2026-02-23 14:05:21,858 - root - INFO - Processing 5283693567 (1863/4058)
2026-02-23 14:05:22,307 - httpx - INFO - HTTP Request: POST https://api.stratz.com/graphql "HTTP/1.1 200 OK"
2026-02-23 14:05:22,310 - root - INFO - Processing 5283465839 (1864/4058)
2026-02-23 14:05:22,887 - httpx - INFO - HTTP Request: POST https://api.stratz.com/graphql "HTTP/1.1 200 OK"
2026-02-23 14:05:22,888 - root - INFO - Processing 5283287321 (1865/4058)
2026-02-23 14:05:23,356 - httpx - INFO - HTTP Request: POST https://api.stratz.com/graphql "HTTP/1.1 200 OK"
2026-02-23 14:05:23,357 - root - INFO - Processing 5283193476 (1866/4058)
2026-02-23 14:05:23,847 - httpx - INFO - HTTP Request: POST https://api.stratz.com/graphql "HTTP/1.1 200 OK"
2026-02-23 14:05:23,848 - root - INFO - Processing 5283164186 (1867/4058)
2026-02-23 14:05:24,379 - httpx - INFO - HTTP Request: POST https://api.stratz.com/graphql "HTTP/1.1 200 OK"
2026-02-23 14:05:24,380 - root - INFO - Processing 5283069096 (1868/4058)
2026-02-23 14:05:24,875 - httpx - INFO - HTTP Request: POST https://api.stratz.com/graphql "HTTP/1.1 200 OK"
2026-02-23 14:05:24,877 - root - INFO - Processing 5323941991 (1869/4058)
2026-02-23 14:05:25,399 - httpx - INFO - HTTP Request: POST https://api.stratz.com/graphql "HTTP/1.1 200 OK"
2026-02-23 14:05:25,400 - root - INFO - Processing 5285540288 (1870/4058)
2026-02-23 14:05:25,985 - httpx - INFO - HTTP Request: POST https://api.stratz.com/graphql "HTTP/1.1 200 OK"
2026-02-23 14:05:26,031 - root - INFO - Processing 5285491442 (1871/4058)
2026-02-23 14:05:26,475 - httpx - INFO - HTTP Request: POST https://api.stratz.com/graphql "HTTP/1.1 200 OK"
2026-02-23 14:05:26,476 - root - INFO - Processing 5278420546 (1872/4058)
2026-02-23 14:05:26,945 - httpx - INFO - HTTP Request: POST https://api.stratz.com/graphql "HTTP/1.1 200 OK"
2026-02-23 14:05:26,946 - root - INFO - Processing 5278358408 (1873/4058)
2026-02-23 14:05:27,472 - httpx - INFO - HTTP Request: POST https://api.stratz.com/graphql "HTTP/1.1 200 OK"
2026-02-23 14:05:27,473 - root - INFO - Processing 5268241673 (1874/4058)
2026-02-23 14:05:27,980 - httpx - INFO - HTTP Request: POST https://api.stratz.com/graphql "HTTP/1.1 200 OK"
2026-02-23 14:05:27,981 - root - INFO - Processing 5242823267 (1875/4058)
2026-02-23 14:05:28,457 - httpx - INFO - HTTP Request: POST https://api.stratz.com/graphql "HTTP/1.1 200 OK"
2026-02-23 14:05:28,459 - root - INFO - Processing 5242738334 (1876/4058)
2026-02-23 14:05:29,006 - httpx - INFO - HTTP Request: POST https://api.stratz.com/graphql "HTTP/1.1 200 OK"
2026-02-23 14:05:29,007 - root - INFO - Processing 5231527324 (1877/4058)
2026-02-23 14:05:29,823 - httpx - INFO - HTTP Request: POST https://api.stratz.com/graphql "HTTP/1.1 200 OK"
2026-02-23 14:05:29,824 - root - INFO - Processing 5231449144 (1878/4058)
2026-02-23 14:05:30,352 - httpx - INFO - HTTP Request: POST https://api.stratz.com/graphql "HTTP/1.1 200 OK"
2026-02-23 14:05:30,353 - root - INFO - Processing 5231387702 (1879/4058)
2026-02-23 14:05:30,835 - httpx - INFO - HTTP Request: POST https://api.stratz.com/graphql "HTTP/1.1 200 OK"
2026-02-23 14:05:30,836 - root - INFO - Processing 5228379554 (1880/4058)
2026-02-23 14:05:31,312 - httpx - INFO - HTTP Request: POST https://api.stratz.com/graphql "HTTP/1.1 200 OK"
2026-02-23 14:05:31,314 - root - INFO - Processing 5228338896 (1881/4058)
2026-02-23 14:05:31,811 - httpx - INFO - HTTP Request: POST https://api.stratz.com/graphql "HTTP/1.1 200 OK"
2026-02-23 14:05:31,812 - root - INFO - Processing 5223474986 (1882/4058)
2026-02-23 14:05:32,402 - httpx - INFO - HTTP Request: POST https://api.stratz.com/graphql "HTTP/1.1 200 OK"
2026-02-23 14:05:32,403 - root - INFO - Processing 4875235200 (1883/4058)
2026-02-23 14:05:32,927 - httpx - INFO - HTTP Request: POST https://api.stratz.com/graphql "HTTP/1.1 200 OK"
2026-02-23 14:05:32,928 - root - INFO - Processing 4866313987 (1884/4058)
2026-02-23 14:28:16,338 - httpx - INFO - HTTP Request: POST https://api.stratz.com/graphql "HTTP/1.1 400 Bad Request"
2026-02-23 14:28:16,338 - httpx - INFO - HTTP Request: POST https://api.stratz.com/graphql "HTTP/1.1 400 Bad Request"
2026-02-23 14:28:49,465 - httpx - INFO - HTTP Request: POST https://api.stratz.com/graphql "HTTP/1.1 200 OK"
2026-02-23 14:28:49,465 - httpx - INFO - HTTP Request: POST https://api.stratz.com/graphql "HTTP/1.1 200 OK"
2026-02-23 14:29:17,771 - httpx - INFO - HTTP Request: POST https://api.stratz.com/graphql "HTTP/1.1 200 OK"
2026-02-23 14:29:17,771 - httpx - INFO - HTTP Request: POST https://api.stratz.com/graphql "HTTP/1.1 200 OK"
2026-02-23 14:31:34,715 - httpx - INFO - HTTP Request: POST https://api.stratz.com/graphql "HTTP/1.1 200 OK"
2026-02-23 14:31:34,715 - httpx - INFO - HTTP Request: POST https://api.stratz.com/graphql "HTTP/1.1 200 OK"
2026-02-23 14:34:20,450 - httpx - INFO - HTTP Request: POST https://api.stratz.com/graphql "HTTP/1.1 400 Bad Request"
2026-02-23 14:34:20,450 - httpx - INFO - HTTP Request: POST https://api.stratz.com/graphql "HTTP/1.1 400 Bad Request"
2026-02-23 14:34:53,896 - httpx - INFO - HTTP Request: POST https://api.stratz.com/graphql "HTTP/1.1 200 OK"
2026-02-23 14:34:53,896 - httpx - INFO - HTTP Request: POST https://api.stratz.com/graphql "HTTP/1.1 200 OK"
2026-02-23 14:35:54,194 - httpx - INFO - HTTP Request: POST https://api.stratz.com/graphql "HTTP/1.1 200 OK"
2026-02-23 14:35:54,194 - httpx - INFO - HTTP Request: POST https://api.stratz.com/graphql "HTTP/1.1 200 OK"
2026-02-23 14:36:04,017 - httpx - INFO - HTTP Request: POST https://api.stratz.com/graphql "HTTP/1.1 200 OK"
2026-02-23 14:36:04,017 - httpx - INFO - HTTP Request: POST https://api.stratz.com/graphql "HTTP/1.1 200 OK"
2026-02-23 14:36:42,175 - httpx - INFO - HTTP Request: POST https://api.stratz.com/graphql "HTTP/1.1 200 OK"
2026-02-23 14:36:42,175 - httpx - INFO - HTTP Request: POST https://api.stratz.com/graphql "HTTP/1.1 200 OK"
2026-02-23 14:44:17,305 - httpx - INFO - HTTP Request: GET https://api.opendota.com/api/ "HTTP/1.1 200 OK"
2026-02-23 14:45:59,295 - httpx - INFO - HTTP Request: GET https://api.opendota.com/api/ "HTTP/1.1 200 OK"
2026-02-23 14:46:26,784 - httpx - INFO - HTTP Request: GET https://api.opendota.com/api/ "HTTP/1.1 200 OK"
2026-02-23 14:46:50,814 - httpx - INFO - HTTP Request: GET https://api.opendota.com/api/ "HTTP/1.1 200 OK"
2026-02-23 14:48:20,207 - httpx - INFO - HTTP Request: GET https://api.opendota.com/api/ "HTTP/1.1 200 OK"
2026-02-23 14:49:54,165 - httpx - INFO - HTTP Request: GET https://api.opendota.com/api/ "HTTP/1.1 200 OK"
2026-02-23 14:50:46,401 - httpx - INFO - HTTP Request: GET https://api.opendota.com/api/leagues "HTTP/1.1 200 OK"
2026-02-23 14:51:25,243 - httpx - INFO - HTTP Request: GET https://api.opendota.com/api/leagues "HTTP/1.1 200 OK"
2026-02-23 14:52:08,414 - httpx - INFO - HTTP Request: GET https://api.opendota.com/api/leagues "HTTP/1.1 200 OK"
2026-02-23 14:52:25,086 - httpx - INFO - HTTP Request: GET https://api.opendota.com/api/leagues "HTTP/1.1 200 OK"
2026-02-23 14:58:54,995 - httpx - INFO - HTTP Request: GET https://api.opendota.com/api/leagues "HTTP/1.1 200 OK"
2026-02-23 15:03:49,935 - httpx - INFO - HTTP Request: GET https://api.opendota.com/api/leagues "HTTP/1.1 200 OK"
2026-02-23 15:03:49,935 - httpx - INFO - HTTP Request: GET https://api.opendota.com/api/leagues "HTTP/1.1 200 OK"
2026-02-23 15:04:24,368 - httpx - INFO - HTTP Request: POST https://api.stratz.com/graphql "HTTP/1.1 400 Bad Request"
2026-02-23 15:04:24,368 - httpx - INFO - HTTP Request: POST https://api.stratz.com/graphql "HTTP/1.1 400 Bad Request"
2026-02-23 15:05:44,002 - httpx - INFO - HTTP Request: POST https://api.stratz.com/graphql "HTTP/1.1 200 OK"
2026-02-23 15:05:44,002 - httpx - INFO - HTTP Request: POST https://api.stratz.com/graphql "HTTP/1.1 200 OK"
2026-02-23 15:06:25,385 - httpx - INFO - HTTP Request: POST https://api.stratz.com/graphql "HTTP/1.1 200 OK"
2026-02-23 15:06:25,385 - httpx - INFO - HTTP Request: POST https://api.stratz.com/graphql "HTTP/1.1 200 OK"
2026-02-23 15:06:47,267 - httpx - INFO - HTTP Request: POST https://api.stratz.com/graphql "HTTP/1.1 400 Bad Request"
2026-02-23 15:06:47,267 - httpx - INFO - HTTP Request: POST https://api.stratz.com/graphql "HTTP/1.1 400 Bad Request"
2026-02-23 15:09:16,128 - httpx - INFO - HTTP Request: GET https://api.opendota.com/api/leagues "HTTP/1.1 200 OK"
2026-02-23 15:09:16,128 - httpx - INFO - HTTP Request: GET https://api.opendota.com/api/leagues "HTTP/1.1 200 OK"
